trip_id,vessel_id,vessel_type,dwt_tonnes,cargo_capacity_tonnes,engine_power_kw,sfoc_baseline_g_kwh,fuel_type,fuel_energy_density_relative,fuel_cost_per_tonne_usd,emission_factor_wtw_relative,distance_nm,speed_kn,cargo_load_tonnes,cargo_load_ratio,sea_state_douglas,wave_height_m,wind_speed_kn,weather_resistance_factor,voyage_duration_hr,physics_base_fuel_tonnes,engine_efficiency_degradation,auxiliary_power_kw,shore_power_available,fuel_consumed_tonnes,fuel_residual_tonnes,voyage_cost_usd,ghg_emissions_co2e_tonnes
TRIP-0001,VESSEL-004,Feeder Container,22000,18500,9800,180.0,HFO,1.0,620.0,1.0,2708.3,12.28,15850.8,0.8568,3,1.08,18.4,1.0776,220.55,183.705,1.032,867.4,0,243.97,60.265,167061.4,873.413
TRIP-0002,VESSEL-004,Feeder Container,22000,18500,9800,180.0,Methanol,0.5,950.0,0.35,1178.6,12.49,8661.4,0.4682,2,1.23,12.8,1.0442,94.36,151.491,1.032,863.1,1,190.482,38.991,192257.9,238.102
TRIP-0003,VESSEL-002,Panamax Bulk,75000,70000,12500,168.0,Ammonia,0.46,1100.0,0.15,2187.5,11.25,41169.5,0.5881,4,1.68,24.7,1.112,194.44,308.05,1.04,1109.2,0,449.068,141.018,517724.8,242.497
TRIP-0004,VESSEL-002,Panamax Bulk,75000,70000,12500,168.0,Ammonia,0.46,1100.0,0.15,1926.0,15.15,50129.6,0.7161,1,0.44,5.9,1.0089,127.13,507.701,1.04,1118.3,1,585.31,77.609,663091.0,316.067
TRIP-0005,VESSEL-003,Capesize Bulk,180000,170000,21000,162.0,LNG,1.15,780.0,0.78,3294.8,12.35,79637.1,0.4685,3,1.27,19.9,1.0798,266.79,351.96,1.048,1733.1,0,474.61,122.65,409695.8,1324.162
TRIP-0006,VESSEL-004,Feeder Container,22000,18500,9800,180.0,Methanol,0.5,950.0,0.35,2610.6,16.09,10401.7,0.5623,3,2.63,23.8,1.0857,162.25,569.257,1.032,908.7,1,716.197,146.94,691687.15,895.246
TRIP-0007,VESSEL-002,Panamax Bulk,75000,70000,12500,168.0,HFO,1.0,620.0,1.0,1021.4,11.19,49192.7,0.7028,4,1.38,32.8,1.1242,91.28,67.349,1.04,1127.2,1,100.244,32.895,81401.28,358.874
TRIP-0008,VESSEL-001,Handysize Bulk,35000,32000,7200,175.0,Methanol,0.5,950.0,0.35,928.7,9.41,18656.1,0.583,5,3.37,26.6,1.1399,98.69,50.292,1.064,632.4,0,87.229,36.937,100617.55,109.036
TRIP-0009,VESSEL-005,Neo-Panamax Green,110000,102000,16500,158.0,Ammonia,0.46,1100.0,0.15,2576.6,14.14,53914.1,0.5286,3,2.65,23.9,1.0858,182.22,700.352,1.016,1442.2,0,866.814,166.462,982495.4,468.08
TRIP-0010,VESSEL-002,Panamax Bulk,75000,70000,12500,168.0,LNG,1.15,780.0,0.78,3814.3,12.14,33678.2,0.4811,3,1.91,21.7,1.0826,314.19,243.474,1.04,1063.9,1,323.818,80.344,271828.04,903.452
TRIP-0011,VESSEL-003,Capesize Bulk,180000,170000,21000,162.0,HFO,1.0,620.0,1.0,1572.1,11.37,68006.3,0.4,2,1.72,16.9,1.0503,138.27,160.762,1.048,1793.3,0,226.763,66.001,180093.06,811.812
TRIP-0012,VESSEL-003,Capesize Bulk,180000,170000,21000,162.0,LNG,1.15,780.0,0.78,3855.3,10.73,98870.9,0.5816,2,1.38,8.0,1.037,359.3,320.074,1.048,1765.3,0,458.978,138.904,397502.84,1280.549
TRIP-0013,VESSEL-003,Capesize Bulk,180000,170000,21000,162.0,HFO,1.0,620.0,1.0,1496.8,12.91,136014.2,0.8001,2,0.8,10.4,1.0406,115.94,218.361,1.048,1785.8,0,273.893,55.532,209313.66,980.537
TRIP-0014,VESSEL-004,Feeder Container,22000,18500,9800,180.0,Methanol,0.5,950.0,0.35,1047.9,15.87,15040.1,0.813,7,3.22,53.4,1.2301,66.03,235.171,1.032,875.1,0,319.901,84.73,319705.95,399.876
TRIP-0015,VESSEL-001,Handysize Bulk,35000,32000,7200,175.0,HFO,1.0,620.0,1.0,2311.0,10.32,14213.8,0.4442,6,2.67,39.5,1.1843,223.93,72.68,1.064,702.2,0,124.658,51.978,95037.96,446.276
TRIP-0016,VESSEL-004,Feeder Container,22000,18500,9800,180.0,Methanol,0.5,950.0,0.35,834.1,15.43,12917.7,0.6983,4,1.97,19.2,1.1038,54.06,172.531,1.032,838.1,1,209.333,36.802,210166.35,261.666
TRIP-0017,VESSEL-003,Capesize Bulk,180000,170000,21000,162.0,Ammonia,0.46,1100.0,0.15,1790.1,14.27,148949.9,0.8762,1,0.86,7.2,1.0108,125.44,706.316,1.048,1781.8,1,853.118,146.802,973429.8,460.684
TRIP-0018,VESSEL-002,Panamax Bulk,75000,70000,12500,168.0,Methanol,0.5,950.0,0.35,1345.6,12.75,56158.2,0.8023,2,1.78,13.7,1.0455,105.54,235.975,1.04,1076.1,1,307.854,71.879,311711.3,384.817
TRIP-0019,VESSEL-004,Feeder Container,22000,18500,9800,180.0,HFO,1.0,620.0,1.0,1754.4,17.3,14088.0,0.7615,2,1.47,17.9,1.0518,101.41,231.309,1.032,922.7,0,273.493,42.184,185365.66,979.105
TRIP-0020,VESSEL-004,Feeder Container,22000,18500,9800,180.0,Methanol,0.5,950.0,0.35,1877.4,15.68,13457.8,0.7274,5,4.42,25.7,1.1386,119.73,403.612,1.032,864.5,1,530.265,126.653,515051.75,662.831
TRIP-0021,VESSEL-003,Capesize Bulk,180000,170000,21000,162.0,HFO,1.0,620.0,1.0,1377.8,11.35,138195.8,0.8129,2,1.5,15.1,1.0476,121.39,155.838,1.048,1814.9,0,218.461,62.623,174945.82,782.09
TRIP-0022,VESSEL-003,Capesize Bulk,180000,170000,21000,162.0,LNG,1.15,780.0,0.78,4100.1,11.59,86460.9,0.5086,3,2.51,20.8,1.0812,353.76,389.781,1.048,1809.5,1,576.292,186.511,484507.76,1607.855
TRIP-0023,VESSEL-004,Feeder Container,22000,18500,9800,180.0,Hydrogen,2.98,2800.0,0.08,3173.1,14.45,8822.8,0.4769,2,0.63,15.1,1.0476,219.59,91.786,1.032,851.7,0,110.852,19.066,326185.6,32.147
TRIP-0024,VESSEL-005,Neo-Panamax Green,110000,102000,16500,158.0,LNG,1.15,780.0,0.78,4127.2,13.87,73643.0,0.722,1,0.48,5.5,1.0083,297.56,452.93,1.016,1396.8,1,543.992,91.062,448813.76,1517.738
TRIP-0025,VESSEL-002,Panamax Bulk,75000,70000,12500,168.0,HFO,1.0,620.0,1.0,3941.1,11.87,62911.7,0.8987,1,0.43,9.4,1.0141,332.02,306.394,1.04,1085.9,0,385.033,78.639,262470.46,1378.418
TRIP-0026,VESSEL-001,Handysize Bulk,35000,32000,7200,175.0,HFO,1.0,620.0,1.0,1586.3,12.86,18677.4,0.5837,4,3.14,30.7,1.121,123.35,80.234,1.064,717.3,1,110.057,29.823,81485.34,394.004
TRIP-0027,VESSEL-001,Handysize Bulk,35000,32000,7200,175.0,HFO,1.0,620.0,1.0,1968.1,10.07,12675.6,0.3961,1,0.83,4.2,1.0063,195.44,58.209,1.064,683.9,0,92.564,34.355,75139.68,331.379
TRIP-0028,VESSEL-002,Panamax Bulk,75000,70000,12500,168.0,Methanol,0.5,950.0,0.35,3683.5,15.39,62671.5,0.8953,2,0.65,11.3,1.0419,239.34,962.004,1.04,1103.7,0,1126.125,164.121,1093568.75,1407.656
TRIP-0029,VESSEL-005,Neo-Panamax Green,110000,102000,16500,158.0,Hydrogen,2.98,2800.0,0.08,815.8,11.51,76997.6,0.7549,1,0.62,8.3,1.0125,70.88,23.983,1.016,1433.7,1,29.734,5.751,107755.2,8.623
TRIP-0030,VESSEL-003,Capesize Bulk,180000,170000,21000,162.0,LNG,1.15,780.0,0.78,4061.8,10.47,62301.3,0.3665,4,2.87,23.0,1.1095,387.95,303.523,1.048,1747.3,0,470.049,166.526,406138.22,1311.437
TRIP-0031,VESSEL-002,Panamax Bulk,75000,70000,12500,168.0,Ammonia,0.46,1100.0,0.15,2942.7,12.8,57014.1,0.8145,2,1.75,16.1,1.0491,229.9,566.975,1.04,1105.4,0,702.274,135.299,796251.4,379.228
TRIP-0032,VESSEL-003,Capesize Bulk,180000,170000,21000,162.0,HFO,1.0,620.0,1.0,839.7,10.72,97277.7,0.5722,1,0.49,11.8,1.0177,78.33,79.831,1.048,1747.5,0,116.991,37.16,112034.42,418.828
TRIP-0033,VESSEL-002,Panamax Bulk,75000,70000,12500,168.0,Ammonia,0.46,1100.0,0.15,2219.3,14.34,40256.8,0.5751,3,0.99,25.3,1.0879,154.76,506.127,1.04,1138.7,1,647.398,141.271,731387.8,349.595
TRIP-0034,VESSEL-005,Neo-Panamax Green,110000,102000,16500,158.0,Hydrogen,2.98,2800.0,0.08,3993.7,14.31,98280.0,0.9635,5,3.41,36.0,1.154,279.08,190.546,1.016,1437.7,1,254.382,63.836,736769.6,73.771
TRIP-0035,VESSEL-001,Handysize Bulk,35000,32000,7200,175.0,HFO,1.0,620.0,1.0,2816.0,13.46,28269.3,0.8834,4,2.76,19.5,1.1042,209.21,167.588,1.064,653.4,0,220.513,52.925,154468.06,789.437
TRIP-0036,VESSEL-002,Panamax Bulk,75000,70000,12500,168.0,Methanol,0.5,950.0,0.35,1926.0,11.52,54335.4,0.7762,4,2.02,20.4,1.1056,167.19,274.02,1.04,1099.6,1,374.519,100.499,375043.05,468.149
TRIP-0037,VESSEL-002,Panamax Bulk,75000,70000,12500,168.0,HFO,1.0,620.0,1.0,2046.4,15.12,26283.0,0.3755,6,3.77,33.7,1.1756,135.34,226.66,1.04,1106.9,0,318.655,91.995,221316.1,1140.785
TRIP-0038,VESSEL-001,Handysize Bulk,35000,32000,7200,175.0,Methanol,0.5,950.0,0.35,2578.9,12.19,29236.0,0.9136,2,1.42,16.1,1.0491,211.56,253.518,1.064,649.8,0,341.06,87.542,341757.0,426.325
TRIP-0039,VESSEL-001,Handysize Bulk,35000,32000,7200,175.0,LNG,1.15,780.0,0.78,1601.3,11.73,19304.1,0.6033,1,0.33,11.7,1.0175,136.51,58.878,1.064,710.7,1,80.983,22.105,76416.74,225.943
TRIP-0040,VESSEL-004,Feeder Container,22000,18500,9800,180.0,Hydrogen,2.98,2800.0,0.08,839.3,14.45,7476.5,0.4041,3,1.9,15.0,1.0725,58.08,23.86,1.032,928.6,1,29.845,5.985,94866.0,8.655
TRIP-0041,VESSEL-005,Neo-Panamax Green,110000,102000,16500,158.0,LNG,1.15,780.0,0.78,2533.3,13.46,39516.1,0.3874,3,2.5,16.9,1.0754,188.21,240.647,1.016,1381.7,1,310.185,69.538,266444.3,865.416
TRIP-0042,VESSEL-005,Neo-Panamax Green,110000,102000,16500,158.0,Methanol,0.5,950.0,0.35,769.2,10.59,82174.3,0.8056,4,2.89,17.4,1.1011,72.63,115.465,1.016,1378.5,1,165.849,50.384,182056.55,207.311
TRIP-0043,VESSEL-005,Neo-Panamax Green,110000,102000,16500,158.0,LNG,1.15,780.0,0.78,3858.5,16.16,51392.2,0.5038,3,1.53,21.9,1.0829,238.77,544.508,1.016,1418.2,0,680.733,136.225,559971.74,1899.245
TRIP-0044,VESSEL-003,Capesize Bulk,180000,170000,21000,162.0,Ammonia,0.46,1100.0,0.15,1999.2,12.61,87531.9,0.5149,3,2.23,22.7,1.084,158.54,563.369,1.048,1812.3,1,745.083,181.714,854591.3,402.345
TRIP-0045,VESSEL-003,Capesize Bulk,180000,170000,21000,162.0,HFO,1.0,620.0,1.0,2267.5,11.43,103724.6,0.6101,1,0.62,7.5,1.0112,198.38,247.44,1.048,1810.2,0,332.639,85.199,245736.18,1190.848
TRIP-0046,VESSEL-005,Neo-Panamax Green,110000,102000,16500,158.0,Ammonia,0.46,1100.0,0.15,3073.0,16.43,52473.2,0.5144,1,0.4,5.7,1.0086,187.04,1123.727,1.016,1399.4,1,1274.712,150.985,1426683.2,688.344
TRIP-0047,VESSEL-003,Capesize Bulk,180000,170000,21000,162.0,Ammonia,0.46,1100.0,0.15,4016.5,10.27,90546.4,0.5326,5,2.87,32.4,1.1486,391.09,754.195,1.048,1757.7,0,1194.533,440.338,1353486.3,645.048
TRIP-0048,VESSEL-002,Panamax Bulk,75000,70000,12500,168.0,Ammonia,0.46,1100.0,0.15,4149.0,9.97,68835.0,0.9834,4,2.49,21.3,1.1069,416.15,504.453,1.04,1131.4,1,753.894,249.441,848533.4,407.103
TRIP-0049,VESSEL-005,Neo-Panamax Green,110000,102000,16500,158.0,LNG,1.15,780.0,0.78,4014.3,16.38,90234.2,0.8846,4,2.67,23.1,1.1097,245.07,638.568,1.016,1463.3,1,779.295,140.727,632350.1,2174.233
TRIP-0050,VESSEL-001,Handysize Bulk,35000,32000,7200,175.0,Methanol,0.5,950.0,0.35,4088.7,12.27,19122.5,0.5976,4,3.21,24.0,1.111,333.23,377.828,1.064,667.5,0,529.615,151.787,520884.25,662.019
TRIP-0051,VESSEL-004,Feeder Container,22000,18500,9800,180.0,HFO,1.0,620.0,1.0,3878.7,14.74,15492.7,0.8374,3,2.21,22.6,1.0839,263.14,377.464,1.032,871.8,0,458.325,80.861,299961.5,1640.803
TRIP-0052,VESSEL-005,Neo-Panamax Green,110000,102000,16500,158.0,LNG,1.15,780.0,0.78,3300.9,11.45,93926.0,0.9208,1,0.46,4.2,1.0063,288.29,258.739,1.016,1419.8,1,328.521,69.782,280746.38,916.574
TRIP-0053,VESSEL-003,Capesize Bulk,180000,170000,21000,162.0,Ammonia,0.46,1100.0,0.15,4081.5,11.85,149710.6,0.8807,1,0.78,8.7,1.0131,344.43,1111.748,1.048,1778.0,1,1490.202,378.454,1674222.2,804.709
TRIP-0054,VESSEL-003,Capesize Bulk,180000,170000,21000,162.0,Ammonia,0.46,1100.0,0.15,4127.7,15.42,127707.6,0.7512,3,2.05,19.8,1.0797,267.68,1845.588,1.048,1739.1,1,2263.391,417.803,2524730.1,1222.231
TRIP-0055,VESSEL-001,Handysize Bulk,35000,32000,7200,175.0,LNG,1.15,780.0,0.78,1602.4,11.48,30137.8,0.9418,3,2.16,23.2,1.0848,139.58,61.132,1.064,671.9,0,87.46,26.328,85968.8,244.013
TRIP-0056,VESSEL-005,Neo-Panamax Green,110000,102000,16500,158.0,Methanol,0.5,950.0,0.35,1273.8,14.35,58733.5,0.5758,3,1.51,19.5,1.0793,88.77,332.012,1.016,1416.0,1,419.133,87.121,422676.35,523.916
TRIP-0057,VESSEL-003,Capesize Bulk,180000,170000,21000,162.0,LNG,1.15,780.0,0.78,3077.1,14.19,79397.4,0.467,3,2.47,19.2,1.0788,216.85,433.78,1.048,1827.3,1,538.577,104.797,455090.06,1502.63
TRIP-0058,VESSEL-002,Panamax Bulk,75000,70000,12500,168.0,Ammonia,0.46,1100.0,0.15,2530.2,11.59,25947.1,0.3707,3,1.54,24.5,1.0868,218.31,357.525,1.04,1062.9,0,508.777,151.252,583404.7,274.74
TRIP-0059,VESSEL-003,Capesize Bulk,180000,170000,21000,162.0,HFO,1.0,620.0,1.0,3044.8,10.55,112666.6,0.6627,3,1.18,17.3,1.0759,288.61,286.832,1.048,1730.3,1,422.682,135.85,297062.84,1513.202
TRIP-0060,VESSEL-002,Panamax Bulk,75000,70000,12500,168.0,Ammonia,0.46,1100.0,0.15,3265.6,11.71,45545.3,0.6506,1,0.45,9.7,1.0146,278.87,506.077,1.04,1139.5,1,669.285,163.208,755463.5,361.414
TRIP-0061,VESSEL-004,Feeder Container,22000,18500,9800,180.0,HFO,1.0,620.0,1.0,1969.5,17.07,10733.6,0.5802,2,1.48,10.0,1.04,115.38,242.691,1.032,890.4,0,269.565,26.874,182930.3,965.043
TRIP-0062,VESSEL-001,Handysize Bulk,35000,32000,7200,175.0,LNG,1.15,780.0,0.78,821.6,13.34,21567.6,0.674,3,1.96,22.4,1.0836,61.59,39.752,1.064,669.2,0,53.094,13.342,59163.32,148.132
TRIP-0063,VESSEL-001,Handysize Bulk,35000,32000,7200,175.0,HFO,1.0,620.0,1.0,2611.9,11.0,24635.1,0.7698,3,2.68,20.5,1.0808,237.45,101.107,1.064,649.7,0,143.968,42.861,107010.16,515.405
TRIP-0064,VESSEL-001,Handysize Bulk,35000,32000,7200,175.0,Methanol,0.5,950.0,0.35,3078.8,9.28,11579.4,0.3619,7,5.87,43.0,1.2145,331.77,153.295,1.064,717.7,0,287.418,134.123,290797.1,359.273
TRIP-0065,VESSEL-001,Handysize Bulk,35000,32000,7200,175.0,LNG,1.15,780.0,0.78,3938.7,9.94,25107.8,0.7846,3,1.93,15.9,1.0738,396.25,108.636,1.064,702.9,0,168.937,60.301,149520.86,471.334
TRIP-0066,VESSEL-001,Handysize Bulk,35000,32000,7200,175.0,HFO,1.0,620.0,1.0,3340.8,11.91,25910.4,0.8097,1,0.6,11.5,1.0172,280.5,153.026,1.064,658.1,1,196.572,43.546,135124.64,703.728
TRIP-0067,VESSEL-002,Panamax Bulk,75000,70000,12500,168.0,Ammonia,0.46,1100.0,0.15,4162.9,10.31,27383.6,0.3912,2,1.57,10.8,1.0412,403.77,468.008,1.04,1118.2,1,707.416,239.408,797407.6,382.005
TRIP-0068,VESSEL-003,Capesize Bulk,180000,170000,21000,162.0,LNG,1.15,780.0,0.78,3260.1,10.64,153505.4,0.903,3,2.58,25.9,1.0889,306.4,287.878,1.048,1750.5,0,434.565,146.687,378460.7,1212.436
TRIP-0069,VESSEL-001,Handysize Bulk,35000,32000,7200,175.0,LNG,1.15,780.0,0.78,3563.4,9.26,27455.5,0.858,4,3.12,30.0,1.12,384.82,86.77,1.064,644.6,1,147.843,61.073,128567.54,412.482
TRIP-0070,VESSEL-001,Handysize Bulk,35000,32000,7200,175.0,HFO,1.0,620.0,1.0,2172.2,12.24,25406.0,0.7939,4,3.36,26.6,1.1149,177.47,104.704,1.064,680.0,0,142.968,38.264,106390.16,511.825
TRIP-0071,VESSEL-001,Handysize Bulk,35000,32000,7200,175.0,HFO,1.0,620.0,1.0,2467.9,10.95,19342.8,0.6045,1,0.44,8.3,1.0125,225.38,90.966,1.064,669.2,1,131.271,40.305,94638.02,469.95
TRIP-0072,VESSEL-004,Feeder Container,22000,18500,9800,180.0,Hydrogen,2.98,2800.0,0.08,3243.4,17.15,12432.5,0.672,3,2.7,22.5,1.0837,189.12,138.235,1.032,904.7,1,162.15,23.915,465320.0,47.023
TRIP-0073,VESSEL-001,Handysize Bulk,35000,32000,7200,175.0,LNG,1.15,780.0,0.78,2327.7,10.12,26052.5,0.8141,4,1.45,25.1,1.1126,230.01,67.01,1.064,663.9,1,111.161,44.151,99955.58,310.139
TRIP-0074,VESSEL-005,Neo-Panamax Green,110000,102000,16500,158.0,LNG,1.15,780.0,0.78,3164.1,11.6,83585.3,0.8195,3,2.15,19.6,1.0794,272.77,248.606,1.016,1395.2,0,329.299,80.693,285853.22,918.744
TRIP-0075,VESSEL-003,Capesize Bulk,180000,170000,21000,162.0,LNG,1.15,780.0,0.78,1983.2,15.45,123964.8,0.7292,3,2.61,14.1,1.0712,128.36,354.164,1.048,1788.6,0,463.192,109.028,400789.76,1292.306
TRIP-0076,VESSEL-004,Feeder Container,22000,18500,9800,180.0,Hydrogen,2.98,2800.0,0.08,3077.6,17.52,13270.7,0.7173,5,3.62,23.1,1.1347,175.66,138.284,1.032,891.6,1,172.731,34.447,494946.8,50.092
TRIP-0077,VESSEL-003,Capesize Bulk,180000,170000,21000,162.0,HFO,1.0,620.0,1.0,3869.5,10.63,152368.6,0.8963,2,0.88,9.8,1.0397,364.02,391.592,1.048,1748.6,0,544.287,152.695,376957.94,1948.547
TRIP-0078,VESSEL-003,Capesize Bulk,180000,170000,21000,162.0,Ammonia,0.46,1100.0,0.15,1740.2,12.39,65551.2,0.3856,4,1.21,21.7,1.1076,140.45,457.592,1.048,1769.8,1,651.652,194.06,751817.2,351.892
TRIP-0079,VESSEL-003,Capesize Bulk,180000,170000,21000,162.0,LNG,1.15,780.0,0.78,3228.8,12.08,97838.3,0.5755,3,1.3,18.3,1.0775,267.28,339.227,1.048,1744.1,0,462.012,122.785,399869.36,1289.013
TRIP-0080,VESSEL-001,Handysize Bulk,35000,32000,7200,175.0,HFO,1.0,620.0,1.0,1314.4,13.29,16973.8,0.5304,2,1.22,18.7,1.053,98.9,70.068,1.064,671.9,1,88.448,18.38,68087.76,316.644
TRIP-0081,VESSEL-004,Feeder Container,22000,18500,9800,180.0,Hydrogen,2.98,2800.0,0.08,2702.9,17.98,12513.9,0.6764,1,0.75,5.7,1.0086,150.33,126.745,1.032,923.8,0,138.985,12.24,404958.0,40.306
TRIP-0082,VESSEL-003,Capesize Bulk,180000,170000,21000,162.0,LNG,1.15,780.0,0.78,2452.3,11.76,138403.5,0.8141,3,1.77,19.0,1.0785,208.53,259.014,1.048,1806.5,0,351.758,92.744,313871.24,981.405
TRIP-0083,VESSEL-005,Neo-Panamax Green,110000,102000,16500,158.0,Ammonia,0.46,1100.0,0.15,1501.8,16.62,60450.4,0.5927,3,1.64,12.4,1.0686,90.36,573.115,1.016,1385.6,0,691.102,117.987,789212.2,373.195
TRIP-0084,VESSEL-003,Capesize Bulk,180000,170000,21000,162.0,Ammonia,0.46,1100.0,0.15,885.2,14.03,61678.0,0.3628,4,1.63,27.1,1.1157,63.09,296.635,1.048,1753.8,0,406.247,109.612,486371.7,219.373
TRIP-0085,VESSEL-003,Capesize Bulk,180000,170000,21000,162.0,HFO,1.0,620.0,1.0,1698.8,10.85,104406.4,0.6142,1,0.68,9.9,1.0149,156.57,167.213,1.048,1814.8,1,241.223,74.01,184558.26,863.578
TRIP-0086,VESSEL-005,Neo-Panamax Green,110000,102000,16500,158.0,Hydrogen,2.98,2800.0,0.08,1843.3,12.35,90404.6,0.8863,1,0.8,6.8,1.0102,149.26,64.353,1.016,1447.4,0,82.107,17.754,258899.6,23.811
TRIP-0087,VESSEL-005,Neo-Panamax Green,110000,102000,16500,158.0,Hydrogen,2.98,2800.0,0.08,3385.1,11.54,100312.5,0.9835,2,1.28,18.8,1.0532,293.34,105.515,1.016,1417.1,1,139.882,34.367,416169.6,40.566
TRIP-0088,VESSEL-001,Handysize Bulk,35000,32000,7200,175.0,LNG,1.15,780.0,0.78,1015.6,12.48,16564.1,0.5176,4,3.56,24.9,1.1123,81.38,41.382,1.064,643.2,0,55.911,14.529,61360.58,155.992
TRIP-0089,VESSEL-003,Capesize Bulk,180000,170000,21000,162.0,LNG,1.15,780.0,0.78,2633.1,15.49,72511.5,0.4265,2,1.27,15.2,1.0478,169.99,437.634,1.048,1813.0,1,536.232,98.598,453260.96,1496.087
TRIP-0090,VESSEL-001,Handysize Bulk,35000,32000,7200,175.0,HFO,1.0,620.0,1.0,2049.5,9.96,30219.8,0.9444,3,1.83,12.7,1.0691,205.77,67.723,1.064,642.6,1,105.344,37.621,78563.28,377.132
TRIP-0091,VESSEL-003,Capesize Bulk,180000,170000,21000,162.0,HFO,1.0,620.0,1.0,1940.4,13.62,86611.1,0.5095,2,1.03,15.9,1.0488,142.47,293.031,1.048,1759.7,1,362.18,69.149,259551.6,1296.604
TRIP-0092,VESSEL-005,Neo-Panamax Green,110000,102000,16500,158.0,Hydrogen,2.98,2800.0,0.08,1470.4,11.5,37767.4,0.3703,3,0.99,18.9,1.0784,127.86,39.17,1.016,1429.7,0,58.487,19.317,192763.6,16.961
TRIP-0093,VESSEL-002,Panamax Bulk,75000,70000,12500,168.0,LNG,1.15,780.0,0.78,3194.3,10.14,27918.8,0.3988,3,2.14,18.1,1.0772,315.02,139.23,1.04,1074.6,1,216.039,76.809,187760.42,602.749
TRIP-0094,VESSEL-002,Panamax Bulk,75000,70000,12500,168.0,Ammonia,0.46,1100.0,0.15,3894.1,11.67,28667.0,0.4095,2,1.74,12.9,1.0443,333.68,563.619,1.04,1068.5,1,773.466,209.847,870062.6,417.672
TRIP-0095,VESSEL-003,Capesize Bulk,180000,170000,21000,162.0,Ammonia,0.46,1100.0,0.15,3061.4,14.84,132295.6,0.7782,4,1.8,24.3,1.1115,206.29,1276.122,1.048,1752.1,0,1673.198,397.076,1880017.8,903.527
TRIP-0096,VESSEL-005,Neo-Panamax Green,110000,102000,16500,158.0,Ammonia,0.46,1100.0,0.15,4092.9,12.08,96987.5,0.9509,5,2.92,37.2,1.1558,338.82,898.921,1.016,1454.5,0,1268.732,369.811,1424605.2,685.115
TRIP-0097,VESSEL-002,Panamax Bulk,75000,70000,12500,168.0,Methanol,0.5,950.0,0.35,1351.0,9.72,51630.3,0.7376,2,0.69,15.7,1.0485,138.99,135.566,1.04,1084.0,0,205.245,69.679,218732.75,256.556
TRIP-0098,VESSEL-001,Handysize Bulk,35000,32000,7200,175.0,HFO,1.0,620.0,1.0,2424.6,12.64,26547.4,0.8296,3,2.48,17.8,1.0767,191.82,125.676,1.064,672.2,1,169.689,44.013,118457.18,607.487
TRIP-0099,VESSEL-003,Capesize Bulk,180000,170000,21000,162.0,Ammonia,0.46,1100.0,0.15,3950.6,11.11,101928.0,0.5996,1,0.31,4.4,1.0066,355.59,883.094,1.048,1738.9,1,1192.98,309.886,1347278.0,644.209
TRIP-0100,VESSEL-004,Feeder Container,22000,18500,9800,180.0,Hydrogen,2.98,2800.0,0.08,1744.6,13.79,7577.7,0.4096,3,2.22,12.0,1.068,126.51,45.231,1.032,880.7,0,56.35,11.119,173580.0,16.341
TRIP-0101,VESSEL-002,Panamax Bulk,75000,70000,12500,168.0,Ammonia,0.46,1100.0,0.15,1525.9,13.79,51304.4,0.7329,5,1.64,22.2,1.1333,110.65,334.608,1.04,1089.2,1,438.245,103.637,501319.5,236.652
TRIP-0102,VESSEL-003,Capesize Bulk,180000,170000,21000,162.0,LNG,1.15,780.0,0.78,4167.3,13.68,77957.3,0.4586,2,1.73,15.1,1.0476,304.63,544.791,1.048,1790.8,1,704.493,159.702,584504.54,1965.535
TRIP-0103,VESSEL-002,Panamax Bulk,75000,70000,12500,168.0,Methanol,0.5,950.0,0.35,1189.8,10.56,34532.1,0.4933,4,2.04,17.0,1.1005,112.67,132.586,1.04,1146.9,1,209.322,76.736,218105.9,261.653
TRIP-0104,VESSEL-003,Capesize Bulk,180000,170000,21000,162.0,Ammonia,0.46,1100.0,0.15,2486.8,11.35,84231.8,0.4955,3,1.94,13.3,1.0699,219.1,564.877,1.048,1817.7,0,790.785,225.908,909363.5,427.024
TRIP-0105,VESSEL-004,Feeder Container,22000,18500,9800,180.0,HFO,1.0,620.0,1.0,3689.9,17.22,17966.7,0.9712,4,2.77,25.4,1.1131,214.28,504.33,1.032,842.7,0,587.681,83.351,380162.22,2103.898
TRIP-0106,VESSEL-005,Neo-Panamax Green,110000,102000,16500,158.0,Hydrogen,2.98,2800.0,0.08,1314.7,13.47,41073.4,0.4027,4,1.38,30.5,1.1207,97.6,48.459,1.016,1419.5,1,62.226,13.767,198732.8,18.046
TRIP-0107,VESSEL-005,Neo-Panamax Green,110000,102000,16500,158.0,Ammonia,0.46,1100.0,0.15,3008.7,15.77,58759.8,0.5761,3,1.38,24.3,1.0865,190.79,1029.493,1.016,1449.7,1,1282.882,253.389,1435670.2,692.756
TRIP-0108,VESSEL-001,Handysize Bulk,35000,32000,7200,175.0,HFO,1.0,620.0,1.0,3016.5,13.6,25707.4,0.8034,3,2.25,14.2,1.0713,221.8,179.9,1.064,714.1,1,238.434,58.534,161079.08,853.594
TRIP-0109,VESSEL-003,Capesize Bulk,180000,170000,21000,162.0,Ammonia,0.46,1100.0,0.15,1739.9,14.95,73740.1,0.4338,4,1.59,29.9,1.1199,116.38,674.691,1.048,1813.2,0,876.301,201.61,1003431.1,473.203
TRIP-0110,VESSEL-003,Capesize Bulk,180000,170000,21000,162.0,HFO,1.0,620.0,1.0,1893.8,13.36,72300.7,0.4253,1,0.79,5.0,1.0075,141.75,269.173,1.048,1758.3,0,332.84,63.667,245860.8,1191.567
TRIP-0111,VESSEL-001,Handysize Bulk,35000,32000,7200,175.0,LNG,1.15,780.0,0.78,3948.5,10.88,24358.5,0.7612,2,1.72,15.6,1.0484,362.91,129.757,1.064,632.8,0,188.613,58.856,164868.14,526.23
TRIP-0112,VESSEL-002,Panamax Bulk,75000,70000,12500,168.0,LNG,1.15,780.0,0.78,669.2,11.58,52751.7,0.7536,5,4.42,39.4,1.1591,57.79,41.601,1.04,1125.0,0,59.602,18.001,70239.56,166.29
TRIP-0113,VESSEL-005,Neo-Panamax Green,110000,102000,16500,158.0,Hydrogen,2.98,2800.0,0.08,1697.4,10.17,37166.8,0.3644,3,2.29,21.6,1.0824,166.9,35.307,1.016,1414.6,0,52.312,17.005,175473.6,15.17
TRIP-0114,VESSEL-005,Neo-Panamax Green,110000,102000,16500,158.0,LNG,1.15,780.0,0.78,3359.4,12.09,91388.5,0.896,2,0.76,17.5,1.0513,277.87,291.902,1.016,1466.3,0,359.925,68.023,309741.5,1004.191
TRIP-0115,VESSEL-005,Neo-Panamax Green,110000,102000,16500,158.0,LNG,1.15,780.0,0.78,4068.7,16.37,92543.0,0.9073,4,2.26,21.3,1.1069,248.55,649.854,1.016,1402.1,0,808.563,158.709,659679.14,2255.891
TRIP-0116,VESSEL-001,Handysize Bulk,35000,32000,7200,175.0,HFO,1.0,620.0,1.0,2244.7,12.93,22905.2,0.7158,3,1.19,14.9,1.0724,173.6,118.52,1.064,635.1,0,160.099,41.579,117011.38,573.154
TRIP-0117,VESSEL-003,Capesize Bulk,180000,170000,21000,162.0,LNG,1.15,780.0,0.78,3448.2,13.18,61473.7,0.3616,2,1.69,18.6,1.0529,261.62,407.779,1.048,1748.5,0,549.131,141.352,467822.18,1532.075
TRIP-0118,VESSEL-001,Handysize Bulk,35000,32000,7200,175.0,LNG,1.15,780.0,0.78,2910.6,10.24,14545.2,0.4545,2,1.31,12.8,1.0442,284.24,78.578,1.064,724.4,0,126.805,48.227,116657.9,353.786
TRIP-0119,VESSEL-005,Neo-Panamax Green,110000,102000,16500,158.0,Methanol,0.5,950.0,0.35,4106.4,14.76,61924.6,0.6071,4,2.78,28.9,1.1183,278.21,1141.184,1.016,1465.3,1,1465.035,323.851,1416283.25,1831.294
TRIP-0120,VESSEL-001,Handysize Bulk,35000,32000,7200,175.0,HFO,1.0,620.0,1.0,568.0,9.57,23074.8,0.7211,3,1.28,16.8,1.0752,59.35,16.45,1.064,703.6,1,27.277,10.827,30161.74,97.652
TRIP-0121,VESSEL-001,Handysize Bulk,35000,32000,7200,175.0,LNG,1.15,780.0,0.78,805.3,11.94,29556.7,0.9236,4,2.06,21.5,1.1073,67.45,33.1,1.064,723.7,1,48.02,14.92,50705.6,133.976
TRIP-0122,VESSEL-002,Panamax Bulk,75000,70000,12500,168.0,Methanol,0.5,950.0,0.35,959.6,13.52,67795.5,0.9685,5,3.28,32.3,1.1485,70.98,196.727,1.04,1111.3,0,259.229,62.502,270017.55,324.036
TRIP-0123,VESSEL-004,Feeder Container,22000,18500,9800,180.0,Methanol,0.5,950.0,0.35,2765.4,15.38,15895.7,0.8592,3,2.09,19.7,1.0796,179.8,588.757,1.032,893.7,0,716.791,128.034,696751.45,895.989
TRIP-0124,VESSEL-004,Feeder Container,22000,18500,9800,180.0,Methanol,0.5,950.0,0.35,2695.1,14.07,15191.0,0.8211,4,2.35,26.5,1.1147,191.55,476.266,1.032,866.9,1,635.622,159.356,615140.9,794.527
TRIP-0125,VESSEL-005,Neo-Panamax Green,110000,102000,16500,158.0,Hydrogen,2.98,2800.0,0.08,661.5,16.1,64451.3,0.6319,2,0.63,15.2,1.0478,41.09,36.928,1.016,1403.2,0,42.558,5.63,148162.4,12.342
TRIP-0126,VESSEL-003,Capesize Bulk,180000,170000,21000,162.0,Ammonia,0.46,1100.0,0.15,1253.2,11.32,105733.2,0.622,4,1.62,32.3,1.1235,110.71,292.478,1.048,1771.6,1,460.568,168.09,541624.8,248.707
TRIP-0127,VESSEL-005,Neo-Panamax Green,110000,102000,16500,158.0,Hydrogen,2.98,2800.0,0.08,2367.9,15.15,86600.1,0.849,3,1.83,20.2,1.0803,156.3,123.322,1.016,1372.9,1,155.257,31.935,459219.6,45.025
TRIP-0128,VESSEL-004,Feeder Container,22000,18500,9800,180.0,Methanol,0.5,950.0,0.35,1550.3,15.59,18405.4,0.9949,3,1.59,18.5,1.0777,99.44,349.086,1.032,917.6,0,407.496,58.41,402921.2,509.37
TRIP-0129,VESSEL-002,Panamax Bulk,75000,70000,12500,168.0,Ammonia,0.46,1100.0,0.15,2840.4,11.93,51884.4,0.7412,3,1.82,17.8,1.0767,238.09,467.118,1.04,1056.9,0,615.664,148.546,700980.4,332.459
TRIP-0130,VESSEL-001,Handysize Bulk,35000,32000,7200,175.0,LNG,1.15,780.0,0.78,1654.9,9.52,24764.2,0.7739,3,2.44,12.1,1.0682,173.83,41.762,1.064,684.8,1,67.413,25.651,65832.14,188.082
TRIP-0131,VESSEL-004,Feeder Container,22000,18500,9800,180.0,HFO,1.0,620.0,1.0,3769.7,12.66,9297.0,0.5025,3,1.5,18.3,1.0775,297.76,250.934,1.032,900.9,1,329.978,79.044,215886.36,1181.321
TRIP-0132,VESSEL-004,Feeder Container,22000,18500,9800,180.0,HFO,1.0,620.0,1.0,1903.6,12.77,10795.0,0.5835,3,1.54,19.5,1.0793,149.07,131.376,1.032,912.2,1,167.892,36.516,115393.04,601.053
TRIP-0133,VESSEL-004,Feeder Container,22000,18500,9800,180.0,Hydrogen,2.98,2800.0,0.08,914.1,17.08,8950.2,0.4838,2,0.67,13.8,1.0457,53.52,37.004,1.032,927.7,0,43.973,6.969,138924.4,12.752
TRIP-0134,VESSEL-001,Handysize Bulk,35000,32000,7200,175.0,Methanol,0.5,950.0,0.35,4150.5,9.23,14285.5,0.4464,6,1.82,45.9,1.1939,449.67,208.95,1.064,689.9,1,385.631,176.681,379599.45,482.039
TRIP-0135,VESSEL-003,Capesize Bulk,180000,170000,21000,162.0,LNG,1.15,780.0,0.78,965.2,12.06,118313.1,0.696,2,0.77,18.3,1.0524,80.03,104.168,1.048,1803.3,1,137.991,33.823,142632.98,384.995
TRIP-0136,VESSEL-005,Neo-Panamax Green,110000,102000,16500,158.0,Hydrogen,2.98,2800.0,0.08,1444.6,11.64,99569.9,0.9762,4,3.55,22.4,1.1086,124.11,45.737,1.016,1371.8,0,61.987,16.25,202563.6,17.976
TRIP-0137,VESSEL-002,Panamax Bulk,75000,70000,12500,168.0,Ammonia,0.46,1100.0,0.15,918.5,14.69,59467.6,0.8495,4,3.4,26.2,1.1143,62.53,235.045,1.04,1144.1,1,306.543,71.498,356447.3,165.533
TRIP-0138,VESSEL-004,Feeder Container,22000,18500,9800,180.0,Methanol,0.5,950.0,0.35,4115.5,18.0,7054.7,0.3813,3,2.47,23.0,1.0845,228.64,1076.169,1.032,890.7,1,1315.663,239.494,1261179.85,1644.579
TRIP-0139,VESSEL-004,Feeder Container,22000,18500,9800,180.0,Methanol,0.5,950.0,0.35,2970.1,13.83,10407.6,0.5626,4,3.03,29.6,1.1194,214.76,478.528,1.032,877.6,1,623.957,145.429,604059.15,779.946
TRIP-0140,VESSEL-001,Handysize Bulk,35000,32000,7200,175.0,HFO,1.0,620.0,1.0,1965.8,10.79,18822.4,0.5882,4,2.13,23.6,1.1104,182.19,70.076,1.064,649.8,0,106.209,36.133,83599.58,380.228
TRIP-0141,VESSEL-004,Feeder Container,22000,18500,9800,180.0,Methanol,0.5,950.0,0.35,2972.4,11.51,13731.5,0.7422,3,1.73,17.3,1.0759,258.25,345.475,1.032,920.3,0,446.541,101.066,440013.95,558.176
TRIP-0142,VESSEL-002,Panamax Bulk,75000,70000,12500,168.0,HFO,1.0,620.0,1.0,2646.6,11.78,42646.4,0.6092,3,1.99,22.7,1.084,224.67,188.979,1.04,1131.3,1,277.661,88.682,191399.82,994.026
TRIP-0143,VESSEL-003,Capesize Bulk,180000,170000,21000,162.0,Ammonia,0.46,1100.0,0.15,528.0,10.11,81133.5,0.4773,3,2.52,15.4,1.0731,52.23,94.719,1.048,1822.7,1,144.109,49.39,193519.9,77.819
TRIP-0144,VESSEL-005,Neo-Panamax Green,110000,102000,16500,158.0,Hydrogen,2.98,2800.0,0.08,2469.4,14.69,97332.9,0.9542,3,1.06,22.0,1.083,168.1,123.898,1.016,1410.0,1,150.772,26.874,446661.6,43.724
TRIP-0145,VESSEL-002,Panamax Bulk,75000,70000,12500,168.0,HFO,1.0,620.0,1.0,3679.8,12.63,30106.6,0.4301,4,1.64,21.0,1.1065,291.35,288.515,1.04,1129.3,1,388.025,99.51,259825.5,1389.13
TRIP-0146,VESSEL-004,Feeder Container,22000,18500,9800,180.0,HFO,1.0,620.0,1.0,2726.0,15.43,17915.6,0.9684,4,3.32,19.9,1.1048,176.67,298.979,1.032,855.2,1,368.968,69.989,240060.16,1320.905
TRIP-0147,VESSEL-002,Panamax Bulk,75000,70000,12500,168.0,HFO,1.0,620.0,1.0,1807.7,14.54,65451.1,0.935,2,1.54,11.0,1.0415,124.33,212.661,1.04,1132.3,0,269.524,56.863,190854.88,964.896
TRIP-0148,VESSEL-004,Feeder Container,22000,18500,9800,180.0,Methanol,0.5,950.0,0.35,1121.7,14.16,13529.0,0.7313,4,3.27,19.7,1.1045,79.22,196.843,1.032,843.6,0,245.258,48.415,248795.1,306.572
TRIP-0149,VESSEL-003,Capesize Bulk,180000,170000,21000,162.0,Ammonia,0.46,1100.0,0.15,1946.4,13.28,85130.2,0.5008,3,1.79,25.8,1.0887,146.57,606.121,1.048,1743.6,0,783.825,177.704,901707.5,423.266
TRIP-0150,VESSEL-001,Handysize Bulk,35000,32000,7200,175.0,HFO,1.0,620.0,1.0,3529.2,9.09,18294.7,0.5717,3,1.51,24.7,1.0871,388.25,88.923,1.064,703.3,0,162.49,73.567,118493.8,581.714
TRIP-0151,VESSEL-005,Neo-Panamax Green,110000,102000,16500,158.0,LNG,1.15,780.0,0.78,1857.7,14.17,62298.8,0.6108,2,1.34,12.9,1.0443,131.1,207.064,1.016,1453.2,1,248.729,41.665,218508.62,693.954
TRIP-0152,VESSEL-002,Panamax Bulk,75000,70000,12500,168.0,Methanol,0.5,950.0,0.35,1732.1,12.7,39257.2,0.5608,4,3.59,27.3,1.1159,136.39,284.033,1.04,1105.8,1,390.459,106.426,390186.05,488.074
TRIP-0153,VESSEL-004,Feeder Container,22000,18500,9800,180.0,Methanol,0.5,950.0,0.35,1148.6,14.94,17990.4,0.9725,4,1.68,25.1,1.1126,76.88,236.399,1.032,843.7,0,308.49,72.091,308865.5,385.613
TRIP-0154,VESSEL-004,Feeder Container,22000,18500,9800,180.0,Hydrogen,2.98,2800.0,0.08,1977.5,17.49,9296.6,0.5025,2,1.79,18.2,1.0523,113.06,84.305,1.032,888.0,1,97.37,13.065,283936.0,28.237
TRIP-0155,VESSEL-005,Neo-Panamax Green,110000,102000,16500,158.0,Hydrogen,2.98,2800.0,0.08,3294.5,14.37,41608.9,0.4079,2,1.59,16.6,1.0499,229.26,138.395,1.016,1440.9,0,165.916,27.521,493564.8,48.116
TRIP-0156,VESSEL-003,Capesize Bulk,180000,170000,21000,162.0,HFO,1.0,620.0,1.0,1968.8,13.32,93260.4,0.5486,3,1.98,19.2,1.0788,147.81,287.244,1.048,1821.9,1,364.711,77.467,261120.82,1305.665
TRIP-0157,VESSEL-004,Feeder Container,22000,18500,9800,180.0,HFO,1.0,620.0,1.0,1969.6,13.74,12501.4,0.6758,3,2.03,21.4,1.0821,143.35,160.703,1.032,887.2,0,200.673,39.97,140217.26,718.409
TRIP-0158,VESSEL-001,Handysize Bulk,35000,32000,7200,175.0,Methanol,0.5,950.0,0.35,3071.3,11.22,14809.3,0.4628,2,1.77,15.1,1.0476,273.73,229.435,1.064,708.2,0,334.954,105.519,335956.3,418.692
TRIP-0159,VESSEL-001,Handysize Bulk,35000,32000,7200,175.0,Methanol,0.5,950.0,0.35,3329.8,11.68,23810.1,0.7441,2,1.2,12.4,1.0436,285.09,288.879,1.064,640.6,0,386.025,97.146,384473.75,482.531
TRIP-0160,VESSEL-001,Handysize Bulk,35000,32000,7200,175.0,Methanol,0.5,950.0,0.35,4073.5,14.3,22630.2,0.7072,3,1.46,19.1,1.0787,284.86,525.077,1.064,670.0,0,673.886,148.809,657941.7,842.357
TRIP-0161,VESSEL-005,Neo-Panamax Green,110000,102000,16500,158.0,Ammonia,0.46,1100.0,0.15,1062.5,14.34,78808.3,0.7726,1,0.77,7.7,1.0115,74.09,315.397,1.016,1375.8,0,362.179,46.782,427396.9,195.577
TRIP-0162,VESSEL-003,Capesize Bulk,180000,170000,21000,162.0,Ammonia,0.46,1100.0,0.15,2384.9,14.15,66383.2,0.3905,7,5.52,44.0,1.216,168.54,818.999,1.048,1760.6,1,1157.482,338.483,1308230.2,625.04
TRIP-0163,VESSEL-004,Feeder Container,22000,18500,9800,180.0,Methanol,0.5,950.0,0.35,3780.4,13.98,8046.8,0.435,3,1.25,17.1,1.0756,270.41,603.997,1.032,875.4,1,773.126,169.129,745769.7,966.408
TRIP-0164,VESSEL-002,Panamax Bulk,75000,70000,12500,168.0,LNG,1.15,780.0,0.78,1461.3,12.39,25373.2,0.3625,4,1.53,25.1,1.1126,117.94,94.182,1.04,1071.5,0,132.888,38.706,127402.64,370.758
TRIP-0165,VESSEL-002,Panamax Bulk,75000,70000,12500,168.0,HFO,1.0,620.0,1.0,4050.4,15.36,60969.9,0.871,3,1.1,19.7,1.0796,263.7,523.879,1.04,1095.4,0,625.281,101.402,411424.22,2238.506
TRIP-0166,VESSEL-004,Feeder Container,22000,18500,9800,180.0,Methanol,0.5,950.0,0.35,1959.6,14.33,10995.1,0.5943,3,2.31,24.5,1.0868,136.75,341.451,1.032,929.5,1,432.087,90.636,421782.65,540.109
TRIP-0167,VESSEL-001,Handysize Bulk,35000,32000,7200,175.0,HFO,1.0,620.0,1.0,1442.3,12.78,20302.1,0.6344,4,1.29,31.3,1.122,112.86,72.953,1.064,672.1,1,105.473,32.52,78643.26,377.593
TRIP-0168,VESSEL-001,Handysize Bulk,35000,32000,7200,175.0,Methanol,0.5,950.0,0.35,3765.1,13.89,20572.9,0.6429,2,1.79,12.9,1.0443,271.07,450.843,1.064,630.8,0,584.891,134.048,573396.45,731.114
TRIP-0169,VESSEL-003,Capesize Bulk,180000,170000,21000,162.0,HFO,1.0,620.0,1.0,544.8,10.43,67373.9,0.3963,6,4.46,32.1,1.1731,52.23,46.829,1.048,1759.7,1,77.762,30.933,83212.44,278.388
TRIP-0170,VESSEL-004,Feeder Container,22000,18500,9800,180.0,Hydrogen,2.98,2800.0,0.08,2943.1,12.22,7658.2,0.414,4,1.84,16.4,1.0996,240.84,59.98,1.032,842.2,1,80.002,20.022,235305.6,23.201
TRIP-0171,VESSEL-001,Handysize Bulk,35000,32000,7200,175.0,HFO,1.0,620.0,1.0,949.1,11.1,15478.3,0.4837,3,2.29,21.0,1.0815,85.5,34.879,1.064,679.0,1,50.63,15.751,44640.6,181.255
TRIP-0172,VESSEL-005,Neo-Panamax Green,110000,102000,16500,158.0,LNG,1.15,780.0,0.78,2781.0,16.44,70226.9,0.6885,2,0.65,9.2,1.0388,169.16,425.305,1.016,1429.9,0,501.252,75.947,419976.56,1398.493
TRIP-0173,VESSEL-003,Capesize Bulk,180000,170000,21000,162.0,LNG,1.15,780.0,0.78,3989.4,12.64,127229.8,0.7484,2,0.75,10.2,1.0403,315.62,479.109,1.048,1818.7,1,598.906,119.797,502146.68,1670.948
TRIP-0174,VESSEL-001,Handysize Bulk,35000,32000,7200,175.0,HFO,1.0,620.0,1.0,1317.9,11.99,24430.3,0.7634,6,4.49,36.8,1.1802,109.92,60.521,1.064,644.1,0,91.853,31.332,74698.86,328.834
TRIP-0175,VESSEL-003,Capesize Bulk,180000,170000,21000,162.0,HFO,1.0,620.0,1.0,1109.8,15.62,64270.7,0.3781,2,1.47,17.0,1.0505,71.05,212.928,1.048,1751.4,1,266.69,53.762,200347.8,954.75
TRIP-0176,VESSEL-003,Capesize Bulk,180000,170000,21000,162.0,HFO,1.0,620.0,1.0,1600.9,13.54,115673.8,0.6804,3,2.14,24.2,1.0863,118.23,249.489,1.048,1793.6,1,325.554,76.065,236843.48,1165.483
TRIP-0177,VESSEL-002,Panamax Bulk,75000,70000,12500,168.0,LNG,1.15,780.0,0.78,3187.9,9.56,35723.9,0.5103,7,2.52,38.4,1.2076,333.46,127.141,1.04,1130.0,1,225.028,97.887,194771.84,627.828
TRIP-0178,VESSEL-003,Capesize Bulk,180000,170000,21000,162.0,Ammonia,0.46,1100.0,0.15,2493.2,14.13,100966.2,0.5939,3,2.43,23.8,1.0857,176.45,900.204,1.048,1813.3,0,1119.285,219.081,1270713.5,604.414
TRIP-0179,VESSEL-001,Handysize Bulk,35000,32000,7200,175.0,LNG,1.15,780.0,0.78,3298.2,13.17,25310.3,0.7909,4,2.33,24.5,1.1118,250.43,159.932,1.064,638.5,1,224.751,64.819,188555.78,627.055
TRIP-0180,VESSEL-003,Capesize Bulk,180000,170000,21000,162.0,LNG,1.15,780.0,0.78,3073.8,12.35,105094.7,0.6182,1,0.67,6.8,1.0102,248.89,341.213,1.048,1809.4,0,423.924,82.711,370160.72,1182.748
TRIP-0181,VESSEL-004,Feeder Container,22000,18500,9800,180.0,HFO,1.0,620.0,1.0,2645.9,15.5,7254.9,0.3922,3,1.91,20.4,1.0806,170.7,257.182,1.032,901.6,1,311.868,54.686,204658.16,1116.487
TRIP-0182,VESSEL-001,Handysize Bulk,35000,32000,7200,175.0,Methanol,0.5,950.0,0.35,1736.7,9.42,12417.9,0.3881,4,2.9,29.4,1.1191,184.36,89.708,1.064,677.7,0,158.765,69.057,168576.75,198.456
TRIP-0183,VESSEL-004,Feeder Container,22000,18500,9800,180.0,Methanol,0.5,950.0,0.35,827.8,13.3,11694.1,0.6321,2,1.32,16.1,1.0491,62.24,125.324,1.032,933.8,0,159.11,33.786,166954.5,198.888
TRIP-0184,VESSEL-004,Feeder Container,22000,18500,9800,180.0,Hydrogen,2.98,2800.0,0.08,3607.3,11.83,11404.1,0.6164,3,1.93,20.2,1.0803,304.93,72.238,1.032,852.4,0,98.952,26.714,292865.6,28.696
TRIP-0185,VESSEL-002,Panamax Bulk,75000,70000,12500,168.0,Methanol,0.5,950.0,0.35,3577.3,9.66,25600.7,0.3657,2,1.22,11.3,1.0419,370.32,322.632,1.04,1144.1,1,508.846,186.214,502653.7,636.058
TRIP-0186,VESSEL-005,Neo-Panamax Green,110000,102000,16500,158.0,Hydrogen,2.98,2800.0,0.08,2195.3,11.3,88915.3,0.8717,3,1.14,13.1,1.0696,194.27,63.943,1.016,1442.8,1,84.33,20.387,260624.0,24.456
TRIP-0187,VESSEL-001,Handysize Bulk,35000,32000,7200,175.0,HFO,1.0,620.0,1.0,1333.3,9.04,12391.4,0.3872,2,1.08,18.1,1.0521,147.49,31.707,1.064,673.2,1,53.549,21.842,46450.38,191.705
TRIP-0188,VESSEL-002,Panamax Bulk,75000,70000,12500,168.0,Ammonia,0.46,1100.0,0.15,3625.7,11.73,44014.4,0.6288,2,0.79,17.4,1.0511,309.1,560.767,1.04,1054.7,1,733.283,172.516,825861.3,395.973
TRIP-0189,VESSEL-003,Capesize Bulk,180000,170000,21000,162.0,HFO,1.0,620.0,1.0,3355.9,12.08,94328.4,0.5549,1,0.44,9.9,1.0149,277.81,403.35,1.048,1784.8,1,540.919,137.569,370369.78,1936.49
TRIP-0190,VESSEL-001,Handysize Bulk,35000,32000,7200,175.0,HFO,1.0,620.0,1.0,2920.4,14.4,16535.8,0.5167,2,1.28,13.1,1.0446,202.81,182.151,1.064,723.2,1,228.886,46.735,155159.32,819.412
TRIP-0191,VESSEL-001,Handysize Bulk,35000,32000,7200,175.0,HFO,1.0,620.0,1.0,1333.7,9.63,14345.9,0.4483,2,1.62,14.2,1.0463,138.49,36.561,1.064,678.3,1,58.585,22.024,49572.7,209.734
TRIP-0192,VESSEL-001,Handysize Bulk,35000,32000,7200,175.0,LNG,1.15,780.0,0.78,2293.4,9.45,20732.7,0.6479,2,1.73,17.3,1.0509,242.69,55.333,1.064,692.9,1,90.732,35.399,84020.96,253.142
TRIP-0193,VESSEL-003,Capesize Bulk,180000,170000,21000,162.0,HFO,1.0,620.0,1.0,3411.8,14.5,91609.9,0.5389,2,1.03,18.8,1.0532,235.3,588.407,1.048,1809.4,1,693.417,105.01,464918.54,2482.433
TRIP-0194,VESSEL-002,Panamax Bulk,75000,70000,12500,168.0,Methanol,0.5,950.0,0.35,566.4,14.05,58811.9,0.8402,2,1.39,9.8,1.0397,40.31,121.693,1.04,1075.5,1,148.359,26.666,160191.05,185.449
TRIP-0195,VESSEL-002,Panamax Bulk,75000,70000,12500,168.0,Ammonia,0.46,1100.0,0.15,741.3,14.13,25736.1,0.3677,3,2.54,19.5,1.0793,52.46,155.557,1.04,1099.8,1,200.544,44.987,239848.4,108.294
TRIP-0196,VESSEL-002,Panamax Bulk,75000,70000,12500,168.0,Methanol,0.5,950.0,0.35,1253.9,14.15,68383.7,0.9769,3,1.42,23.1,1.0847,88.61,282.088,1.04,1107.8,1,349.787,67.699,351547.65,437.234
TRIP-0197,VESSEL-001,Handysize Bulk,35000,32000,7200,175.0,Methanol,0.5,950.0,0.35,2424.7,10.08,29856.7,0.933,3,1.9,14.3,1.0715,240.55,163.708,1.064,687.3,0,256.067,92.359,261013.65,320.084
TRIP-0198,VESSEL-001,Handysize Bulk,35000,32000,7200,175.0,HFO,1.0,620.0,1.0,3210.8,9.18,18764.8,0.5864,4,1.95,29.6,1.1194,349.76,82.811,1.064,722.8,1,146.921,64.11,104341.02,525.977
TRIP-0199,VESSEL-001,Handysize Bulk,35000,32000,7200,175.0,Methanol,0.5,950.0,0.35,2045.7,11.78,31316.2,0.9786,6,4.2,38.6,1.1829,173.66,190.591,1.064,642.6,0,282.074,91.483,285720.3,352.593
TRIP-0200,VESSEL-003,Capesize Bulk,180000,170000,21000,162.0,HFO,1.0,620.0,1.0,3161.6,13.36,117777.7,0.6928,5,1.74,34.6,1.1519,236.65,481.198,1.048,1748.7,1,677.901,196.703,455298.62,2426.886
TRIP-0201,VESSEL-004,Feeder Container,22000,18500,9800,180.0,Methanol,0.5,950.0,0.35,1663.1,14.79,15015.7,0.8117,3,2.38,18.4,1.0776,112.45,324.079,1.032,869.8,0,411.471,87.392,406697.45,514.339
TRIP-0202,VESSEL-002,Panamax Bulk,75000,70000,12500,168.0,Ammonia,0.46,1100.0,0.15,872.4,13.77,62082.0,0.8869,2,0.77,11.8,1.0427,63.36,197.889,1.04,1095.0,1,243.864,45.975,287500.4,131.687
TRIP-0203,VESSEL-001,Handysize Bulk,35000,32000,7200,175.0,Methanol,0.5,950.0,0.35,3613.4,12.42,18529.4,0.579,3,2.66,20.9,1.0814,290.93,340.552,1.064,638.6,1,450.599,110.047,441319.05,563.249
TRIP-0204,VESSEL-004,Feeder Container,22000,18500,9800,180.0,Hydrogen,2.98,2800.0,0.08,1340.6,12.22,16765.2,0.9062,4,1.87,26.9,1.1153,109.71,30.541,1.032,903.4,1,42.876,12.335,131352.8,12.434
TRIP-0205,VESSEL-005,Neo-Panamax Green,110000,102000,16500,158.0,Ammonia,0.46,1100.0,0.15,3309.2,15.34,62770.7,0.6154,5,2.2,36.1,1.1542,215.72,1081.925,1.016,1375.9,1,1404.344,322.419,1569278.4,758.346
TRIP-0206,VESSEL-003,Capesize Bulk,180000,170000,21000,162.0,Ammonia,0.46,1100.0,0.15,1904.2,11.01,102568.4,0.6033,2,1.06,9.4,1.0391,172.95,418.419,1.048,1771.3,1,596.439,178.02,691082.9,322.077
TRIP-0207,VESSEL-003,Capesize Bulk,180000,170000,21000,162.0,HFO,1.0,620.0,1.0,3896.9,10.25,141259.4,0.8309,2,1.63,11.2,1.0418,380.19,361.036,1.048,1821.1,0,538.965,177.929,373658.3,1929.495
TRIP-0208,VESSEL-001,Handysize Bulk,35000,32000,7200,175.0,Methanol,0.5,950.0,0.35,2849.8,12.46,22279.7,0.6962,3,1.29,13.7,1.0706,228.72,278.163,1.064,632.8,0,379.038,100.875,377836.1,473.798
TRIP-0209,VESSEL-001,Handysize Bulk,35000,32000,7200,175.0,HFO,1.0,620.0,1.0,2713.9,11.58,17466.3,0.5458,2,0.96,16.2,1.0493,234.36,110.262,1.064,630.8,1,155.54,45.278,109684.8,556.833
TRIP-0210,VESSEL-005,Neo-Panamax Green,110000,102000,16500,158.0,Methanol,0.5,950.0,0.35,2656.4,15.56,37998.6,0.3725,7,5.69,41.6,1.2124,170.72,772.575,1.016,1376.4,1,1087.913,315.338,1058017.35,1359.891
TRIP-0211,VESSEL-003,Capesize Bulk,180000,170000,21000,162.0,HFO,1.0,620.0,1.0,620.8,14.43,117539.0,0.6914,5,1.69,39.1,1.1587,43.02,110.184,1.048,1732.5,1,146.405,36.221,125771.1,524.13
TRIP-0212,VESSEL-001,Handysize Bulk,35000,32000,7200,175.0,Methanol,0.5,950.0,0.35,2746.2,13.91,20422.3,0.6382,3,1.97,21.8,1.0827,197.43,329.407,1.064,649.7,1,432.092,102.685,423737.4,540.115
TRIP-0213,VESSEL-004,Feeder Container,22000,18500,9800,180.0,Methanol,0.5,950.0,0.35,1471.9,16.51,18148.5,0.981,2,1.17,18.8,1.0532,89.15,370.618,1.032,860.9,0,442.569,71.951,436240.55,553.211
TRIP-0214,VESSEL-005,Neo-Panamax Green,110000,102000,16500,158.0,Hydrogen,2.98,2800.0,0.08,1383.8,14.23,95859.3,0.9398,3,1.71,18.6,1.0779,97.25,64.938,1.016,1432.3,1,79.798,14.86,247934.4,23.141
TRIP-0215,VESSEL-005,Neo-Panamax Green,110000,102000,16500,158.0,Hydrogen,2.98,2800.0,0.08,520.4,11.45,69948.8,0.6858,1,0.43,4.3,1.0065,45.45,14.888,1.016,1380.8,1,19.855,4.967,80094.0,5.758
TRIP-0216,VESSEL-002,Panamax Bulk,75000,70000,12500,168.0,Methanol,0.5,950.0,0.35,3521.7,9.77,37140.9,0.5306,2,1.58,13.8,1.0457,360.46,339.143,1.04,1138.0,1,521.17,182.027,514361.5,651.462
TRIP-0217,VESSEL-005,Neo-Panamax Green,110000,102000,16500,158.0,Hydrogen,2.98,2800.0,0.08,986.5,14.92,101523.8,0.9953,2,1.07,12.6,1.0439,66.12,51.539,1.016,1411.1,1,61.173,9.634,195784.4,17.74
TRIP-0218,VESSEL-001,Handysize Bulk,35000,32000,7200,175.0,HFO,1.0,620.0,1.0,3169.2,12.95,31043.9,0.9701,5,1.51,34.4,1.1516,244.73,178.074,1.064,709.0,0,255.233,77.159,175994.46,913.734
TRIP-0219,VESSEL-004,Feeder Container,22000,18500,9800,180.0,Methanol,0.5,950.0,0.35,3461.3,12.8,14475.1,0.7824,4,1.42,26.1,1.1141,270.41,501.948,1.032,889.0,0,667.449,165.501,649876.55,834.311
TRIP-0220,VESSEL-001,Handysize Bulk,35000,32000,7200,175.0,Methanol,0.5,950.0,0.35,2891.9,11.27,24638.8,0.77,5,3.3,30.0,1.145,256.6,235.017,1.064,639.9,0,357.867,122.85,357723.65,447.334
TRIP-0221,VESSEL-004,Feeder Container,22000,18500,9800,180.0,Hydrogen,2.98,2800.0,0.08,3839.1,16.07,7924.7,0.4284,1,0.62,5.1,1.0076,238.9,135.777,1.032,835.2,1,147.705,11.928,424874.0,42.834
TRIP-0222,VESSEL-005,Neo-Panamax Green,110000,102000,16500,158.0,Ammonia,0.46,1100.0,0.15,2567.0,10.31,43855.1,0.43,2,1.48,15.2,1.0478,248.98,361.671,1.016,1454.6,1,529.854,168.183,607339.4,286.121
TRIP-0223,VESSEL-002,Panamax Bulk,75000,70000,12500,168.0,Ammonia,0.46,1100.0,0.15,1633.4,13.54,37029.8,0.529,4,2.27,29.6,1.1194,120.64,328.266,1.04,1132.2,1,420.048,91.782,481302.8,226.826
TRIP-0224,VESSEL-002,Panamax Bulk,75000,70000,12500,168.0,Methanol,0.5,950.0,0.35,3047.1,13.11,56604.2,0.8086,3,1.2,18.0,1.077,232.43,565.819,1.04,1064.3,1,717.581,151.762,700951.95,896.976
TRIP-0225,VESSEL-001,Handysize Bulk,35000,32000,7200,175.0,Methanol,0.5,950.0,0.35,2889.5,9.85,11729.3,0.3665,3,1.51,13.0,1.0695,293.35,162.283,1.064,667.0,1,268.219,105.936,268058.05,335.274
TRIP-0226,VESSEL-002,Panamax Bulk,75000,70000,12500,168.0,Ammonia,0.46,1100.0,0.15,2179.8,10.81,69455.6,0.9922,4,1.54,24.3,1.1115,201.65,312.205,1.04,1052.8,1,437.532,125.327,500535.2,236.267
TRIP-0227,VESSEL-003,Capesize Bulk,180000,170000,21000,162.0,HFO,1.0,620.0,1.0,614.5,12.31,63809.1,0.3753,3,1.19,12.3,1.0685,49.92,73.174,1.048,1805.6,1,95.025,21.851,93915.5,340.19
TRIP-0228,VESSEL-005,Neo-Panamax Green,110000,102000,16500,158.0,LNG,1.15,780.0,0.78,3787.1,16.69,56516.0,0.5541,3,2.39,25.8,1.0887,226.91,577.371,1.016,1398.8,1,686.318,108.947,559828.04,1914.827
TRIP-0229,VESSEL-004,Feeder Container,22000,18500,9800,180.0,HFO,1.0,620.0,1.0,2503.2,13.7,10568.2,0.5713,2,1.26,14.0,1.046,182.72,198.278,1.032,910.2,0,245.116,46.838,167771.92,877.515
TRIP-0230,VESSEL-005,Neo-Panamax Green,110000,102000,16500,158.0,Ammonia,0.46,1100.0,0.15,3006.3,11.24,69343.7,0.6798,2,1.6,14.0,1.046,267.46,536.139,1.016,1386.5,1,749.291,213.152,848720.1,404.617
TRIP-0231,VESSEL-005,Neo-Panamax Green,110000,102000,16500,158.0,Ammonia,0.46,1100.0,0.15,1267.0,11.05,89851.0,0.8809,4,2.96,21.1,1.1066,114.66,229.105,1.016,1402.6,1,324.224,95.119,381146.4,175.081
TRIP-0232,VESSEL-004,Feeder Container,22000,18500,9800,180.0,HFO,1.0,620.0,1.0,1342.7,14.33,13004.9,0.703,6,5.07,40.6,1.1859,93.7,119.894,1.032,887.3,1,168.812,48.918,115963.44,604.347
TRIP-0233,VESSEL-005,Neo-Panamax Green,110000,102000,16500,158.0,Methanol,0.5,950.0,0.35,3438.6,15.53,43975.6,0.4311,2,1.65,18.4,1.0526,221.42,1011.64,1.016,1384.9,1,1212.807,201.167,1176666.65,1516.009
TRIP-0234,VESSEL-002,Panamax Bulk,75000,70000,12500,168.0,Ammonia,0.46,1100.0,0.15,3318.7,11.21,33746.7,0.4821,3,1.82,18.9,1.0784,296.05,451.684,1.04,1107.7,1,645.104,193.42,728864.4,348.356
TRIP-0235,VESSEL-003,Capesize Bulk,180000,170000,21000,162.0,LNG,1.15,780.0,0.78,2688.2,12.66,126033.9,0.7414,4,2.34,32.9,1.1243,212.34,323.307,1.048,1735.9,0,432.119,108.812,376552.82,1205.612
TRIP-0236,VESSEL-003,Capesize Bulk,180000,170000,21000,162.0,Ammonia,0.46,1100.0,0.15,1316.8,10.18,166854.4,0.9815,4,3.03,31.8,1.1227,129.35,271.009,1.048,1733.1,1,405.675,134.666,481242.5,219.065
TRIP-0237,VESSEL-002,Panamax Bulk,75000,70000,12500,168.0,LNG,1.15,780.0,0.78,3533.3,13.3,53823.4,0.7689,2,1.48,13.8,1.0457,265.66,290.807,1.04,1129.3,0,378.233,87.426,318771.74,1055.27
TRIP-0238,VESSEL-005,Neo-Panamax Green,110000,102000,16500,158.0,Hydrogen,2.98,2800.0,0.08,3494.0,16.56,90193.7,0.8843,5,3.6,22.1,1.1332,210.99,219.21,1.016,1409.9,1,262.054,42.844,758251.2,75.996
TRIP-0239,VESSEL-004,Feeder Container,22000,18500,9800,180.0,Methanol,0.5,950.0,0.35,2531.8,11.17,10156.3,0.549,3,1.94,21.8,1.0827,226.66,265.251,1.032,834.6,1,363.529,98.278,356652.55,454.411
TRIP-0240,VESSEL-004,Feeder Container,22000,18500,9800,180.0,Methanol,0.5,950.0,0.35,1990.6,11.35,7351.6,0.3974,2,0.88,11.1,1.0416,175.38,207.757,1.032,914.3,1,288.277,80.52,285163.15,360.346
TRIP-0241,VESSEL-003,Capesize Bulk,180000,170000,21000,162.0,LNG,1.15,780.0,0.78,1336.3,11.93,112146.3,0.6597,3,2.66,20.4,1.0806,112.01,139.865,1.048,1765.8,1,187.829,47.964,181506.62,524.043
TRIP-0242,VESSEL-002,Panamax Bulk,75000,70000,12500,168.0,LNG,1.15,780.0,0.78,2857.2,14.43,49736.9,0.7105,3,1.73,15.3,1.073,198.0,272.931,1.04,1080.3,0,343.68,70.749,291820.4,958.867
TRIP-0243,VESSEL-004,Feeder Container,22000,18500,9800,180.0,HFO,1.0,620.0,1.0,1985.3,17.42,15140.9,0.8184,2,1.66,17.1,1.0506,113.97,268.741,1.032,906.2,0,306.411,37.67,205774.82,1096.951
TRIP-0244,VESSEL-001,Handysize Bulk,35000,32000,7200,175.0,LNG,1.15,780.0,0.78,2695.9,13.31,26072.8,0.8148,5,3.25,29.3,1.144,202.55,134.271,1.064,660.0,1,178.942,44.671,152824.76,499.248
TRIP-0245,VESSEL-005,Neo-Panamax Green,110000,102000,16500,158.0,Hydrogen,2.98,2800.0,0.08,1500.5,10.71,59583.5,0.5842,4,1.95,29.4,1.1191,140.1,36.627,1.016,1459.2,0,56.193,19.566,186340.4,16.296
TRIP-0246,VESSEL-004,Feeder Container,22000,18500,9800,180.0,Hydrogen,2.98,2800.0,0.08,2327.1,11.63,14736.4,0.7966,3,2.04,21.9,1.0829,200.09,46.889,1.032,834.4,0,63.106,16.217,192496.8,18.301
TRIP-0247,VESSEL-005,Neo-Panamax Green,110000,102000,16500,158.0,Ammonia,0.46,1100.0,0.15,3315.8,14.66,99748.9,0.9779,6,4.33,30.9,1.1713,226.18,1079.177,1.016,1380.5,0,1438.495,359.318,1611344.5,776.787
TRIP-0248,VESSEL-005,Neo-Panamax Green,110000,102000,16500,158.0,Methanol,0.5,950.0,0.35,2101.1,16.7,68876.6,0.6753,3,1.28,17.2,1.0758,125.81,760.127,1.016,1407.0,0,926.946,166.819,909598.7,1158.683
TRIP-0249,VESSEL-001,Handysize Bulk,35000,32000,7200,175.0,HFO,1.0,620.0,1.0,3646.3,11.29,28301.3,0.8844,2,1.39,13.2,1.0448,322.97,152.711,1.064,714.0,1,218.331,65.62,148615.22,781.625
TRIP-0250,VESSEL-002,Panamax Bulk,75000,70000,12500,168.0,HFO,1.0,620.0,1.0,3232.8,10.32,54149.6,0.7736,2,1.37,12.3,1.0434,313.26,184.439,1.04,1121.3,0,261.448,77.009,185847.76,935.984
TRIP-0251,VESSEL-004,Feeder Container,22000,18500,9800,180.0,HFO,1.0,620.0,1.0,714.9,13.01,10897.6,0.5891,2,1.22,10.9,1.0413,54.95,51.275,1.032,917.5,1,64.565,13.29,51330.3,231.143
TRIP-0252,VESSEL-001,Handysize Bulk,35000,32000,7200,175.0,LNG,1.15,780.0,0.78,3747.3,10.47,26277.0,0.8212,1,0.54,10.1,1.0151,357.91,115.658,1.064,671.5,0,161.559,45.901,143766.02,450.75
TRIP-0253,VESSEL-001,Handysize Bulk,35000,32000,7200,175.0,LNG,1.15,780.0,0.78,782.6,13.71,23167.4,0.724,3,1.56,14.5,1.0717,57.08,40.476,1.064,669.6,1,51.049,10.573,53068.22,142.427
TRIP-0254,VESSEL-004,Feeder Container,22000,18500,9800,180.0,HFO,1.0,620.0,1.0,1609.3,13.6,6491.3,0.3509,3,2.65,23.9,1.0858,118.33,119.232,1.032,836.4,1,148.015,28.783,103069.3,529.894
TRIP-0255,VESSEL-001,Handysize Bulk,35000,32000,7200,175.0,Methanol,0.5,950.0,0.35,1972.6,13.29,20726.3,0.6477,2,0.68,10.5,1.0407,148.43,216.491,1.064,650.7,1,288.99,72.499,287790.5,361.238
TRIP-0256,VESSEL-002,Panamax Bulk,75000,70000,12500,168.0,Ammonia,0.46,1100.0,0.15,3405.2,15.25,67394.0,0.9628,7,4.39,53.0,1.2295,223.29,964.087,1.04,1057.6,0,1329.279,365.192,1485956.9,717.811
TRIP-0257,VESSEL-003,Capesize Bulk,180000,170000,21000,162.0,LNG,1.15,780.0,0.78,2802.9,11.17,75058.7,0.4415,4,2.59,18.5,1.1027,250.93,243.2,1.048,1811.1,1,346.501,103.301,305270.78,966.738
TRIP-0258,VESSEL-003,Capesize Bulk,180000,170000,21000,162.0,HFO,1.0,620.0,1.0,1574.9,12.07,160882.2,0.9464,3,2.5,21.9,1.0829,130.48,207.904,1.048,1736.2,0,291.162,83.258,220020.44,1042.36
TRIP-0259,VESSEL-005,Neo-Panamax Green,110000,102000,16500,158.0,Hydrogen,2.98,2800.0,0.08,996.8,14.42,65380.7,0.641,6,3.71,29.6,1.1694,69.13,44.739,1.016,1420.1,0,58.789,14.05,193609.2,17.049
TRIP-0260,VESSEL-002,Panamax Bulk,75000,70000,12500,168.0,LNG,1.15,780.0,0.78,662.4,12.78,44193.1,0.6313,2,1.13,10.3,1.0404,51.83,48.674,1.04,1055.0,1,62.289,13.615,67835.42,173.786
TRIP-0261,VESSEL-003,Capesize Bulk,180000,170000,21000,162.0,HFO,1.0,620.0,1.0,2938.7,13.16,102800.3,0.6047,2,1.36,13.5,1.0453,223.31,424.534,1.048,1770.7,0,542.569,118.035,375892.78,1942.397
TRIP-0262,VESSEL-005,Neo-Panamax Green,110000,102000,16500,158.0,LNG,1.15,780.0,0.78,1291.6,16.44,47375.1,0.4645,1,0.31,10.6,1.0159,78.56,186.733,1.016,1443.2,0,215.266,28.533,196907.48,600.592
TRIP-0263,VESSEL-001,Handysize Bulk,35000,32000,7200,175.0,Methanol,0.5,950.0,0.35,4078.1,11.17,31020.3,0.9694,3,2.44,22.8,1.0842,365.09,340.895,1.064,657.0,1,483.868,142.973,472924.6,604.835
TRIP-0264,VESSEL-004,Feeder Container,22000,18500,9800,180.0,Methanol,0.5,950.0,0.35,544.8,16.4,12474.2,0.6743,1,0.51,11.4,1.0171,33.22,126.615,1.032,856.9,1,138.438,11.823,142816.1,173.047
TRIP-0265,VESSEL-002,Panamax Bulk,75000,70000,12500,168.0,Ammonia,0.46,1100.0,0.15,3490.6,10.57,47918.1,0.6845,2,0.89,12.4,1.0436,330.24,444.452,1.04,1139.5,1,641.785,197.333,725213.5,346.564
TRIP-0266,VESSEL-001,Handysize Bulk,35000,32000,7200,175.0,Methanol,0.5,950.0,0.35,3898.2,11.16,26888.7,0.8403,6,3.88,32.2,1.1733,349.3,315.802,1.064,704.8,0,497.79,181.988,490650.5,622.238
TRIP-0267,VESSEL-004,Feeder Container,22000,18500,9800,180.0,HFO,1.0,620.0,1.0,1389.5,13.51,14371.0,0.7768,2,1.7,9.1,1.0386,102.85,112.101,1.032,884.6,1,136.497,24.396,95928.14,488.659
TRIP-0268,VESSEL-005,Neo-Panamax Green,110000,102000,16500,158.0,Hydrogen,2.98,2800.0,0.08,2411.8,13.06,74159.9,0.7271,4,1.88,22.0,1.108,184.67,90.671,1.016,1459.4,1,121.76,31.089,365428.0,35.31
TRIP-0269,VESSEL-005,Neo-Panamax Green,110000,102000,16500,158.0,LNG,1.15,780.0,0.78,3788.9,15.34,90275.6,0.8851,3,1.27,15.6,1.0734,246.99,528.654,1.016,1399.6,1,628.323,99.669,514591.94,1753.021
TRIP-0270,VESSEL-003,Capesize Bulk,180000,170000,21000,162.0,LNG,1.15,780.0,0.78,2014.8,15.64,115514.7,0.6795,4,3.21,21.6,1.1074,128.82,364.219,1.048,1799.4,1,462.998,98.779,396138.44,1291.764
TRIP-0271,VESSEL-002,Panamax Bulk,75000,70000,12500,168.0,Ammonia,0.46,1100.0,0.15,2494.6,10.41,64352.7,0.9193,2,1.11,8.4,1.0376,239.63,325.819,1.04,1062.8,0,467.483,141.664,537981.3,252.441
TRIP-0272,VESSEL-002,Panamax Bulk,75000,70000,12500,168.0,Ammonia,0.46,1100.0,0.15,1624.6,10.86,38341.0,0.5477,2,0.6,16.0,1.049,149.59,211.028,1.04,1146.7,0,283.562,72.534,335668.2,153.123
TRIP-0273,VESSEL-004,Feeder Container,22000,18500,9800,180.0,Hydrogen,2.98,2800.0,0.08,2755.6,13.91,15602.8,0.8434,5,3.95,25.1,1.1377,198.1,80.243,1.032,861.1,1,104.428,24.185,303698.4,30.284
TRIP-0274,VESSEL-004,Feeder Container,22000,18500,9800,180.0,Hydrogen,2.98,2800.0,0.08,2507.1,12.54,15643.9,0.8456,2,1.06,12.6,1.0439,199.93,59.364,1.032,909.4,0,74.287,14.923,223803.6,21.543
TRIP-0275,VESSEL-002,Panamax Bulk,75000,70000,12500,168.0,Methanol,0.5,950.0,0.35,2825.2,12.61,36732.5,0.5248,3,1.55,25.3,1.0879,224.04,452.55,1.04,1113.2,1,611.934,159.384,600587.3,764.918
TRIP-0276,VESSEL-001,Handysize Bulk,35000,32000,7200,175.0,Methanol,0.5,950.0,0.35,3561.8,11.03,30604.8,0.9564,4,2.91,23.8,1.1107,322.92,289.474,1.064,718.1,1,421.077,131.603,413273.15,526.346
TRIP-0277,VESSEL-005,Neo-Panamax Green,110000,102000,16500,158.0,Methanol,0.5,950.0,0.35,692.0,12.41,37745.9,0.3701,2,0.86,15.3,1.0479,55.76,127.933,1.016,1385.7,1,167.643,39.71,183760.85,209.554
TRIP-0278,VESSEL-005,Neo-Panamax Green,110000,102000,16500,158.0,Ammonia,0.46,1100.0,0.15,2285.3,13.85,56384.5,0.5528,3,1.6,24.7,1.0871,165.0,599.604,1.016,1371.6,1,749.66,150.056,849126.0,404.816
TRIP-0279,VESSEL-003,Capesize Bulk,180000,170000,21000,162.0,LNG,1.15,780.0,0.78,2119.3,14.22,166713.4,0.9807,2,1.45,17.0,1.0505,149.04,340.371,1.048,1784.6,1,438.918,98.547,377356.04,1224.581
TRIP-0280,VESSEL-005,Neo-Panamax Green,110000,102000,16500,158.0,Hydrogen,2.98,2800.0,0.08,1967.2,15.6,72344.5,0.7093,2,1.64,9.7,1.0395,126.1,105.065,1.016,1401.0,0,122.651,17.586,372422.8,35.569
TRIP-0281,VESSEL-003,Capesize Bulk,180000,170000,21000,162.0,HFO,1.0,620.0,1.0,2812.0,14.78,87176.7,0.5128,3,2.4,24.7,1.0871,190.26,500.499,1.048,1731.2,1,628.555,128.056,424704.1,2250.227
TRIP-0282,VESSEL-005,Neo-Panamax Green,110000,102000,16500,158.0,Ammonia,0.46,1100.0,0.15,3959.5,11.34,62992.8,0.6176,3,2.48,20.5,1.0808,349.16,707.83,1.016,1394.7,0,987.189,279.359,1114907.9,533.082
TRIP-0283,VESSEL-002,Panamax Bulk,75000,70000,12500,168.0,Ammonia,0.46,1100.0,0.15,766.8,11.5,55328.1,0.7904,2,1.06,18.8,1.0532,66.68,118.574,1.04,1128.5,1,159.515,40.941,194716.5,86.138
TRIP-0284,VESSEL-005,Neo-Panamax Green,110000,102000,16500,158.0,Hydrogen,2.98,2800.0,0.08,3982.7,16.93,57264.3,0.5614,5,1.53,29.0,1.1435,235.25,241.555,1.016,1467.7,0,305.81,64.255,885268.0,88.685
TRIP-0285,VESSEL-002,Panamax Bulk,75000,70000,12500,168.0,HFO,1.0,620.0,1.0,1202.3,15.37,49775.0,0.7111,3,1.27,19.3,1.079,78.22,149.859,1.04,1057.4,1,186.086,36.227,134623.32,666.188
TRIP-0286,VESSEL-002,Panamax Bulk,75000,70000,12500,168.0,Ammonia,0.46,1100.0,0.15,1032.6,12.8,55884.9,0.7984,3,1.21,25.0,1.0875,80.67,198.184,1.04,1056.8,0,276.255,78.071,327630.5,149.178
TRIP-0287,VESSEL-004,Feeder Container,22000,18500,9800,180.0,Hydrogen,2.98,2800.0,0.08,1489.4,15.37,14273.3,0.7715,1,0.88,6.0,1.009,96.9,52.127,1.032,901.6,0,61.224,9.097,187227.2,17.755
TRIP-0288,VESSEL-004,Feeder Container,22000,18500,9800,180.0,Hydrogen,2.98,2800.0,0.08,4002.9,15.18,16889.8,0.913,2,0.79,18.4,1.0526,263.7,140.92,1.032,907.7,1,175.229,34.309,501941.2,50.816
TRIP-0289,VESSEL-003,Capesize Bulk,180000,170000,21000,162.0,LNG,1.15,780.0,0.78,686.8,13.75,100777.8,0.5928,3,1.59,25.1,1.0877,49.95,93.902,1.048,1784.2,1,124.461,30.559,132079.58,347.246
TRIP-0290,VESSEL-001,Handysize Bulk,35000,32000,7200,175.0,LNG,1.15,780.0,0.78,842.7,9.05,20218.5,0.6318,4,3.39,23.4,1.1101,93.12,18.575,1.064,651.9,0,33.408,14.833,43808.24,93.208
TRIP-0291,VESSEL-001,Handysize Bulk,35000,32000,7200,175.0,Methanol,0.5,950.0,0.35,2769.2,9.05,23460.6,0.7331,3,1.34,22.0,1.083,305.99,143.857,1.064,635.1,1,243.34,99.483,244423.0,304.175
TRIP-0292,VESSEL-001,Handysize Bulk,35000,32000,7200,175.0,HFO,1.0,620.0,1.0,3871.3,9.09,12804.6,0.4001,3,1.66,15.0,1.0725,425.89,93.397,1.064,685.7,1,162.568,69.171,114042.16,581.993
TRIP-0293,VESSEL-002,Panamax Bulk,75000,70000,12500,168.0,LNG,1.15,780.0,0.78,3951.0,14.33,61945.8,0.8849,3,1.26,20.6,1.0809,275.72,388.037,1.04,1124.3,0,490.656,102.619,406461.68,1368.93
TRIP-0294,VESSEL-002,Panamax Bulk,75000,70000,12500,168.0,HFO,1.0,620.0,1.0,2491.8,15.02,51092.4,0.7299,2,1.04,17.8,1.0517,165.9,297.98,1.04,1116.6,1,377.54,79.56,253324.8,1351.593
TRIP-0295,VESSEL-005,Neo-Panamax Green,110000,102000,16500,158.0,Methanol,0.5,950.0,0.35,3110.2,14.41,52167.8,0.5114,3,1.7,21.1,1.0817,215.84,804.256,1.016,1463.6,0,994.986,190.73,974236.7,1243.733
TRIP-0296,VESSEL-004,Feeder Container,22000,18500,9800,180.0,Methanol,0.5,950.0,0.35,2317.1,14.52,7150.5,0.3865,5,1.82,35.3,1.153,159.58,394.758,1.032,875.0,1,500.915,106.157,487169.25,626.144
TRIP-0297,VESSEL-001,Handysize Bulk,35000,32000,7200,175.0,LNG,1.15,780.0,0.78,760.8,9.88,14537.6,0.4543,2,1.4,17.7,1.0515,77.0,19.118,1.064,707.4,0,30.095,10.977,41224.1,83.965
TRIP-0298,VESSEL-004,Feeder Container,22000,18500,9800,180.0,Hydrogen,2.98,2800.0,0.08,1820.5,14.61,12915.0,0.6981,3,2.39,23.1,1.0847,124.61,56.642,1.032,864.8,1,71.035,14.393,210198.0,20.6
TRIP-0299,VESSEL-005,Neo-Panamax Green,110000,102000,16500,158.0,Hydrogen,2.98,2800.0,0.08,1504.5,14.43,60464.4,0.5928,2,0.98,17.9,1.0518,104.26,66.811,1.016,1377.8,1,79.84,13.029,248052.0,23.154
TRIP-0300,VESSEL-005,Neo-Panamax Green,110000,102000,16500,158.0,Methanol,0.5,950.0,0.35,2208.8,16.19,58559.0,0.5741,3,0.92,16.1,1.0741,136.43,732.482,1.016,1415.9,0,897.314,164.832,881448.3,1121.642
TRIP-0301,VESSEL-004,Feeder Container,22000,18500,9800,180.0,Hydrogen,2.98,2800.0,0.08,3240.3,14.43,11641.0,0.6292,5,3.1,35.8,1.1537,224.55,96.826,1.032,863.7,0,121.378,24.552,355658.4,35.2
TRIP-0302,VESSEL-002,Panamax Bulk,75000,70000,12500,168.0,Methanol,0.5,950.0,0.35,889.8,10.95,40619.3,0.5803,2,1.22,14.7,1.047,81.26,109.0,1.04,1074.5,0,154.851,45.851,170858.45,193.564
TRIP-0303,VESSEL-003,Capesize Bulk,180000,170000,21000,162.0,LNG,1.15,780.0,0.78,2780.3,11.32,165564.8,0.9739,3,1.65,18.0,1.077,245.61,282.526,1.048,1784.1,0,403.862,121.336,354512.36,1126.775
TRIP-0304,VESSEL-002,Panamax Bulk,75000,70000,12500,168.0,LNG,1.15,780.0,0.78,2836.3,11.97,64109.0,0.9158,3,1.11,20.5,1.0808,236.95,195.764,1.04,1061.7,0,269.623,73.859,234055.94,752.248
TRIP-0305,VESSEL-002,Panamax Bulk,75000,70000,12500,168.0,HFO,1.0,620.0,1.0,3814.0,10.74,42329.6,0.6047,2,1.21,12.6,1.0439,355.12,226.114,1.04,1051.8,1,339.175,113.061,229538.5,1214.246
TRIP-0306,VESSEL-002,Panamax Bulk,75000,70000,12500,168.0,Ammonia,0.46,1100.0,0.15,3079.9,14.79,57774.9,0.8254,4,2.32,30.9,1.1213,208.24,794.299,1.04,1070.3,0,992.422,198.123,1115414.2,535.908
TRIP-0307,VESSEL-001,Handysize Bulk,35000,32000,7200,175.0,Methanol,0.5,950.0,0.35,3663.4,11.48,15015.6,0.4692,5,2.9,21.5,1.1322,319.11,286.97,1.064,664.8,1,425.498,138.528,417473.1,531.872
TRIP-0308,VESSEL-004,Feeder Container,22000,18500,9800,180.0,Hydrogen,2.98,2800.0,0.08,774.2,11.47,14271.0,0.7714,3,2.35,18.1,1.0772,67.5,15.09,1.032,933.7,1,21.39,6.3,71192.0,6.203
TRIP-0309,VESSEL-005,Neo-Panamax Green,110000,102000,16500,158.0,Ammonia,0.46,1100.0,0.15,1878.4,11.54,58939.5,0.5778,1,0.52,7.7,1.0115,162.77,344.315,1.016,1442.3,0,467.997,123.682,543796.7,252.718
TRIP-0310,VESSEL-003,Capesize Bulk,180000,170000,21000,162.0,LNG,1.15,780.0,0.78,519.7,13.97,112980.8,0.6646,4,3.05,25.3,1.1129,37.2,74.678,1.048,1736.6,1,100.43,25.752,113335.4,280.2
TRIP-0311,VESSEL-002,Panamax Bulk,75000,70000,12500,168.0,LNG,1.15,780.0,0.78,3471.1,14.19,58704.5,0.8386,3,1.15,21.4,1.0821,244.62,330.658,1.04,1112.0,0,410.709,80.051,344103.02,1145.878
TRIP-0312,VESSEL-004,Feeder Container,22000,18500,9800,180.0,Methanol,0.5,950.0,0.35,3307.2,16.25,17396.4,0.9403,3,2.08,24.4,1.0866,203.52,799.826,1.032,891.9,1,980.486,180.66,942761.7,1225.608
TRIP-0313,VESSEL-002,Panamax Bulk,75000,70000,12500,168.0,Ammonia,0.46,1100.0,0.15,1502.5,12.34,57096.1,0.8157,2,0.98,10.7,1.041,121.76,269.132,1.04,1071.5,1,354.066,84.934,408722.6,191.196
TRIP-0314,VESSEL-001,Handysize Bulk,35000,32000,7200,175.0,LNG,1.15,780.0,0.78,3540.8,12.83,19162.2,0.5988,4,3.11,20.6,1.1059,275.98,155.589,1.064,695.2,0,214.768,59.179,185269.04,599.203
TRIP-0315,VESSEL-003,Capesize Bulk,180000,170000,21000,162.0,LNG,1.15,780.0,0.78,3555.9,11.35,117924.0,0.6937,3,1.4,21.2,1.0818,313.3,339.735,1.048,1812.4,1,479.565,139.83,409060.7,1337.986
TRIP-0316,VESSEL-004,Feeder Container,22000,18500,9800,180.0,Methanol,0.5,950.0,0.35,2099.7,15.89,10904.4,0.5894,1,0.46,4.3,1.0065,132.14,449.344,1.032,921.9,0,531.044,81.7,520291.8,663.805
TRIP-0317,VESSEL-005,Neo-Panamax Green,110000,102000,16500,158.0,Hydrogen,2.98,2800.0,0.08,1695.2,10.27,79912.0,0.7835,5,4.16,26.5,1.1398,165.06,39.945,1.016,1460.1,1,61.299,21.354,196137.2,17.777
TRIP-0318,VESSEL-003,Capesize Bulk,180000,170000,21000,162.0,Ammonia,0.46,1100.0,0.15,2994.8,15.6,148049.0,0.8709,1,0.58,8.6,1.0129,191.97,1410.437,1.048,1760.4,0,1666.902,256.465,1873092.2,900.127
TRIP-0319,VESSEL-003,Capesize Bulk,180000,170000,21000,162.0,Ammonia,0.46,1100.0,0.15,2594.9,12.16,146103.1,0.8594,2,1.39,10.6,1.0409,213.4,740.565,1.048,1731.4,1,979.485,238.92,1112433.5,528.922
TRIP-0320,VESSEL-003,Capesize Bulk,180000,170000,21000,162.0,LNG,1.15,780.0,0.78,3698.4,13.38,128519.9,0.756,3,1.95,25.9,1.0889,276.41,498.601,1.048,1805.7,0,675.307,176.706,566239.46,1884.107
TRIP-0321,VESSEL-002,Panamax Bulk,75000,70000,12500,168.0,HFO,1.0,620.0,1.0,2708.4,11.84,34913.8,0.4988,5,4.29,26.8,1.1402,228.75,189.973,1.04,1102.8,1,278.754,88.781,192077.48,997.939
TRIP-0322,VESSEL-003,Capesize Bulk,180000,170000,21000,162.0,Ammonia,0.46,1100.0,0.15,3695.5,15.0,99548.7,0.5856,2,1.71,14.9,1.0474,246.37,1500.5,1.048,1735.4,1,1868.692,368.192,2090561.2,1009.094
TRIP-0323,VESSEL-001,Handysize Bulk,35000,32000,7200,175.0,HFO,1.0,620.0,1.0,3266.8,9.38,22737.5,0.7105,4,2.19,19.5,1.1042,348.27,90.662,1.064,630.2,1,144.391,53.729,102772.42,516.92
TRIP-0324,VESSEL-002,Panamax Bulk,75000,70000,12500,168.0,Ammonia,0.46,1100.0,0.15,1134.3,13.61,25636.0,0.3662,3,1.72,21.6,1.0824,83.34,220.748,1.04,1141.0,1,304.952,84.204,354697.2,164.674
TRIP-0325,VESSEL-002,Panamax Bulk,75000,70000,12500,168.0,LNG,1.15,780.0,0.78,3585.0,14.79,51094.7,0.7299,3,1.04,22.4,1.0836,242.39,361.457,1.04,1059.5,0,469.24,107.783,389757.2,1309.18
TRIP-0326,VESSEL-002,Panamax Bulk,75000,70000,12500,168.0,LNG,1.15,780.0,0.78,1411.3,14.99,52542.3,0.7506,4,2.63,24.5,1.1118,94.15,146.905,1.04,1147.6,1,191.731,44.826,168800.18,534.929
TRIP-0327,VESSEL-003,Capesize Bulk,180000,170000,21000,162.0,HFO,1.0,620.0,1.0,963.3,14.8,157246.5,0.925,2,0.86,15.6,1.0484,65.09,190.253,1.048,1790.3,1,235.132,44.879,180781.84,841.773
TRIP-0328,VESSEL-004,Feeder Container,22000,18500,9800,180.0,Hydrogen,2.98,2800.0,0.08,2976.4,14.05,11236.4,0.6074,5,2.42,31.0,1.1465,211.84,83.898,1.032,912.9,0,112.362,28.464,330413.6,32.585
TRIP-0329,VESSEL-002,Panamax Bulk,75000,70000,12500,168.0,LNG,1.15,780.0,0.78,3986.8,12.35,27012.6,0.3859,1,0.56,8.2,1.0123,322.82,256.895,1.04,1148.5,0,337.854,80.959,287276.12,942.613
TRIP-0330,VESSEL-004,Feeder Container,22000,18500,9800,180.0,Methanol,0.5,950.0,0.35,2993.8,12.8,10747.7,0.581,1,0.43,10.5,1.0157,233.89,414.925,1.032,848.7,0,496.761,81.836,487722.95,620.951
TRIP-0331,VESSEL-002,Panamax Bulk,75000,70000,12500,168.0,Methanol,0.5,950.0,0.35,3474.1,11.31,50135.1,0.7162,2,1.3,13.6,1.0454,307.17,469.553,1.04,1064.4,1,615.267,145.714,603753.65,769.084
TRIP-0332,VESSEL-001,Handysize Bulk,35000,32000,7200,175.0,HFO,1.0,620.0,1.0,3542.8,11.53,17574.4,0.5492,1,0.55,7.7,1.0115,307.27,142.82,1.064,698.5,1,199.389,56.569,136871.18,713.813
TRIP-0333,VESSEL-003,Capesize Bulk,180000,170000,21000,162.0,HFO,1.0,620.0,1.0,2490.7,15.17,94183.2,0.554,4,3.57,31.1,1.1217,164.19,471.999,1.048,1767.1,1,610.662,138.663,413610.44,2186.17
TRIP-0334,VESSEL-004,Feeder Container,22000,18500,9800,180.0,Methanol,0.5,950.0,0.35,3681.2,16.87,10820.9,0.5849,3,1.49,18.4,1.0776,218.21,887.04,1.032,910.2,0,1026.55,139.51,991022.5,1283.188
TRIP-0335,VESSEL-005,Neo-Panamax Green,110000,102000,16500,158.0,LNG,1.15,780.0,0.78,2600.6,16.66,47335.1,0.4641,3,1.78,21.0,1.0815,156.1,386.099,1.016,1393.0,1,436.947,50.848,365318.66,1219.082
TRIP-0336,VESSEL-004,Feeder Container,22000,18500,9800,180.0,HFO,1.0,620.0,1.0,1176.5,12.95,9105.0,0.4922,4,1.89,31.8,1.1227,90.85,81.746,1.032,931.0,1,113.608,31.862,81736.96,406.717
TRIP-0337,VESSEL-001,Handysize Bulk,35000,32000,7200,175.0,LNG,1.15,780.0,0.78,1859.3,11.06,27792.8,0.8685,1,0.63,10.8,1.0162,168.11,64.744,1.064,705.6,0,91.288,26.544,88954.64,254.694
TRIP-0338,VESSEL-005,Neo-Panamax Green,110000,102000,16500,158.0,Methanol,0.5,950.0,0.35,3281.2,13.65,74746.3,0.7328,3,1.98,12.7,1.0691,240.38,804.239,1.016,1407.7,0,980.913,176.674,960867.35,1226.141
TRIP-0339,VESSEL-004,Feeder Container,22000,18500,9800,180.0,HFO,1.0,620.0,1.0,1587.6,14.88,8874.1,0.4797,2,1.74,18.4,1.0526,106.69,145.208,1.032,895.0,1,179.63,34.422,122670.6,643.075
TRIP-0340,VESSEL-002,Panamax Bulk,75000,70000,12500,168.0,Methanol,0.5,950.0,0.35,3347.0,13.08,69979.9,0.9997,3,2.39,14.4,1.0716,255.89,646.8,1.04,1053.0,0,846.549,199.749,827971.55,1058.186
TRIP-0341,VESSEL-001,Handysize Bulk,35000,32000,7200,175.0,Methanol,0.5,950.0,0.35,2386.5,12.38,30140.6,0.9419,3,0.99,12.5,1.0688,192.77,243.535,1.064,681.1,0,337.983,94.448,338833.85,422.479
TRIP-0342,VESSEL-003,Capesize Bulk,180000,170000,21000,162.0,Ammonia,0.46,1100.0,0.15,683.6,12.69,85741.4,0.5044,4,1.47,26.3,1.1144,53.87,194.561,1.048,1758.1,0,265.924,71.363,332016.4,143.599
TRIP-0343,VESSEL-001,Handysize Bulk,35000,32000,7200,175.0,Methanol,0.5,950.0,0.35,3277.8,13.41,19355.5,0.6049,2,1.53,10.6,1.0409,244.43,362.439,1.064,693.7,0,476.224,113.785,470162.8,595.28
TRIP-0344,VESSEL-002,Panamax Bulk,75000,70000,12500,168.0,LNG,1.15,780.0,0.78,2441.5,9.61,62122.1,0.8875,4,1.76,21.9,1.1079,254.06,107.902,1.04,1053.0,1,170.167,62.265,151980.26,474.766
TRIP-0345,VESSEL-003,Capesize Bulk,180000,170000,21000,162.0,Ammonia,0.46,1100.0,0.15,3010.4,11.59,127066.7,0.7475,2,1.62,18.4,1.0526,259.74,759.724,1.048,1818.5,0,1015.216,255.492,1156237.6,548.217
TRIP-0346,VESSEL-002,Panamax Bulk,75000,70000,12500,168.0,HFO,1.0,620.0,1.0,3113.1,9.56,57080.3,0.8154,3,2.68,16.4,1.0746,325.64,153.944,1.04,1084.0,0,246.631,92.687,176661.22,882.939
TRIP-0347,VESSEL-003,Capesize Bulk,180000,170000,21000,162.0,HFO,1.0,620.0,1.0,2501.7,10.53,169082.4,0.9946,6,5.18,34.4,1.1766,237.58,254.178,1.048,1749.8,1,389.584,135.406,276542.08,1394.711
TRIP-0348,VESSEL-005,Neo-Panamax Green,110000,102000,16500,158.0,LNG,1.15,780.0,0.78,518.6,16.39,48256.8,0.4731,1,0.84,9.2,1.0138,31.64,74.689,1.016,1397.3,0,83.075,8.386,93798.5,231.779
TRIP-0349,VESSEL-005,Neo-Panamax Green,110000,102000,16500,158.0,Ammonia,0.46,1100.0,0.15,525.4,15.3,39386.6,0.3861,2,1.4,12.5,1.0437,34.34,161.165,1.016,1410.2,1,190.144,28.979,233658.4,102.678
TRIP-0350,VESSEL-001,Handysize Bulk,35000,32000,7200,175.0,LNG,1.15,780.0,0.78,1765.8,10.05,15040.4,0.47,3,2.4,13.7,1.0706,175.7,46.1,1.064,699.5,1,74.439,28.339,71312.42,207.685
TRIP-0351,VESSEL-005,Neo-Panamax Green,110000,102000,16500,158.0,Ammonia,0.46,1100.0,0.15,3215.4,16.65,44789.0,0.4391,3,1.95,17.5,1.0763,193.12,1184.341,1.016,1405.5,0,1411.624,227.283,1581786.4,762.277
TRIP-0352,VESSEL-003,Capesize Bulk,180000,170000,21000,162.0,LNG,1.15,780.0,0.78,2020.2,13.14,136815.7,0.8048,3,2.6,13.2,1.0698,153.74,265.786,1.048,1755.4,1,341.542,75.756,301402.76,952.902
TRIP-0353,VESSEL-002,Panamax Bulk,75000,70000,12500,168.0,HFO,1.0,620.0,1.0,841.0,9.95,40950.1,0.585,3,1.31,24.5,1.0868,84.52,42.582,1.04,1128.4,1,68.203,25.621,61535.86,244.167
TRIP-0354,VESSEL-004,Feeder Container,22000,18500,9800,180.0,Hydrogen,2.98,2800.0,0.08,1596.5,12.21,13304.9,0.7192,5,3.96,39.7,1.1596,130.75,34.855,1.032,860.0,1,50.925,16.07,153890.0,14.768
TRIP-0355,VESSEL-005,Neo-Panamax Green,110000,102000,16500,158.0,Hydrogen,2.98,2800.0,0.08,695.2,12.43,39038.2,0.3827,4,2.3,19.9,1.1048,55.93,21.707,1.016,1431.4,0,29.966,8.259,112904.8,8.69
TRIP-0356,VESSEL-005,Neo-Panamax Green,110000,102000,16500,158.0,Ammonia,0.46,1100.0,0.15,1798.0,15.74,67348.3,0.6603,3,2.35,16.6,1.0749,114.23,625.798,1.016,1390.9,0,721.743,95.945,822917.3,389.741
TRIP-0357,VESSEL-001,Handysize Bulk,35000,32000,7200,175.0,LNG,1.15,780.0,0.78,1175.9,14.02,22966.3,0.7177,2,1.29,16.4,1.0496,83.87,63.504,1.064,704.2,0,79.173,15.669,79504.94,220.893
TRIP-0358,VESSEL-005,Neo-Panamax Green,110000,102000,16500,158.0,Methanol,0.5,950.0,0.35,2726.2,10.54,63596.5,0.6235,5,2.44,25.0,1.1375,258.65,387.904,1.016,1435.4,1,583.316,195.412,578650.2,729.145
TRIP-0359,VESSEL-004,Feeder Container,22000,18500,9800,180.0,HFO,1.0,620.0,1.0,1328.7,17.5,16634.5,0.8992,2,1.21,16.5,1.0497,75.93,184.718,1.032,838.4,0,218.009,33.291,150965.58,780.472
TRIP-0360,VESSEL-003,Capesize Bulk,180000,170000,21000,162.0,LNG,1.15,780.0,0.78,2763.8,15.0,149521.1,0.8795,3,1.36,13.5,1.0703,184.25,482.367,1.048,1765.5,0,616.25,133.883,520175.0,1719.338
TRIP-0361,VESSEL-002,Panamax Bulk,75000,70000,12500,168.0,Ammonia,0.46,1100.0,0.15,1962.5,13.45,27689.9,0.3956,2,0.79,17.1,1.0506,145.91,375.922,1.04,1054.2,1,461.688,85.766,527106.8,249.312
TRIP-0362,VESSEL-003,Capesize Bulk,180000,170000,21000,162.0,LNG,1.15,780.0,0.78,1470.7,11.91,166538.5,0.9796,2,1.6,8.6,1.0379,123.48,165.646,1.048,1776.5,0,215.783,50.137,207810.74,602.035
TRIP-0363,VESSEL-005,Neo-Panamax Green,110000,102000,16500,158.0,LNG,1.15,780.0,0.78,1664.9,12.0,41758.1,0.4094,1,0.77,7.2,1.0108,138.74,126.43,1.016,1414.4,0,164.347,37.917,157190.66,458.528
TRIP-0364,VESSEL-002,Panamax Bulk,75000,70000,12500,168.0,HFO,1.0,620.0,1.0,3885.7,12.09,41746.3,0.5964,2,1.61,13.3,1.0449,321.4,291.312,1.04,1101.4,0,392.869,101.557,267328.78,1406.471
TRIP-0365,VESSEL-004,Feeder Container,22000,18500,9800,180.0,Methanol,0.5,950.0,0.35,1506.4,13.28,6947.2,0.3755,1,0.89,11.7,1.0175,113.43,214.104,1.032,873.5,1,257.785,43.681,256195.75,322.231
TRIP-0366,VESSEL-003,Capesize Bulk,180000,170000,21000,162.0,LNG,1.15,780.0,0.78,2791.6,10.79,101738.9,0.5985,3,2.3,26.0,1.089,258.72,235.368,1.048,1749.1,1,356.399,121.031,312991.22,994.353
TRIP-0367,VESSEL-002,Panamax Bulk,75000,70000,12500,168.0,HFO,1.0,620.0,1.0,743.1,11.33,33513.3,0.4788,5,2.76,29.9,1.1449,65.59,47.486,1.04,1141.7,1,70.333,22.847,62856.46,251.792
TRIP-0368,VESSEL-001,Handysize Bulk,35000,32000,7200,175.0,LNG,1.15,780.0,0.78,1954.5,13.94,12949.9,0.4047,2,0.62,15.3,1.0479,140.21,96.543,1.064,686.2,0,125.015,28.472,115261.7,348.792
TRIP-0369,VESSEL-003,Capesize Bulk,180000,170000,21000,162.0,Ammonia,0.46,1100.0,0.15,4106.4,10.14,151761.7,0.8927,2,0.88,17.6,1.0514,404.97,821.34,1.048,1822.6,0,1199.822,378.482,1359304.2,647.904
TRIP-0370,VESSEL-001,Handysize Bulk,35000,32000,7200,175.0,Methanol,0.5,950.0,0.35,2658.0,11.16,11796.0,0.3686,1,0.77,6.5,1.0097,238.17,191.732,1.064,630.0,1,263.81,72.078,263869.5,329.762
TRIP-0371,VESSEL-005,Neo-Panamax Green,110000,102000,16500,158.0,Hydrogen,2.98,2800.0,0.08,1518.4,16.82,71780.4,0.7037,4,1.85,31.4,1.1221,90.27,94.147,1.016,1407.5,0,113.825,19.678,347710.0,33.009
TRIP-0372,VESSEL-003,Capesize Bulk,180000,170000,21000,162.0,HFO,1.0,620.0,1.0,1459.7,11.33,94589.8,0.5564,1,0.35,5.5,1.0083,128.83,154.387,1.048,1735.1,1,207.082,52.695,163390.84,741.354
TRIP-0373,VESSEL-005,Neo-Panamax Green,110000,102000,16500,158.0,Methanol,0.5,950.0,0.35,2952.3,11.96,57711.5,0.5658,5,3.78,34.6,1.1519,246.85,533.172,1.016,1418.4,0,770.082,236.91,760577.9,962.602
TRIP-0374,VESSEL-005,Neo-Panamax Green,110000,102000,16500,158.0,Hydrogen,2.98,2800.0,0.08,2525.4,12.07,96086.2,0.942,4,2.03,22.9,1.1094,209.23,85.302,1.016,1382.6,0,120.374,35.072,366047.2,34.908
TRIP-0375,VESSEL-004,Feeder Container,22000,18500,9800,180.0,Methanol,0.5,950.0,0.35,1215.7,13.74,14858.4,0.8032,3,1.37,24.4,1.0866,88.48,204.073,1.032,923.6,0,254.179,50.106,257270.05,317.724
TRIP-0376,VESSEL-004,Feeder Container,22000,18500,9800,180.0,Hydrogen,2.98,2800.0,0.08,2518.7,16.53,8171.8,0.4417,2,0.65,15.2,1.0478,152.37,94.55,1.032,887.5,0,108.999,14.449,320997.2,31.61
TRIP-0377,VESSEL-004,Feeder Container,22000,18500,9800,180.0,HFO,1.0,620.0,1.0,2144.8,17.93,6836.0,0.3695,3,1.11,14.4,1.0716,119.62,277.451,1.032,869.2,1,327.46,50.009,214325.2,1172.307
TRIP-0378,VESSEL-005,Neo-Panamax Green,110000,102000,16500,158.0,Hydrogen,2.98,2800.0,0.08,2081.7,14.34,62961.9,0.6173,2,1.28,17.4,1.0511,145.17,91.854,1.016,1390.2,1,115.773,23.919,348664.4,33.574
TRIP-0379,VESSEL-003,Capesize Bulk,180000,170000,21000,162.0,HFO,1.0,620.0,1.0,2731.8,10.78,70499.9,0.4147,3,1.36,18.6,1.0779,253.41,252.086,1.048,1779.2,1,377.835,125.749,269257.7,1352.649
TRIP-0380,VESSEL-002,Panamax Bulk,75000,70000,12500,168.0,LNG,1.15,780.0,0.78,966.0,14.69,29179.3,0.4168,6,4.23,43.5,1.1903,65.76,88.79,1.04,1082.4,1,118.601,29.811,111758.78,330.897
TRIP-0381,VESSEL-001,Handysize Bulk,35000,32000,7200,175.0,LNG,1.15,780.0,0.78,2628.8,12.32,25396.7,0.7936,3,1.4,22.8,1.0842,213.38,111.623,1.064,648.6,1,148.238,36.615,128875.64,413.584
TRIP-0382,VESSEL-001,Handysize Bulk,35000,32000,7200,175.0,LNG,1.15,780.0,0.78,984.6,10.2,12446.8,0.389,3,2.43,12.6,1.0689,96.53,25.933,1.064,699.4,0,41.717,15.784,50289.26,116.39
TRIP-0383,VESSEL-002,Panamax Bulk,75000,70000,12500,168.0,HFO,1.0,620.0,1.0,2221.7,15.07,39604.7,0.5658,1,0.35,6.1,1.0091,147.43,256.812,1.04,1052.8,1,291.769,34.957,200146.78,1044.533
TRIP-0384,VESSEL-003,Capesize Bulk,180000,170000,21000,162.0,LNG,1.15,780.0,0.78,686.5,13.98,166166.0,0.9774,5,3.23,31.3,1.147,49.11,106.493,1.048,1780.0,0,149.653,43.16,156229.34,417.532
TRIP-0385,VESSEL-005,Neo-Panamax Green,110000,102000,16500,158.0,Methanol,0.5,950.0,0.35,3693.1,10.89,88753.7,0.8701,2,1.62,18.9,1.0534,339.13,595.23,1.016,1442.7,1,794.877,199.647,779633.15,993.596
TRIP-0386,VESSEL-004,Feeder Container,22000,18500,9800,180.0,Methanol,0.5,950.0,0.35,3298.4,15.07,9525.0,0.5149,1,0.85,6.6,1.0099,218.87,624.022,1.032,846.8,0,738.439,114.417,717317.05,923.049
TRIP-0387,VESSEL-004,Feeder Container,22000,18500,9800,180.0,HFO,1.0,620.0,1.0,1768.1,15.66,13167.9,0.7118,2,0.71,17.1,1.0506,112.91,188.922,1.032,925.8,0,220.947,32.025,152787.14,790.99
TRIP-0388,VESSEL-003,Capesize Bulk,180000,170000,21000,162.0,LNG,1.15,780.0,0.78,3134.9,10.71,59503.4,0.35,3,1.36,12.2,1.0683,292.71,244.037,1.048,1784.0,1,364.363,120.326,319203.14,1016.573
TRIP-0389,VESSEL-003,Capesize Bulk,180000,170000,21000,162.0,Ammonia,0.46,1100.0,0.15,3505.4,15.39,120618.9,0.7095,3,2.1,25.8,1.0887,227.77,1545.408,1.048,1752.6,0,1911.383,365.975,2142021.3,1032.147
TRIP-0390,VESSEL-003,Capesize Bulk,180000,170000,21000,162.0,Ammonia,0.46,1100.0,0.15,2467.9,15.92,108573.4,0.6387,5,4.49,31.7,1.1476,155.02,1143.948,1.048,1811.2,0,1404.794,260.846,1584773.4,758.589
TRIP-0391,VESSEL-001,Handysize Bulk,35000,32000,7200,175.0,HFO,1.0,620.0,1.0,2691.5,11.69,29078.8,0.9087,4,2.08,28.6,1.1179,230.24,121.526,1.064,692.7,0,176.48,54.954,127167.6,631.798
TRIP-0392,VESSEL-004,Feeder Container,22000,18500,9800,180.0,Hydrogen,2.98,2800.0,0.08,2790.9,14.5,15256.2,0.8247,2,0.63,11.1,1.0416,192.48,87.955,1.032,878.3,1,102.992,15.037,299677.6,29.868
TRIP-0393,VESSEL-003,Capesize Bulk,180000,170000,21000,162.0,Ammonia,0.46,1100.0,0.15,2437.2,11.36,120391.1,0.7082,2,0.96,11.1,1.0416,214.54,585.236,1.048,1807.2,1,823.675,238.439,941042.5,444.784
TRIP-0394,VESSEL-003,Capesize Bulk,180000,170000,21000,162.0,LNG,1.15,780.0,0.78,2435.9,11.77,162546.2,0.9562,2,1.08,14.6,1.0469,206.96,266.504,1.048,1795.3,0,359.532,93.028,319934.96,1003.094
TRIP-0395,VESSEL-003,Capesize Bulk,180000,170000,21000,162.0,Ammonia,0.46,1100.0,0.15,776.2,10.81,158246.7,0.9309,5,4.49,34.0,1.151,71.8,178.021,1.048,1807.0,1,272.855,94.834,335140.5,147.342
TRIP-0396,VESSEL-005,Neo-Panamax Green,110000,102000,16500,158.0,Hydrogen,2.98,2800.0,0.08,3582.9,16.47,100354.4,0.9839,2,1.76,14.9,1.0474,217.54,227.502,1.016,1463.1,1,261.794,34.292,757523.2,75.92
TRIP-0397,VESSEL-002,Panamax Bulk,75000,70000,12500,168.0,Methanol,0.5,950.0,0.35,3423.1,11.72,49546.5,0.7078,2,1.3,11.8,1.0427,292.07,495.791,1.04,1131.6,0,653.1,157.309,644195.0,816.375
TRIP-0398,VESSEL-003,Capesize Bulk,180000,170000,21000,162.0,LNG,1.15,780.0,0.78,922.3,13.0,71250.3,0.4191,5,4.12,29.0,1.1435,70.95,107.761,1.048,1828.6,0,150.899,43.138,157201.22,421.008
TRIP-0399,VESSEL-003,Capesize Bulk,180000,170000,21000,162.0,Ammonia,0.46,1100.0,0.15,1968.7,13.7,110047.5,0.6473,3,1.65,22.2,1.0833,143.7,677.252,1.048,1743.5,0,863.718,186.466,989589.8,466.408
TRIP-0400,VESSEL-005,Neo-Panamax Green,110000,102000,16500,158.0,Methanol,0.5,950.0,0.35,969.2,12.81,58115.0,0.5698,3,1.19,22.3,1.0835,75.66,200.995,1.016,1390.9,0,259.067,58.072,275113.65,323.834
TRIP-0401,VESSEL-001,Handysize Bulk,35000,32000,7200,175.0,Methanol,0.5,950.0,0.35,2634.8,12.27,29335.8,0.9167,2,1.56,13.9,1.0458,214.74,262.615,1.064,633.9,0,352.763,90.148,352874.85,440.954
TRIP-0402,VESSEL-004,Feeder Container,22000,18500,9800,180.0,HFO,1.0,620.0,1.0,2101.3,12.0,8296.1,0.4484,3,1.05,25.2,1.0878,175.11,124.081,1.032,909.5,1,170.944,46.863,117285.28,611.98
TRIP-0403,VESSEL-004,Feeder Container,22000,18500,9800,180.0,Methanol,0.5,950.0,0.35,2831.3,11.56,12209.0,0.6599,4,3.08,20.7,1.106,244.92,325.872,1.032,928.1,1,465.635,139.763,453653.25,582.044
TRIP-0404,VESSEL-005,Neo-Panamax Green,110000,102000,16500,158.0,Methanol,0.5,950.0,0.35,3495.8,14.71,67608.7,0.6628,6,1.88,46.6,1.1949,237.65,978.308,1.016,1378.6,1,1232.181,253.873,1195071.95,1540.226
TRIP-0405,VESSEL-001,Handysize Bulk,35000,32000,7200,175.0,Methanol,0.5,950.0,0.35,2882.6,9.73,20349.0,0.6359,3,1.0,20.4,1.0806,296.26,169.086,1.064,716.2,0,268.207,99.121,272546.65,335.259
TRIP-0406,VESSEL-003,Capesize Bulk,180000,170000,21000,162.0,Ammonia,0.46,1100.0,0.15,2675.6,14.92,150810.7,0.8871,3,2.34,19.8,1.0797,179.33,1157.106,1.048,1812.6,1,1427.836,270.73,1605619.6,771.031
TRIP-0407,VESSEL-001,Handysize Bulk,35000,32000,7200,175.0,Methanol,0.5,950.0,0.35,4044.4,12.29,19814.1,0.6192,3,1.99,15.1,1.0727,329.08,376.946,1.064,688.6,0,501.877,124.931,494533.15,627.346
TRIP-0408,VESSEL-005,Neo-Panamax Green,110000,102000,16500,158.0,Methanol,0.5,950.0,0.35,2509.1,11.98,91208.8,0.8942,3,2.03,12.2,1.0683,209.44,492.15,1.016,1384.3,1,651.984,159.834,643884.8,814.98
TRIP-0409,VESSEL-005,Neo-Panamax Green,110000,102000,16500,158.0,Ammonia,0.46,1100.0,0.15,3662.8,14.19,61232.3,0.6003,6,4.98,30.2,1.1703,258.13,1020.911,1.016,1389.4,0,1358.021,337.11,1522823.1,733.331
TRIP-0410,VESSEL-005,Neo-Panamax Green,110000,102000,16500,158.0,Ammonia,0.46,1100.0,0.15,4051.2,16.15,72687.0,0.7126,1,0.36,4.4,1.0066,250.85,1503.535,1.016,1388.5,1,1684.822,181.287,1877804.2,909.804
TRIP-0411,VESSEL-005,Neo-Panamax Green,110000,102000,16500,158.0,Hydrogen,2.98,2800.0,0.08,3616.0,10.32,98417.9,0.9649,2,0.69,9.9,1.0398,350.39,89.759,1.016,1382.7,0,126.697,36.938,383751.6,36.742
TRIP-0412,VESSEL-001,Handysize Bulk,35000,32000,7200,175.0,Methanol,0.5,950.0,0.35,4011.2,14.44,25433.7,0.7948,2,1.06,14.1,1.0461,277.78,538.287,1.064,633.7,0,650.111,111.824,635355.45,812.639
TRIP-0413,VESSEL-001,Handysize Bulk,35000,32000,7200,175.0,Methanol,0.5,950.0,0.35,2030.6,10.82,27132.2,0.8479,4,2.59,16.4,1.0996,187.67,154.906,1.064,724.9,0,237.388,82.482,243268.6,296.735
TRIP-0414,VESSEL-005,Neo-Panamax Green,110000,102000,16500,158.0,LNG,1.15,780.0,0.78,2784.9,11.19,39079.6,0.3831,2,1.31,9.2,1.0388,248.87,182.632,1.016,1403.2,1,252.326,69.694,221314.28,703.99
TRIP-0415,VESSEL-005,Neo-Panamax Green,110000,102000,16500,158.0,Methanol,0.5,950.0,0.35,3621.9,14.39,78626.5,0.7708,2,1.42,18.6,1.0529,251.7,995.679,1.016,1443.0,1,1276.377,280.698,1237058.15,1595.471
TRIP-0416,VESSEL-003,Capesize Bulk,180000,170000,21000,162.0,LNG,1.15,780.0,0.78,3206.8,14.86,89627.9,0.5272,3,1.84,13.0,1.0695,215.8,503.569,1.048,1748.1,1,625.578,122.009,522950.84,1745.363
TRIP-0417,VESSEL-003,Capesize Bulk,180000,170000,21000,162.0,LNG,1.15,780.0,0.78,3000.3,13.91,110290.7,0.6488,3,1.92,12.8,1.0692,215.69,425.754,1.048,1793.3,0,519.182,93.428,444461.96,1448.518
TRIP-0418,VESSEL-001,Handysize Bulk,35000,32000,7200,175.0,HFO,1.0,620.0,1.0,3204.3,10.95,17498.9,0.5468,4,2.61,32.0,1.123,292.63,116.436,1.064,661.0,0,185.17,68.734,132555.4,662.909
TRIP-0419,VESSEL-005,Neo-Panamax Green,110000,102000,16500,158.0,LNG,1.15,780.0,0.78,1331.0,11.39,56585.2,0.5548,1,0.8,6.0,1.009,116.86,94.524,1.016,1417.3,0,125.132,30.608,126602.96,349.118
TRIP-0420,VESSEL-005,Neo-Panamax Green,110000,102000,16500,158.0,LNG,1.15,780.0,0.78,2398.7,12.89,48678.6,0.4772,2,1.13,11.5,1.0422,186.09,213.907,1.016,1461.2,0,271.888,57.981,241072.64,758.568
TRIP-0421,VESSEL-004,Feeder Container,22000,18500,9800,180.0,HFO,1.0,620.0,1.0,2037.4,12.28,10311.5,0.5574,5,2.23,21.8,1.1327,165.91,129.242,1.032,865.9,0,176.083,46.841,124971.46,630.377
TRIP-0422,VESSEL-001,Handysize Bulk,35000,32000,7200,175.0,HFO,1.0,620.0,1.0,2875.7,9.69,16475.1,0.5148,2,1.19,9.3,1.0389,296.77,81.178,1.064,684.8,0,129.733,48.555,98184.46,464.444
TRIP-0423,VESSEL-005,Neo-Panamax Green,110000,102000,16500,158.0,Ammonia,0.46,1100.0,0.15,1594.3,15.66,76252.2,0.7476,2,0.99,9.8,1.0397,101.81,561.061,1.016,1388.1,0,644.338,83.277,737771.8,347.943
TRIP-0424,VESSEL-005,Neo-Panamax Green,110000,102000,16500,158.0,Methanol,0.5,950.0,0.35,3576.7,14.13,40167.1,0.3938,2,1.47,16.5,1.0497,253.13,862.638,1.016,1441.5,1,1096.175,233.537,1065866.25,1370.219
TRIP-0425,VESSEL-004,Feeder Container,22000,18500,9800,180.0,HFO,1.0,620.0,1.0,2902.7,16.68,6641.7,0.359,4,3.12,31.9,1.1228,174.02,324.133,1.032,836.0,1,427.234,103.101,276185.08,1529.498
TRIP-0426,VESSEL-002,Panamax Bulk,75000,70000,12500,168.0,HFO,1.0,620.0,1.0,3164.6,15.09,69861.2,0.998,2,1.66,8.5,1.0377,209.72,406.821,1.04,1073.1,1,465.088,58.267,307604.56,1665.015
TRIP-0427,VESSEL-005,Neo-Panamax Green,110000,102000,16500,158.0,Ammonia,0.46,1100.0,0.15,3678.7,11.54,44857.7,0.4398,3,2.11,15.3,1.073,318.78,651.015,1.016,1445.8,0,887.416,236.401,1005157.6,479.205
TRIP-0428,VESSEL-005,Neo-Panamax Green,110000,102000,16500,158.0,Ammonia,0.46,1100.0,0.15,3779.3,12.7,60492.7,0.5931,2,0.78,11.6,1.0424,297.58,842.233,1.016,1375.4,0,1094.322,252.089,1232754.2,590.934
TRIP-0429,VESSEL-001,Handysize Bulk,35000,32000,7200,175.0,HFO,1.0,620.0,1.0,3186.6,11.36,24346.0,0.7608,3,1.17,14.9,1.0724,280.51,131.276,1.064,657.3,0,179.961,48.685,129325.82,644.26
TRIP-0430,VESSEL-001,Handysize Bulk,35000,32000,7200,175.0,Methanol,0.5,950.0,0.35,3630.7,13.13,29857.5,0.933,2,1.75,12.1,1.0431,276.52,415.918,1.064,659.9,0,554.969,139.051,544970.55,693.711
TRIP-0431,VESSEL-003,Capesize Bulk,180000,170000,21000,162.0,LNG,1.15,780.0,0.78,3739.3,11.9,148875.3,0.8757,2,1.63,17.4,1.0511,314.23,410.388,1.048,1806.5,1,554.414,144.026,467442.92,1546.815
TRIP-0432,VESSEL-005,Neo-Panamax Green,110000,102000,16500,158.0,Methanol,0.5,950.0,0.35,2889.2,12.32,68888.4,0.6754,3,1.12,16.4,1.0746,234.51,568.888,1.016,1450.2,1,738.188,169.3,725778.6,922.735
TRIP-0433,VESSEL-003,Capesize Bulk,180000,170000,21000,162.0,LNG,1.15,780.0,0.78,1371.8,10.51,134933.1,0.7937,5,4.11,25.8,1.1387,130.52,115.156,1.048,1808.3,1,174.071,58.915,170775.38,485.658
TRIP-0434,VESSEL-003,Capesize Bulk,180000,170000,21000,162.0,Ammonia,0.46,1100.0,0.15,3680.8,13.83,93439.6,0.5496,6,2.58,26.0,1.164,266.15,1258.887,1.048,1749.5,1,1740.771,481.884,1949848.1,940.016
TRIP-0435,VESSEL-002,Panamax Bulk,75000,70000,12500,168.0,HFO,1.0,620.0,1.0,2638.0,13.32,42781.6,0.6112,2,1.17,16.7,1.05,198.05,240.951,1.04,1148.1,1,301.589,60.638,206235.18,1079.689
TRIP-0436,VESSEL-005,Neo-Panamax Green,110000,102000,16500,158.0,Ammonia,0.46,1100.0,0.15,1015.2,10.99,55871.2,0.5478,3,1.45,16.6,1.0749,92.37,167.496,1.016,1377.1,0,222.649,55.153,273913.9,120.23
TRIP-0437,VESSEL-002,Panamax Bulk,75000,70000,12500,168.0,Ammonia,0.46,1100.0,0.15,2829.6,10.9,56131.0,0.8019,5,1.9,39.6,1.1594,259.6,394.162,1.04,1108.3,0,600.053,205.891,683808.3,324.029
TRIP-0438,VESSEL-002,Panamax Bulk,75000,70000,12500,168.0,LNG,1.15,780.0,0.78,951.0,12.28,26013.7,0.3716,3,1.01,17.6,1.0764,77.44,60.355,1.04,1097.4,1,78.544,18.189,80514.32,219.138
TRIP-0439,VESSEL-001,Handysize Bulk,35000,32000,7200,175.0,LNG,1.15,780.0,0.78,3404.7,11.28,19981.6,0.6244,2,1.58,15.1,1.0476,301.84,116.374,1.064,667.9,1,157.123,40.749,135805.94,438.373
TRIP-0440,VESSEL-005,Neo-Panamax Green,110000,102000,16500,158.0,Ammonia,0.46,1100.0,0.15,4184.2,12.25,75218.1,0.7374,3,2.56,16.8,1.0752,341.57,898.821,1.016,1375.5,0,1172.608,273.787,1318868.8,633.208
TRIP-0441,VESSEL-005,Neo-Panamax Green,110000,102000,16500,158.0,Methanol,0.5,950.0,0.35,3885.5,11.54,35715.1,0.3501,4,2.98,18.9,1.1034,336.7,617.893,1.016,1382.0,1,877.405,259.512,858034.75,1096.756
TRIP-0442,VESSEL-001,Handysize Bulk,35000,32000,7200,175.0,HFO,1.0,620.0,1.0,1790.7,9.66,21857.8,0.6831,3,2.02,22.1,1.0832,185.37,52.36,1.064,637.1,0,82.771,30.411,69068.02,296.32
TRIP-0443,VESSEL-002,Panamax Bulk,75000,70000,12500,168.0,Methanol,0.5,950.0,0.35,2811.3,14.0,36990.1,0.5284,1,0.57,9.9,1.0149,200.81,555.613,1.04,1118.7,1,677.38,121.767,662761.0,846.725
TRIP-0444,VESSEL-003,Capesize Bulk,180000,170000,21000,162.0,LNG,1.15,780.0,0.78,4158.7,14.67,110411.1,0.6495,3,2.68,22.6,1.0839,283.48,656.503,1.048,1754.9,1,833.54,177.037,685161.2,2325.577
TRIP-0445,VESSEL-001,Handysize Bulk,35000,32000,7200,175.0,LNG,1.15,780.0,0.78,1778.6,9.54,25892.5,0.8091,1,0.54,5.9,1.0089,186.44,45.449,1.064,707.9,0,72.947,27.498,74648.66,203.522
TRIP-0446,VESSEL-001,Handysize Bulk,35000,32000,7200,175.0,LNG,1.15,780.0,0.78,752.3,10.33,16058.2,0.5018,2,1.27,11.2,1.0418,72.83,20.919,1.064,667.7,0,31.043,10.124,41963.54,86.61
TRIP-0447,VESSEL-003,Capesize Bulk,180000,170000,21000,162.0,LNG,1.15,780.0,0.78,895.2,12.96,95982.2,0.5646,6,2.02,30.8,1.1712,69.07,107.949,1.048,1759.8,1,149.586,41.637,151677.08,417.345
TRIP-0448,VESSEL-003,Capesize Bulk,180000,170000,21000,162.0,Ammonia,0.46,1100.0,0.15,3864.9,10.74,67294.2,0.3958,2,1.59,14.0,1.046,359.86,765.735,1.048,1737.8,1,1090.904,325.169,1234994.4,589.088
TRIP-0449,VESSEL-003,Capesize Bulk,180000,170000,21000,162.0,HFO,1.0,620.0,1.0,3659.6,15.16,78153.5,0.4597,1,0.61,10.2,1.0153,241.4,675.87,1.048,1823.5,0,801.678,125.808,536540.36,2870.007
TRIP-0450,VESSEL-002,Panamax Bulk,75000,70000,12500,168.0,LNG,1.15,780.0,0.78,2148.2,15.22,58831.4,0.8404,3,2.16,14.7,1.072,141.14,235.516,1.04,1094.7,1,290.315,54.799,245695.7,809.979
TRIP-0451,VESSEL-001,Handysize Bulk,35000,32000,7200,175.0,HFO,1.0,620.0,1.0,823.6,9.86,22578.5,0.7056,3,1.64,12.6,1.0689,83.53,25.227,1.064,653.4,0,38.957,13.73,41903.34,139.466
TRIP-0452,VESSEL-003,Capesize Bulk,180000,170000,21000,162.0,HFO,1.0,620.0,1.0,3567.9,14.24,115157.6,0.6774,3,2.02,18.7,1.078,250.55,614.561,1.048,1777.8,1,778.772,164.211,517838.64,2788.004
TRIP-0453,VESSEL-003,Capesize Bulk,180000,170000,21000,162.0,Ammonia,0.46,1100.0,0.15,2465.1,13.8,109256.2,0.6427,4,3.18,27.8,1.1167,178.63,859.444,1.048,1822.4,1,1150.894,291.45,1300983.4,621.483
TRIP-0454,VESSEL-002,Panamax Bulk,75000,70000,12500,168.0,Methanol,0.5,950.0,0.35,2542.2,14.45,55840.9,0.7977,2,1.11,18.6,1.0529,175.93,571.995,1.04,1115.8,1,725.448,153.453,708425.6,906.81
TRIP-0455,VESSEL-004,Feeder Container,22000,18500,9800,180.0,HFO,1.0,620.0,1.0,3136.9,14.68,15605.7,0.8436,2,1.17,13.2,1.0448,213.69,303.204,1.032,871.8,0,339.82,36.616,226488.4,1216.556
TRIP-0456,VESSEL-004,Feeder Container,22000,18500,9800,180.0,Methanol,0.5,950.0,0.35,3658.5,11.51,13398.8,0.7243,4,2.06,17.5,1.1013,317.85,423.509,1.032,854.2,1,594.743,171.234,576305.85,743.429
TRIP-0457,VESSEL-001,Handysize Bulk,35000,32000,7200,175.0,HFO,1.0,620.0,1.0,1969.9,10.27,28857.6,0.9018,2,1.57,11.8,1.0427,191.81,68.54,1.064,637.1,1,104.554,36.014,78073.48,374.303
TRIP-0458,VESSEL-005,Neo-Panamax Green,110000,102000,16500,158.0,LNG,1.15,780.0,0.78,799.5,13.11,54421.0,0.5335,5,3.69,26.0,1.139,60.98,74.813,1.016,1429.9,0,105.463,30.65,111261.14,294.242
TRIP-0459,VESSEL-001,Handysize Bulk,35000,32000,7200,175.0,HFO,1.0,620.0,1.0,3230.3,10.86,31002.9,0.9688,3,2.49,12.7,1.0691,297.45,127.609,1.064,651.7,1,175.942,48.333,122334.04,629.872
TRIP-0460,VESSEL-004,Feeder Container,22000,18500,9800,180.0,Methanol,0.5,950.0,0.35,4057.7,13.97,10589.1,0.5724,3,1.78,16.9,1.0754,290.46,668.569,1.032,925.0,1,842.575,174.006,811746.25,1053.219
TRIP-0461,VESSEL-001,Handysize Bulk,35000,32000,7200,175.0,HFO,1.0,620.0,1.0,3446.3,10.72,26282.3,0.8213,4,3.57,29.5,1.1192,321.48,128.238,1.064,686.1,0,198.469,70.231,140800.78,710.519
TRIP-0462,VESSEL-001,Handysize Bulk,35000,32000,7200,175.0,HFO,1.0,620.0,1.0,1933.6,9.11,12500.1,0.3906,3,1.74,20.7,1.0811,212.25,46.738,1.064,674.0,1,77.536,30.798,61322.32,277.579
TRIP-0463,VESSEL-003,Capesize Bulk,180000,170000,21000,162.0,LNG,1.15,780.0,0.78,3269.9,11.22,91756.2,0.5397,3,1.29,25.5,1.0882,291.43,293.672,1.048,1801.5,1,423.027,129.355,364961.06,1180.245
TRIP-0464,VESSEL-004,Feeder Container,22000,18500,9800,180.0,Methanol,0.5,950.0,0.35,1433.0,14.68,14980.0,0.8097,3,1.12,14.9,1.0724,97.62,274.993,1.032,834.1,0,340.687,65.694,339452.65,425.859
TRIP-0465,VESSEL-001,Handysize Bulk,35000,32000,7200,175.0,Methanol,0.5,950.0,0.35,3604.7,10.33,24996.9,0.7812,3,1.18,22.2,1.0833,348.95,246.764,1.064,686.0,1,386.171,139.407,380112.45,482.714
TRIP-0466,VESSEL-003,Capesize Bulk,180000,170000,21000,162.0,LNG,1.15,780.0,0.78,2339.8,15.62,116482.3,0.6852,2,0.73,17.3,1.0509,149.8,422.51,1.048,1791.4,0,520.571,98.061,445545.38,1452.393
TRIP-0467,VESSEL-003,Capesize Bulk,180000,170000,21000,162.0,LNG,1.15,780.0,0.78,811.8,11.24,153580.3,0.9034,3,2.12,15.8,1.0737,72.22,80.001,1.048,1812.8,0,114.529,34.528,128832.62,319.536
TRIP-0468,VESSEL-003,Capesize Bulk,180000,170000,21000,162.0,HFO,1.0,620.0,1.0,3267.7,11.72,116747.5,0.6867,4,2.89,31.8,1.1227,278.81,382.154,1.048,1803.9,0,557.066,174.912,384880.92,1994.296
TRIP-0469,VESSEL-002,Panamax Bulk,75000,70000,12500,168.0,Ammonia,0.46,1100.0,0.15,2469.2,10.66,28718.5,0.4103,4,1.44,29.5,1.1192,231.63,298.259,1.04,1131.2,0,450.287,152.028,519065.7,243.155
TRIP-0470,VESSEL-002,Panamax Bulk,75000,70000,12500,168.0,LNG,1.15,780.0,0.78,2655.9,13.77,65375.2,0.9339,2,0.75,15.9,1.0488,192.88,243.613,1.04,1068.4,0,300.467,56.854,258114.26,838.303
TRIP-0471,VESSEL-003,Capesize Bulk,180000,170000,21000,162.0,Ammonia,0.46,1100.0,0.15,2009.2,10.15,86994.5,0.5117,2,0.76,16.0,1.049,197.95,366.528,1.048,1811.3,0,566.539,200.011,662692.9,305.931
TRIP-0472,VESSEL-005,Neo-Panamax Green,110000,102000,16500,158.0,Methanol,0.5,950.0,0.35,3478.9,15.99,85421.9,0.8375,2,0.68,17.8,1.0517,217.57,1199.654,1.016,1408.8,0,1375.509,175.855,1335733.55,1719.386
TRIP-0473,VESSEL-002,Panamax Bulk,75000,70000,12500,168.0,LNG,1.15,780.0,0.78,1669.2,14.52,63743.3,0.9106,5,1.62,21.0,1.1315,114.96,169.322,1.04,1112.4,1,219.924,50.602,190790.72,613.588
TRIP-0474,VESSEL-005,Neo-Panamax Green,110000,102000,16500,158.0,Hydrogen,2.98,2800.0,0.08,2193.0,11.26,54353.5,0.5329,3,2.31,22.5,1.0837,194.76,58.412,1.016,1415.7,1,81.421,23.009,252478.8,23.612
TRIP-0475,VESSEL-002,Panamax Bulk,75000,70000,12500,168.0,Methanol,0.5,950.0,0.35,1898.6,11.03,62172.9,0.8882,6,3.48,42.2,1.1883,172.13,254.277,1.04,1090.2,1,368.983,114.706,369783.85,461.229
TRIP-0476,VESSEL-001,Handysize Bulk,35000,32000,7200,175.0,HFO,1.0,620.0,1.0,1955.1,10.38,13291.7,0.4154,3,2.45,16.8,1.0752,188.35,61.746,1.064,691.4,0,93.101,31.355,75472.62,333.302
TRIP-0477,VESSEL-005,Neo-Panamax Green,110000,102000,16500,158.0,Methanol,0.5,950.0,0.35,3336.4,12.57,42296.5,0.4147,6,5.29,43.9,1.1908,265.43,640.307,1.016,1430.1,1,898.198,257.891,877788.1,1122.747
TRIP-0478,VESSEL-005,Neo-Panamax Green,110000,102000,16500,158.0,Methanol,0.5,950.0,0.35,1543.1,13.37,85940.6,0.8426,2,1.71,8.6,1.0379,115.42,372.482,1.016,1418.6,1,468.001,95.519,469100.95,585.001
TRIP-0479,VESSEL-005,Neo-Panamax Green,110000,102000,16500,158.0,Methanol,0.5,950.0,0.35,1770.1,13.82,52258.0,0.5123,5,3.18,30.3,1.1455,128.08,421.089,1.016,1380.0,0,578.13,157.041,578223.5,722.663
TRIP-0480,VESSEL-005,Neo-Panamax Green,110000,102000,16500,158.0,Ammonia,0.46,1100.0,0.15,966.6,16.53,73866.6,0.7242,3,2.28,17.7,1.0766,58.48,376.897,1.016,1458.0,1,430.081,53.184,497589.1,232.244
TRIP-0481,VESSEL-002,Panamax Bulk,75000,70000,12500,168.0,Ammonia,0.46,1100.0,0.15,1645.9,13.24,30473.6,0.4353,2,1.69,16.4,1.0496,124.31,308.71,1.04,1117.6,1,386.83,78.12,444763.0,208.888
TRIP-0482,VESSEL-001,Handysize Bulk,35000,32000,7200,175.0,Methanol,0.5,950.0,0.35,4183.4,12.83,30839.5,0.9637,3,1.35,18.2,1.0773,326.06,460.771,1.064,710.7,0,609.63,148.859,596898.5,762.038
TRIP-0483,VESSEL-003,Capesize Bulk,180000,170000,21000,162.0,LNG,1.15,780.0,0.78,2592.0,14.61,106518.4,0.6266,1,0.32,7.6,1.0114,177.41,403.516,1.048,1811.7,0,492.568,89.052,423703.04,1374.265
TRIP-0484,VESSEL-003,Capesize Bulk,180000,170000,21000,162.0,HFO,1.0,620.0,1.0,2147.5,15.86,80155.9,0.4715,3,2.36,13.4,1.0701,135.4,435.408,1.048,1772.9,1,536.171,100.763,367426.02,1919.492
TRIP-0485,VESSEL-001,Handysize Bulk,35000,32000,7200,175.0,HFO,1.0,620.0,1.0,3452.6,14.11,15459.9,0.4831,4,1.35,22.6,1.1089,244.69,205.007,1.064,654.3,1,282.324,77.317,188290.88,1010.72
TRIP-0486,VESSEL-004,Feeder Container,22000,18500,9800,180.0,Methanol,0.5,950.0,0.35,3717.3,16.61,11700.2,0.6324,2,1.74,10.4,1.0406,223.8,877.831,1.032,866.6,1,1040.904,163.073,1000158.8,1301.13
TRIP-0487,VESSEL-004,Feeder Container,22000,18500,9800,180.0,HFO,1.0,620.0,1.0,3246.8,15.26,11821.0,0.639,2,0.67,11.3,1.0419,212.77,324.064,1.032,881.4,0,380.656,56.592,251806.72,1362.748
TRIP-0488,VESSEL-003,Capesize Bulk,180000,170000,21000,162.0,Ammonia,0.46,1100.0,0.15,561.6,13.46,133981.2,0.7881,2,1.55,8.9,1.0383,41.72,193.034,1.048,1758.2,1,234.884,41.85,293372.4,126.837
TRIP-0489,VESSEL-002,Panamax Bulk,75000,70000,12500,168.0,HFO,1.0,620.0,1.0,642.1,13.65,54591.1,0.7799,3,2.66,17.9,1.0769,47.04,64.184,1.04,1100.2,1,82.499,18.315,70399.38,295.346
TRIP-0490,VESSEL-005,Neo-Panamax Green,110000,102000,16500,158.0,Ammonia,0.46,1100.0,0.15,1591.3,13.1,97947.5,0.9603,3,2.26,21.6,1.0824,121.47,411.879,1.016,1456.4,1,534.324,122.445,612256.4,288.535
TRIP-0491,VESSEL-004,Feeder Container,22000,18500,9800,180.0,HFO,1.0,620.0,1.0,3189.4,11.78,6840.8,0.3698,5,2.16,23.2,1.1348,270.75,178.104,1.032,840.2,0,249.498,71.394,170488.76,893.203
TRIP-0492,VESSEL-001,Handysize Bulk,35000,32000,7200,175.0,LNG,1.15,780.0,0.78,2775.7,13.62,24737.3,0.773,2,1.22,15.9,1.0488,203.8,143.349,1.064,723.3,0,189.277,45.928,165386.06,528.083
TRIP-0493,VESSEL-001,Handysize Bulk,35000,32000,7200,175.0,HFO,1.0,620.0,1.0,1769.2,10.83,30750.4,0.961,6,3.55,28.1,1.1671,163.36,69.38,1.064,715.1,1,113.878,44.498,83854.36,407.683
TRIP-0494,VESSEL-003,Capesize Bulk,180000,170000,21000,162.0,HFO,1.0,620.0,1.0,1542.8,10.58,139110.5,0.8183,2,0.65,8.2,1.0373,145.82,151.823,1.048,1807.4,0,214.585,62.762,172542.7,768.214
TRIP-0495,VESSEL-004,Feeder Container,22000,18500,9800,180.0,HFO,1.0,620.0,1.0,1573.9,17.55,11971.1,0.6471,3,1.1,20.5,1.0808,89.68,208.153,1.032,890.8,1,248.139,39.986,165146.18,888.338
TRIP-0496,VESSEL-002,Panamax Bulk,75000,70000,12500,168.0,Methanol,0.5,950.0,0.35,4059.6,13.19,66674.3,0.9525,3,1.72,15.9,1.0738,307.78,789.176,1.04,1145.9,0,976.434,187.258,951362.3,1220.543
TRIP-0497,VESSEL-002,Panamax Bulk,75000,70000,12500,168.0,Methanol,0.5,950.0,0.35,1998.4,11.2,37194.9,0.5314,7,2.33,43.0,1.2145,178.43,252.958,1.04,1058.3,1,391.131,138.173,390824.45,488.914
TRIP-0498,VESSEL-004,Feeder Container,22000,18500,9800,180.0,HFO,1.0,620.0,1.0,3137.7,17.09,12153.5,0.6569,3,1.37,16.9,1.0754,183.6,394.388,1.032,913.4,1,456.583,62.195,294381.46,1634.567
TRIP-0499,VESSEL-003,Capesize Bulk,180000,170000,21000,162.0,Ammonia,0.46,1100.0,0.15,2757.7,14.08,122505.1,0.7206,5,3.86,20.5,1.1308,195.86,1020.397,1.048,1783.4,0,1394.427,374.03,1573369.7,752.991
TRIP-0500,VESSEL-002,Panamax Bulk,75000,70000,12500,168.0,HFO,1.0,620.0,1.0,3765.7,15.24,35270.5,0.5039,1,0.33,5.0,1.0075,247.09,438.181,1.04,1055.8,1,520.57,82.389,342003.4,1863.641
TRIP-0501,VESSEL-005,Neo-Panamax Green,110000,102000,16500,158.0,LNG,1.15,780.0,0.78,1593.1,11.9,42579.0,0.4174,1,0.7,5.1,1.0076,133.87,119.218,1.016,1455.2,1,155.772,36.554,146002.16,434.604
TRIP-0502,VESSEL-005,Neo-Panamax Green,110000,102000,16500,158.0,Hydrogen,2.98,2800.0,0.08,3277.2,14.94,48131.5,0.4719,2,0.77,10.0,1.04,219.36,151.298,1.016,1388.2,1,170.356,19.058,501496.8,49.403
TRIP-0503,VESSEL-003,Capesize Bulk,180000,170000,21000,162.0,LNG,1.15,780.0,0.78,1403.3,13.93,155913.5,0.9171,3,2.57,21.2,1.0818,100.74,213.104,1.048,1768.9,1,269.151,56.047,244937.78,750.931
TRIP-0504,VESSEL-001,Handysize Bulk,35000,32000,7200,175.0,LNG,1.15,780.0,0.78,2536.3,9.68,23671.6,0.7397,3,2.14,23.7,1.0856,262.01,65.641,1.064,658.3,1,103.464,37.823,93951.92,288.665
TRIP-0505,VESSEL-002,Panamax Bulk,75000,70000,12500,168.0,Methanol,0.5,950.0,0.35,942.3,10.54,36638.1,0.5234,2,0.73,17.0,1.0505,89.4,105.416,1.04,1063.9,0,152.562,47.146,168683.9,190.703
TRIP-0506,VESSEL-004,Feeder Container,22000,18500,9800,180.0,Hydrogen,2.98,2800.0,0.08,2633.2,13.88,11822.7,0.6391,6,2.67,39.7,1.1845,189.71,72.964,1.032,905.6,1,100.857,27.893,293699.6,29.249
TRIP-0507,VESSEL-002,Panamax Bulk,75000,70000,12500,168.0,LNG,1.15,780.0,0.78,1529.6,12.45,69385.2,0.9912,3,2.14,23.4,1.0851,122.86,116.21,1.04,1091.7,1,155.405,39.195,140465.9,433.58
TRIP-0508,VESSEL-003,Capesize Bulk,180000,170000,21000,162.0,Ammonia,0.46,1100.0,0.15,1314.3,10.41,112932.3,0.6643,2,1.65,9.0,1.0385,126.25,262.152,1.048,1801.5,0,380.093,117.941,457602.3,205.25
TRIP-0509,VESSEL-003,Capesize Bulk,180000,170000,21000,162.0,HFO,1.0,620.0,1.0,2383.8,14.33,60316.8,0.3548,2,1.64,17.6,1.0514,166.35,382.534,1.048,1771.8,1,457.182,74.648,318452.84,1636.712
TRIP-0510,VESSEL-003,Capesize Bulk,180000,170000,21000,162.0,Ammonia,0.46,1100.0,0.15,838.5,11.61,107261.5,0.631,4,1.23,27.0,1.1155,72.22,206.302,1.048,1748.3,0,290.909,84.607,359499.9,157.091
TRIP-0511,VESSEL-001,Handysize Bulk,35000,32000,7200,175.0,HFO,1.0,620.0,1.0,1335.6,14.46,27376.5,0.8555,2,1.64,12.9,1.0443,92.37,91.152,1.064,639.7,1,113.544,22.392,83647.28,406.488
TRIP-0512,VESSEL-005,Neo-Panamax Green,110000,102000,16500,158.0,Hydrogen,2.98,2800.0,0.08,886.3,15.96,39185.7,0.3842,3,1.86,18.4,1.0776,55.53,45.639,1.016,1409.7,0,55.502,9.863,184405.6,16.096
TRIP-0513,VESSEL-005,Neo-Panamax Green,110000,102000,16500,158.0,Ammonia,0.46,1100.0,0.15,2643.5,13.32,57829.4,0.567,5,3.21,32.6,1.1489,198.46,643.82,1.016,1421.9,0,828.327,184.507,940159.7,447.297
TRIP-0514,VESSEL-004,Feeder Container,22000,18500,9800,180.0,HFO,1.0,620.0,1.0,2549.7,11.37,11840.2,0.64,2,1.15,9.8,1.0397,224.25,141.31,1.032,864.4,1,189.029,47.719,128497.98,676.724
TRIP-0515,VESSEL-002,Panamax Bulk,75000,70000,12500,168.0,Ammonia,0.46,1100.0,0.15,2882.5,14.11,29685.4,0.4241,4,2.59,27.0,1.1155,204.29,612.251,1.04,1095.8,1,794.605,182.354,893315.5,429.087
TRIP-0516,VESSEL-005,Neo-Panamax Green,110000,102000,16500,158.0,LNG,1.15,780.0,0.78,2518.1,13.05,55103.0,0.5402,2,1.43,16.7,1.05,192.96,233.891,1.016,1386.3,0,295.125,61.234,259197.5,823.399
TRIP-0517,VESSEL-003,Capesize Bulk,180000,170000,21000,162.0,LNG,1.15,780.0,0.78,2228.9,15.26,117864.9,0.6933,2,1.38,17.5,1.0513,146.06,384.902,1.048,1812.8,0,461.13,76.228,399181.4,1286.553
TRIP-0518,VESSEL-003,Capesize Bulk,180000,170000,21000,162.0,LNG,1.15,780.0,0.78,1462.2,11.54,74490.6,0.4382,3,2.6,20.5,1.0808,126.71,135.3,1.048,1813.5,1,193.159,57.859,185664.02,538.914
TRIP-0519,VESSEL-003,Capesize Bulk,180000,170000,21000,162.0,HFO,1.0,620.0,1.0,1131.2,15.59,154331.9,0.9078,3,1.74,23.0,1.0845,72.56,246.901,1.048,1790.3,0,292.644,45.743,220939.28,1047.666
TRIP-0520,VESSEL-004,Feeder Container,22000,18500,9800,180.0,Hydrogen,2.98,2800.0,0.08,2402.6,15.77,17048.9,0.9216,3,1.36,22.8,1.0842,152.35,91.45,1.032,909.2,1,108.456,17.006,314976.8,31.452
TRIP-0521,VESSEL-003,Capesize Bulk,180000,170000,21000,162.0,LNG,1.15,780.0,0.78,2199.6,14.96,137015.7,0.806,1,0.56,7.8,1.0117,147.03,375.217,1.048,1822.9,1,427.874,52.657,368741.72,1193.768
TRIP-0522,VESSEL-001,Handysize Bulk,35000,32000,7200,175.0,Methanol,0.5,950.0,0.35,2268.1,14.35,18689.2,0.584,3,2.13,21.3,1.0819,158.06,285.722,1.064,697.5,0,381.599,95.877,380269.05,476.999
TRIP-0523,VESSEL-005,Neo-Panamax Green,110000,102000,16500,158.0,Methanol,0.5,950.0,0.35,544.1,14.67,42497.7,0.4166,2,1.46,18.7,1.053,37.09,142.299,1.016,1468.3,1,178.257,35.958,193844.15,222.821
TRIP-0524,VESSEL-002,Panamax Bulk,75000,70000,12500,168.0,LNG,1.15,780.0,0.78,3969.3,12.94,30743.8,0.4392,3,1.7,21.4,1.0821,306.75,284.751,1.04,1083.4,0,376.637,91.886,317526.86,1050.817
TRIP-0525,VESSEL-005,Neo-Panamax Green,110000,102000,16500,158.0,Hydrogen,2.98,2800.0,0.08,2741.3,15.05,69779.7,0.6841,3,1.85,20.2,1.0803,182.15,135.442,1.016,1438.4,1,169.24,33.798,498372.0,49.08
TRIP-0526,VESSEL-005,Neo-Panamax Green,110000,102000,16500,158.0,Methanol,0.5,950.0,0.35,1967.4,12.81,98538.9,0.9661,2,1.23,9.2,1.0388,153.58,448.572,1.016,1390.3,1,569.548,120.976,565570.6,711.935
TRIP-0527,VESSEL-001,Handysize Bulk,35000,32000,7200,175.0,HFO,1.0,620.0,1.0,4076.3,10.56,31891.3,0.9966,3,1.37,23.7,1.0856,386.01,153.208,1.064,697.6,1,233.323,80.115,157910.26,835.296
TRIP-0528,VESSEL-001,Handysize Bulk,35000,32000,7200,175.0,Methanol,0.5,950.0,0.35,3309.2,12.82,17560.9,0.5488,3,1.04,19.2,1.0788,258.13,329.814,1.064,660.3,0,448.608,118.794,443927.6,560.76
TRIP-0529,VESSEL-005,Neo-Panamax Green,110000,102000,16500,158.0,Methanol,0.5,950.0,0.35,3102.1,14.33,87510.9,0.8579,4,1.33,28.7,1.118,216.48,863.285,1.016,1455.1,0,1128.279,264.994,1100865.05,1410.349
TRIP-0530,VESSEL-001,Handysize Bulk,35000,32000,7200,175.0,HFO,1.0,620.0,1.0,1116.1,9.18,23259.7,0.7269,4,1.62,20.0,1.105,121.58,29.784,1.064,675.4,1,49.286,19.502,43807.32,176.444
TRIP-0531,VESSEL-001,Handysize Bulk,35000,32000,7200,175.0,Methanol,0.5,950.0,0.35,1322.4,14.07,31502.6,0.9845,2,1.5,10.8,1.0412,93.99,175.995,1.064,715.5,1,210.81,34.815,213519.5,263.512
TRIP-0532,VESSEL-002,Panamax Bulk,75000,70000,12500,168.0,Methanol,0.5,950.0,0.35,1112.1,14.97,66724.6,0.9532,1,0.89,11.2,1.0168,74.29,278.526,1.04,1055.5,1,332.683,54.157,335298.85,415.854
TRIP-0533,VESSEL-003,Capesize Bulk,180000,170000,21000,162.0,Ammonia,0.46,1100.0,0.15,4005.0,15.27,81231.7,0.4778,2,1.34,10.5,1.0407,262.28,1639.118,1.048,1784.6,1,1937.33,298.212,2166063.0,1046.158
TRIP-0534,VESSEL-004,Feeder Container,22000,18500,9800,180.0,Hydrogen,2.98,2800.0,0.08,1032.3,13.13,7593.5,0.4105,2,1.11,16.8,1.0502,78.62,24.268,1.032,848.1,0,31.113,6.845,102916.4,9.023
TRIP-0535,VESSEL-003,Capesize Bulk,180000,170000,21000,162.0,HFO,1.0,620.0,1.0,1117.3,11.18,70285.9,0.4134,5,3.96,27.1,1.1407,99.94,110.864,1.048,1795.6,1,175.781,64.917,143984.22,629.296
TRIP-0536,VESSEL-005,Neo-Panamax Green,110000,102000,16500,158.0,Methanol,0.5,950.0,0.35,2388.9,11.21,64274.2,0.6301,2,1.11,11.8,1.0427,213.1,385.127,1.016,1388.3,0,528.813,143.686,531372.35,661.016
TRIP-0537,VESSEL-003,Capesize Bulk,180000,170000,21000,162.0,HFO,1.0,620.0,1.0,1401.4,15.91,135378.0,0.7963,4,1.46,29.3,1.1189,88.08,310.213,1.048,1821.0,0,410.098,99.885,293760.76,1468.151
TRIP-0538,VESSEL-004,Feeder Container,22000,18500,9800,180.0,Hydrogen,2.98,2800.0,0.08,2162.3,15.01,7657.6,0.4139,5,4.36,24.8,1.1372,144.06,66.489,1.032,896.4,1,83.527,17.038,245175.6,24.223
TRIP-0539,VESSEL-002,Panamax Bulk,75000,70000,12500,168.0,HFO,1.0,620.0,1.0,1101.5,11.13,24668.5,0.3524,2,0.98,16.7,1.05,98.97,65.708,1.04,1118.1,0,92.424,26.716,81052.88,330.878
TRIP-0540,VESSEL-003,Capesize Bulk,180000,170000,21000,162.0,LNG,1.15,780.0,0.78,1143.7,15.88,155475.1,0.9146,1,0.65,11.3,1.017,72.02,225.569,1.048,1747.7,0,249.65,24.081,234227.0,696.524
TRIP-0541,VESSEL-001,Handysize Bulk,35000,32000,7200,175.0,LNG,1.15,780.0,0.78,3011.9,9.42,19805.1,0.6189,2,0.7,16.5,1.0497,319.73,71.697,1.064,689.0,1,117.652,45.955,105018.56,328.249
TRIP-0542,VESSEL-002,Panamax Bulk,75000,70000,12500,168.0,Ammonia,0.46,1100.0,0.15,1464.4,14.19,33770.9,0.4824,1,0.54,7.4,1.0111,103.2,319.388,1.04,1101.5,1,382.715,63.327,440236.5,206.666
TRIP-0543,VESSEL-004,Feeder Container,22000,18500,9800,180.0,Hydrogen,2.98,2800.0,0.08,759.3,16.75,9859.8,0.533,1,0.37,8.6,1.0129,45.33,29.901,1.032,926.9,0,35.049,5.148,113937.2,10.164
TRIP-0544,VESSEL-004,Feeder Container,22000,18500,9800,180.0,Methanol,0.5,950.0,0.35,1836.5,16.12,8566.9,0.4631,3,1.03,17.1,1.0756,113.93,392.754,1.032,887.5,1,475.279,82.525,462815.05,594.099
TRIP-0545,VESSEL-002,Panamax Bulk,75000,70000,12500,168.0,HFO,1.0,620.0,1.0,3446.6,14.4,44159.1,0.6308,3,2.5,17.8,1.0767,239.35,369.735,1.04,1110.4,0,452.291,82.556,304170.42,1619.202
TRIP-0546,VESSEL-004,Feeder Container,22000,18500,9800,180.0,Methanol,0.5,950.0,0.35,2163.8,15.51,9807.7,0.5301,2,0.81,14.8,1.0472,139.51,435.173,1.032,922.2,1,544.305,109.132,528389.75,680.381
TRIP-0547,VESSEL-003,Capesize Bulk,180000,170000,21000,162.0,HFO,1.0,620.0,1.0,570.7,13.99,97443.2,0.5732,4,3.47,26.7,1.115,40.79,92.421,1.048,1773.5,1,117.779,25.358,108022.98,421.649
TRIP-0548,VESSEL-004,Feeder Container,22000,18500,9800,180.0,HFO,1.0,620.0,1.0,1496.0,12.02,17032.7,0.9207,6,3.18,28.1,1.1671,124.46,98.565,1.032,869.2,0,140.231,41.666,102743.22,502.027
TRIP-0549,VESSEL-005,Neo-Panamax Green,110000,102000,16500,158.0,LNG,1.15,780.0,0.78,3234.0,14.05,75323.0,0.7385,1,0.62,4.4,1.0066,230.18,365.636,1.016,1440.1,0,430.894,65.258,365097.32,1202.194
TRIP-0550,VESSEL-001,Handysize Bulk,35000,32000,7200,175.0,LNG,1.15,780.0,0.78,3846.5,10.6,29274.3,0.9148,1,0.66,9.8,1.0147,362.88,124.347,1.064,687.9,0,184.971,60.624,162027.38,516.069
TRIP-0551,VESSEL-005,Neo-Panamax Green,110000,102000,16500,158.0,Methanol,0.5,950.0,0.35,4023.4,16.4,57937.5,0.568,3,2.04,19.6,1.0794,245.33,1366.988,1.016,1382.9,1,1598.839,231.851,1543397.05,1998.549
TRIP-0552,VESSEL-001,Handysize Bulk,35000,32000,7200,175.0,LNG,1.15,780.0,0.78,1108.9,13.28,15785.8,0.4933,3,2.57,21.9,1.0829,83.5,50.848,1.064,667.9,1,67.62,16.772,65993.6,188.66
TRIP-0553,VESSEL-002,Panamax Bulk,75000,70000,12500,168.0,Ammonia,0.46,1100.0,0.15,2835.1,14.63,40823.4,0.5832,4,2.23,21.2,1.1068,193.79,674.377,1.04,1146.2,0,880.608,206.231,992418.8,475.528
TRIP-0554,VESSEL-005,Neo-Panamax Green,110000,102000,16500,158.0,Methanol,0.5,950.0,0.35,591.3,10.7,69457.2,0.681,3,1.3,19.5,1.0793,55.26,87.94,1.016,1469.6,1,128.035,40.095,146133.25,160.044
TRIP-0555,VESSEL-005,Neo-Panamax Green,110000,102000,16500,158.0,Ammonia,0.46,1100.0,0.15,1265.2,14.45,38455.4,0.377,5,2.6,22.1,1.1332,87.56,345.352,1.016,1440.2,1,439.119,93.767,507530.9,237.124
TRIP-0556,VESSEL-003,Capesize Bulk,180000,170000,21000,162.0,LNG,1.15,780.0,0.78,3245.5,15.88,131337.5,0.7726,1,0.37,9.1,1.0136,204.38,618.827,1.048,1819.9,1,703.912,85.085,584051.36,1963.914
TRIP-0557,VESSEL-005,Neo-Panamax Green,110000,102000,16500,158.0,LNG,1.15,780.0,0.78,1015.4,10.81,91669.5,0.8987,3,0.97,13.1,1.0696,93.93,70.579,1.016,1437.2,0,96.907,26.328,104587.46,270.371
TRIP-0558,VESSEL-004,Feeder Container,22000,18500,9800,180.0,Methanol,0.5,950.0,0.35,3645.5,12.41,16156.6,0.8733,2,1.74,8.5,1.0377,293.76,506.883,1.032,849.0,1,660.727,153.844,638990.65,825.909
TRIP-0559,VESSEL-001,Handysize Bulk,35000,32000,7200,175.0,Methanol,0.5,950.0,0.35,4053.4,12.55,11553.0,0.361,1,0.39,4.1,1.0062,322.98,369.029,1.064,682.7,1,483.444,114.415,472521.8,604.305
TRIP-0560,VESSEL-005,Neo-Panamax Green,110000,102000,16500,158.0,Hydrogen,2.98,2800.0,0.08,2346.2,13.79,66169.0,0.6487,1,0.71,8.0,1.012,170.14,96.482,1.016,1446.5,1,116.798,20.316,351534.4,33.871
TRIP-0561,VESSEL-001,Handysize Bulk,35000,32000,7200,175.0,Methanol,0.5,950.0,0.35,3727.9,12.57,14785.6,0.4621,3,1.18,25.5,1.0882,296.57,349.469,1.064,677.8,0,485.385,135.916,478865.75,606.731
TRIP-0562,VESSEL-003,Capesize Bulk,180000,170000,21000,162.0,HFO,1.0,620.0,1.0,3219.6,15.61,82322.1,0.4842,5,3.06,33.4,1.1501,206.25,634.476,1.048,1811.5,0,823.959,189.483,550354.58,2949.773
TRIP-0563,VESSEL-005,Neo-Panamax Green,110000,102000,16500,158.0,LNG,1.15,780.0,0.78,3894.9,10.0,99553.1,0.976,4,1.39,23.6,1.1104,389.49,235.832,1.016,1380.2,1,357.486,121.654,303339.08,997.386
TRIP-0564,VESSEL-002,Panamax Bulk,75000,70000,12500,168.0,Methanol,0.5,950.0,0.35,1372.0,10.9,53583.7,0.7655,4,3.3,18.2,1.1023,125.87,174.299,1.04,1136.7,1,254.793,80.494,261303.35,318.491
TRIP-0565,VESSEL-004,Feeder Container,22000,18500,9800,180.0,Hydrogen,2.98,2800.0,0.08,3091.3,13.99,8409.3,0.4546,4,1.45,24.6,1.1119,220.96,83.374,1.032,915.5,1,108.969,25.595,316413.2,31.601
TRIP-0566,VESSEL-005,Neo-Panamax Green,110000,102000,16500,158.0,Hydrogen,2.98,2800.0,0.08,1761.6,14.09,88531.9,0.868,4,2.01,16.9,1.1003,125.02,79.704,1.016,1425.4,1,102.625,22.921,311850.0,29.761
TRIP-0567,VESSEL-005,Neo-Panamax Green,110000,102000,16500,158.0,Methanol,0.5,950.0,0.35,3437.6,14.01,51501.8,0.5049,3,1.5,13.5,1.0703,245.37,838.849,1.016,1393.9,0,1042.532,203.683,1019405.4,1303.165
TRIP-0568,VESSEL-005,Neo-Panamax Green,110000,102000,16500,158.0,Methanol,0.5,950.0,0.35,1695.6,12.15,38031.1,0.3729,3,1.89,17.0,1.0755,139.56,300.714,1.016,1414.7,1,408.274,107.56,412360.3,510.342
TRIP-0569,VESSEL-004,Feeder Container,22000,18500,9800,180.0,HFO,1.0,620.0,1.0,1521.0,12.29,12457.6,0.6734,4,1.38,27.3,1.1159,123.76,99.237,1.032,857.8,1,128.78,29.543,91143.6,461.032
TRIP-0570,VESSEL-005,Neo-Panamax Green,110000,102000,16500,158.0,Methanol,0.5,950.0,0.35,2211.7,16.42,74381.2,0.7292,4,2.84,19.1,1.1037,134.7,783.792,1.016,1452.1,0,952.954,169.162,934306.3,1191.192
TRIP-0571,VESSEL-003,Capesize Bulk,180000,170000,21000,162.0,Ammonia,0.46,1100.0,0.15,2421.1,11.69,89061.7,0.5239,2,0.75,9.4,1.0391,207.11,587.71,1.048,1788.3,0,779.487,191.777,896935.7,420.923
TRIP-0572,VESSEL-002,Panamax Bulk,75000,70000,12500,168.0,HFO,1.0,620.0,1.0,4159.8,13.71,54480.0,0.7783,2,1.41,8.6,1.0379,303.41,419.316,1.04,1061.4,0,530.32,111.004,352548.4,1898.546
TRIP-0573,VESSEL-003,Capesize Bulk,180000,170000,21000,162.0,Ammonia,0.46,1100.0,0.15,3191.9,15.19,126114.5,0.7419,2,1.31,15.3,1.0479,210.13,1381.766,1.048,1750.1,0,1665.047,283.281,1871051.7,899.125
TRIP-0574,VESSEL-004,Feeder Container,22000,18500,9800,180.0,Hydrogen,2.98,2800.0,0.08,914.4,15.47,14885.1,0.8046,4,2.48,24.0,1.111,59.11,32.659,1.032,932.1,1,41.306,8.647,126956.8,11.979
TRIP-0575,VESSEL-003,Capesize Bulk,180000,170000,21000,162.0,HFO,1.0,620.0,1.0,601.6,14.54,70025.0,0.4119,3,2.69,14.4,1.0716,41.38,100.932,1.048,1797.3,1,129.599,28.667,115351.38,463.964
TRIP-0576,VESSEL-003,Capesize Bulk,180000,170000,21000,162.0,Ammonia,0.46,1100.0,0.15,4183.8,11.22,141891.9,0.8347,4,2.38,31.7,1.1225,372.89,1010.568,1.048,1731.6,1,1433.568,423.0,1611924.8,774.127
TRIP-0577,VESSEL-005,Neo-Panamax Green,110000,102000,16500,158.0,Hydrogen,2.98,2800.0,0.08,1257.5,10.43,65539.3,0.6425,3,2.07,16.2,1.0743,120.57,29.538,1.016,1416.0,0,42.508,12.97,148022.4,12.327
TRIP-0578,VESSEL-003,Capesize Bulk,180000,170000,21000,162.0,HFO,1.0,620.0,1.0,2378.7,11.99,139397.8,0.82,3,1.1,17.5,1.0763,198.39,300.758,1.048,1754.1,0,392.774,92.016,283019.88,1406.131
TRIP-0579,VESSEL-003,Capesize Bulk,180000,170000,21000,162.0,LNG,1.15,780.0,0.78,873.5,11.54,69723.1,0.4101,2,1.8,8.0,1.037,75.69,80.223,1.048,1793.9,0,110.355,30.132,125576.9,307.89
TRIP-0580,VESSEL-004,Feeder Container,22000,18500,9800,180.0,HFO,1.0,620.0,1.0,1667.5,17.49,12291.4,0.6644,4,2.84,31.1,1.1217,95.34,219.888,1.032,903.3,0,277.912,58.024,188105.44,994.925
TRIP-0581,VESSEL-004,Feeder Container,22000,18500,9800,180.0,HFO,1.0,620.0,1.0,2424.7,11.73,9697.0,0.5242,3,0.93,22.9,1.0844,206.71,139.265,1.032,870.2,0,196.954,57.689,137911.48,705.095
TRIP-0582,VESSEL-005,Neo-Panamax Green,110000,102000,16500,158.0,Methanol,0.5,950.0,0.35,1813.2,16.69,40367.9,0.3958,3,1.79,12.1,1.0682,108.64,610.438,1.016,1420.1,0,715.731,105.293,708944.45,894.664
TRIP-0583,VESSEL-002,Panamax Bulk,75000,70000,12500,168.0,Ammonia,0.46,1100.0,0.15,2052.1,10.45,40614.0,0.5802,3,2.1,15.0,1.0725,196.37,248.849,1.04,1072.1,0,366.833,117.984,427266.3,198.09
TRIP-0584,VESSEL-001,Handysize Bulk,35000,32000,7200,175.0,HFO,1.0,620.0,1.0,818.7,13.39,26178.3,0.8181,3,1.21,16.7,1.0751,61.14,47.491,1.064,627.8,0,64.537,17.046,57762.94,231.042
TRIP-0585,VESSEL-003,Capesize Bulk,180000,170000,21000,162.0,Ammonia,0.46,1100.0,0.15,3594.3,13.72,132815.7,0.7813,2,0.74,17.4,1.0511,261.98,1281.635,1.048,1745.7,0,1621.278,339.643,1822905.8,875.49
TRIP-0586,VESSEL-004,Feeder Container,22000,18500,9800,180.0,HFO,1.0,620.0,1.0,2958.4,17.59,14542.2,0.7861,3,2.4,25.5,1.0882,168.19,405.434,1.032,911.5,1,485.235,79.801,312145.7,1737.141
TRIP-0587,VESSEL-001,Handysize Bulk,35000,32000,7200,175.0,Methanol,0.5,950.0,0.35,3474.3,13.67,22457.0,0.7018,3,1.01,17.4,1.0761,254.16,408.726,1.064,670.4,0,523.045,114.319,514642.75,653.806
TRIP-0588,VESSEL-003,Capesize Bulk,180000,170000,21000,162.0,LNG,1.15,780.0,0.78,3712.0,15.71,94829.2,0.5578,5,2.55,21.7,1.1326,236.28,656.626,1.048,1802.5,0,853.124,196.498,704936.72,2380.216
TRIP-0589,VESSEL-003,Capesize Bulk,180000,170000,21000,162.0,Ammonia,0.46,1100.0,0.15,1914.7,12.91,145459.0,0.8556,3,1.58,17.1,1.0756,148.31,615.356,1.048,1782.6,1,795.464,180.108,910010.4,429.551
TRIP-0590,VESSEL-004,Feeder Container,22000,18500,9800,180.0,Methanol,0.5,950.0,0.35,3953.6,12.89,9812.2,0.5304,4,2.59,27.0,1.1155,306.72,549.221,1.032,836.9,1,753.263,204.042,726899.85,941.579
TRIP-0591,VESSEL-001,Handysize Bulk,35000,32000,7200,175.0,HFO,1.0,620.0,1.0,801.5,12.0,18676.0,0.5836,2,1.74,12.5,1.0437,66.79,35.298,1.064,672.7,1,48.336,13.038,43218.32,173.043
TRIP-0592,VESSEL-002,Panamax Bulk,75000,70000,12500,168.0,LNG,1.15,780.0,0.78,1202.8,13.97,32154.8,0.4594,3,1.42,15.5,1.0733,86.1,101.1,1.04,1114.5,1,134.87,33.77,124448.6,376.287
TRIP-0593,VESSEL-003,Capesize Bulk,180000,170000,21000,162.0,Ammonia,0.46,1100.0,0.15,1512.6,12.51,67575.9,0.3975,6,3.95,40.3,1.1854,120.91,406.779,1.048,1730.7,1,585.822,179.043,679404.2,316.344
TRIP-0594,VESSEL-002,Panamax Bulk,75000,70000,12500,168.0,LNG,1.15,780.0,0.78,2195.4,15.31,49095.1,0.7014,5,3.52,21.3,1.132,143.4,235.555,1.04,1096.6,0,304.132,68.577,260972.96,848.528
TRIP-0595,VESSEL-005,Neo-Panamax Green,110000,102000,16500,158.0,Ammonia,0.46,1100.0,0.15,1820.1,13.19,74296.2,0.7284,2,1.2,17.1,1.0506,137.99,452.294,1.016,1436.4,1,574.035,121.741,655938.5,309.979
TRIP-0596,VESSEL-003,Capesize Bulk,180000,170000,21000,162.0,HFO,1.0,620.0,1.0,3562.2,10.24,141414.6,0.8319,6,5.0,37.8,1.1817,347.87,329.45,1.048,1783.0,0,526.452,197.002,365900.24,1884.698
TRIP-0597,VESSEL-003,Capesize Bulk,180000,170000,21000,162.0,Ammonia,0.46,1100.0,0.15,2561.8,12.76,128949.7,0.7585,4,1.87,25.6,1.1134,200.77,785.759,1.048,1738.8,1,1104.991,319.232,1250490.1,596.695
TRIP-0598,VESSEL-002,Panamax Bulk,75000,70000,12500,168.0,Ammonia,0.46,1100.0,0.15,1719.3,11.17,47167.6,0.6738,3,2.44,21.6,1.0824,153.92,243.827,1.04,1138.2,0,344.206,100.379,402376.6,185.871
TRIP-0599,VESSEL-004,Feeder Container,22000,18500,9800,180.0,HFO,1.0,620.0,1.0,587.3,15.62,12760.6,0.6898,3,1.44,22.5,1.0837,37.6,62.125,1.032,854.8,0,74.668,12.543,62094.16,267.311
TRIP-0600,VESSEL-002,Panamax Bulk,75000,70000,12500,168.0,Ammonia,0.46,1100.0,0.15,3319.2,11.81,66151.4,0.945,3,2.68,18.5,1.0777,281.05,561.303,1.04,1055.8,0,744.695,183.392,842914.5,402.135
TRIP-0601,VESSEL-001,Handysize Bulk,35000,32000,7200,175.0,LNG,1.15,780.0,0.78,3402.3,13.02,19254.7,0.6017,3,1.23,22.3,1.0835,261.31,154.07,1.064,651.2,1,202.292,48.222,171037.76,564.395
TRIP-0602,VESSEL-004,Feeder Container,22000,18500,9800,180.0,HFO,1.0,620.0,1.0,3734.4,13.65,17951.9,0.9704,4,2.91,20.3,1.1055,273.58,320.658,1.032,899.7,0,413.63,92.972,272250.6,1480.795
TRIP-0603,VESSEL-005,Neo-Panamax Green,110000,102000,16500,158.0,Methanol,0.5,950.0,0.35,2094.7,17.0,76963.5,0.7545,2,1.32,8.5,1.0377,123.22,800.547,1.016,1379.5,1,910.33,109.783,889313.5,1137.913
TRIP-0604,VESSEL-001,Handysize Bulk,35000,32000,7200,175.0,HFO,1.0,620.0,1.0,1785.0,11.23,12054.5,0.3767,2,1.42,18.4,1.0526,158.95,65.328,1.064,652.8,1,92.182,26.854,70402.84,330.012
TRIP-0605,VESSEL-002,Panamax Bulk,75000,70000,12500,168.0,HFO,1.0,620.0,1.0,3955.9,12.73,27710.0,0.3959,4,2.78,30.0,1.12,310.75,312.272,1.04,1114.8,0,431.634,119.362,291363.08,1545.25
TRIP-0606,VESSEL-004,Feeder Container,22000,18500,9800,180.0,HFO,1.0,620.0,1.0,1831.2,16.09,14049.2,0.7594,3,2.65,13.6,1.0704,113.81,208.747,1.032,860.9,1,254.727,45.98,169230.74,911.923
TRIP-0607,VESSEL-003,Capesize Bulk,180000,170000,21000,162.0,Ammonia,0.46,1100.0,0.15,743.5,10.98,90103.5,0.53,4,1.77,22.6,1.1089,67.71,159.465,1.048,1774.4,0,235.024,75.559,298026.4,126.913
TRIP-0608,VESSEL-002,Panamax Bulk,75000,70000,12500,168.0,HFO,1.0,620.0,1.0,4138.5,15.28,52149.7,0.745,4,1.29,27.2,1.1158,270.84,514.046,1.04,1078.7,1,668.434,154.388,433679.08,2392.994
TRIP-0609,VESSEL-005,Neo-Panamax Green,110000,102000,16500,158.0,Ammonia,0.46,1100.0,0.15,1264.6,12.44,96906.1,0.9501,5,1.59,21.8,1.1327,101.66,294.499,1.016,1455.5,0,415.179,120.68,485696.9,224.197
TRIP-0610,VESSEL-001,Handysize Bulk,35000,32000,7200,175.0,Methanol,0.5,950.0,0.35,2245.3,13.05,24248.1,0.7578,6,4.23,44.9,1.1924,172.05,243.951,1.064,699.0,1,362.736,118.785,357849.2,453.42
TRIP-0611,VESSEL-005,Neo-Panamax Green,110000,102000,16500,158.0,LNG,1.15,780.0,0.78,3926.9,13.88,95478.2,0.9361,1,0.35,6.0,1.009,282.92,453.91,1.016,1436.9,1,532.893,78.983,440156.54,1486.771
TRIP-0612,VESSEL-002,Panamax Bulk,75000,70000,12500,168.0,LNG,1.15,780.0,0.78,1493.8,14.33,68513.4,0.9788,3,1.06,19.8,1.0797,104.24,149.921,1.04,1100.3,0,192.44,42.519,173853.2,536.908
TRIP-0613,VESSEL-004,Feeder Container,22000,18500,9800,180.0,Hydrogen,2.98,2800.0,0.08,2666.9,13.34,12750.0,0.6892,1,0.76,9.7,1.0146,199.92,69.038,1.032,870.6,1,81.598,12.56,239774.4,23.663
TRIP-0614,VESSEL-005,Neo-Panamax Green,110000,102000,16500,158.0,Hydrogen,2.98,2800.0,0.08,2572.4,12.49,81912.0,0.8031,3,1.66,19.9,1.0798,205.96,90.076,1.016,1370.6,0,115.672,25.596,352881.6,33.545
TRIP-0615,VESSEL-004,Feeder Container,22000,18500,9800,180.0,HFO,1.0,620.0,1.0,3904.1,11.55,14974.3,0.8094,2,1.04,14.3,1.0464,338.02,231.864,1.032,922.2,0,313.162,81.298,209960.44,1121.12
TRIP-0616,VESSEL-003,Capesize Bulk,180000,170000,21000,162.0,HFO,1.0,620.0,1.0,3424.9,10.29,80612.4,0.4742,3,1.44,17.4,1.0761,332.84,292.519,1.048,1815.4,1,440.759,148.24,308270.58,1577.917
TRIP-0617,VESSEL-004,Feeder Container,22000,18500,9800,180.0,HFO,1.0,620.0,1.0,2537.6,17.31,11842.4,0.6401,5,2.14,30.4,1.1456,146.6,325.983,1.032,881.5,1,418.329,92.346,270663.98,1497.618
TRIP-0618,VESSEL-004,Feeder Container,22000,18500,9800,180.0,Hydrogen,2.98,2800.0,0.08,2740.1,12.37,7518.2,0.4064,1,0.7,8.2,1.0123,221.51,57.119,1.032,900.3,1,71.683,14.564,212012.4,20.788
TRIP-0619,VESSEL-002,Panamax Bulk,75000,70000,12500,168.0,Ammonia,0.46,1100.0,0.15,2003.6,13.85,29652.0,0.4236,3,1.87,23.5,1.0853,144.66,409.963,1.04,1067.2,1,536.076,126.113,608933.6,289.481
TRIP-0620,VESSEL-003,Capesize Bulk,180000,170000,21000,162.0,Ammonia,0.46,1100.0,0.15,2865.7,13.99,117476.3,0.691,2,1.69,14.5,1.0467,204.84,1039.245,1.048,1738.5,0,1321.928,282.683,1493620.8,713.841
TRIP-0621,VESSEL-003,Capesize Bulk,180000,170000,21000,162.0,Ammonia,0.46,1100.0,0.15,1490.4,12.97,158369.6,0.9316,3,2.52,24.5,1.0868,114.91,492.178,1.048,1798.6,0,641.663,149.485,745329.3,346.498
TRIP-0622,VESSEL-004,Feeder Container,22000,18500,9800,180.0,Methanol,0.5,950.0,0.35,742.6,14.65,8276.1,0.4474,4,2.54,22.1,1.1081,50.69,130.679,1.032,914.8,0,170.948,40.269,178200.6,213.685
TRIP-0623,VESSEL-005,Neo-Panamax Green,110000,102000,16500,158.0,Ammonia,0.46,1100.0,0.15,3950.8,12.14,40529.6,0.3973,3,2.33,15.9,1.0738,325.44,765.248,1.016,1434.6,1,1039.639,274.391,1168102.9,561.405
TRIP-0624,VESSEL-005,Neo-Panamax Green,110000,102000,16500,158.0,Hydrogen,2.98,2800.0,0.08,1465.8,16.12,38579.6,0.3782,5,3.76,20.4,1.1306,90.93,76.884,1.016,1421.7,1,99.732,22.848,303749.6,28.922
TRIP-0625,VESSEL-002,Panamax Bulk,75000,70000,12500,168.0,Ammonia,0.46,1100.0,0.15,3456.1,13.59,33954.5,0.4851,4,2.2,20.8,1.1062,254.31,691.843,1.04,1078.4,0,953.344,261.501,1072428.4,514.806
TRIP-0626,VESSEL-005,Neo-Panamax Green,110000,102000,16500,158.0,Methanol,0.5,950.0,0.35,592.0,12.68,55889.9,0.5479,1,0.44,7.3,1.011,46.69,119.638,1.016,1455.1,1,148.836,29.198,165894.2,186.045
TRIP-0627,VESSEL-004,Feeder Container,22000,18500,9800,180.0,HFO,1.0,620.0,1.0,1755.2,12.71,9208.5,0.4978,3,1.69,15.1,1.0727,138.1,117.635,1.032,847.0,1,149.158,31.523,103777.96,533.986
TRIP-0628,VESSEL-001,Handysize Bulk,35000,32000,7200,175.0,Methanol,0.5,950.0,0.35,2082.4,9.42,28413.7,0.8879,3,1.06,16.7,1.0751,221.06,121.526,1.064,635.0,1,197.677,76.151,201043.15,247.096
TRIP-0629,VESSEL-004,Feeder Container,22000,18500,9800,180.0,Methanol,0.5,950.0,0.35,1073.5,11.08,11485.0,0.6208,4,2.9,19.0,1.1035,96.89,112.51,1.032,922.9,1,158.425,45.915,161803.75,198.031
TRIP-0630,VESSEL-001,Handysize Bulk,35000,32000,7200,175.0,Methanol,0.5,950.0,0.35,4179.9,13.74,21123.9,0.6601,4,1.38,32.9,1.1243,304.21,491.799,1.064,666.8,0,664.406,172.607,648935.7,830.507
TRIP-0631,VESSEL-001,Handysize Bulk,35000,32000,7200,175.0,Methanol,0.5,950.0,0.35,2163.5,9.48,11229.7,0.3509,4,2.57,33.0,1.1245,228.22,112.094,1.064,654.7,0,188.676,76.582,196992.2,235.845
TRIP-0632,VESSEL-002,Panamax Bulk,75000,70000,12500,168.0,HFO,1.0,620.0,1.0,2424.4,12.76,49970.7,0.7139,3,1.38,16.0,1.074,190.0,208.423,1.04,1101.1,1,270.191,61.768,186768.42,967.284
TRIP-0633,VESSEL-004,Feeder Container,22000,18500,9800,180.0,Hydrogen,2.98,2800.0,0.08,2177.6,13.01,15335.0,0.8289,6,2.0,32.2,1.1733,167.38,55.298,1.032,882.2,1,72.791,17.493,215114.8,21.109
TRIP-0634,VESSEL-002,Panamax Bulk,75000,70000,12500,168.0,Methanol,0.5,950.0,0.35,3647.1,15.13,61131.7,0.8733,3,2.39,16.2,1.0743,241.05,915.875,1.04,1089.8,0,1126.695,210.82,1094110.25,1408.369
TRIP-0635,VESSEL-001,Handysize Bulk,35000,32000,7200,175.0,Methanol,0.5,950.0,0.35,1047.8,14.49,15108.9,0.4722,1,0.65,9.0,1.0135,72.31,130.857,1.064,662.5,1,165.637,34.78,170605.15,207.046
TRIP-0636,VESSEL-001,Handysize Bulk,35000,32000,7200,175.0,LNG,1.15,780.0,0.78,1164.7,13.53,22948.7,0.7171,1,0.33,9.3,1.0139,86.08,58.572,1.064,706.8,1,73.835,15.263,70841.3,206.0
TRIP-0637,VESSEL-001,Handysize Bulk,35000,32000,7200,175.0,LNG,1.15,780.0,0.78,3494.9,14.15,23630.4,0.7385,4,3.44,29.1,1.1186,246.99,193.218,1.064,700.8,1,252.41,59.192,210129.8,704.224
TRIP-0638,VESSEL-002,Panamax Bulk,75000,70000,12500,168.0,HFO,1.0,620.0,1.0,3960.1,11.83,39205.3,0.5601,3,1.6,13.5,1.0703,334.75,281.669,1.04,1117.0,0,386.914,105.245,263636.68,1385.152
TRIP-0639,VESSEL-004,Feeder Container,22000,18500,9800,180.0,HFO,1.0,620.0,1.0,3257.4,15.14,15123.4,0.8175,3,1.5,23.7,1.0856,215.15,332.988,1.032,865.0,1,383.364,50.376,248985.68,1372.443
TRIP-0640,VESSEL-001,Handysize Bulk,35000,32000,7200,175.0,Methanol,0.5,950.0,0.35,1709.9,13.3,11603.5,0.3626,3,1.4,24.7,1.0871,128.56,174.902,1.064,689.4,0,238.002,63.1,243851.9,297.502
TRIP-0641,VESSEL-001,Handysize Bulk,35000,32000,7200,175.0,Methanol,0.5,950.0,0.35,1242.3,13.48,16065.6,0.502,4,1.96,21.2,1.1068,92.16,135.298,1.064,641.2,1,180.13,44.832,184373.5,225.162
TRIP-0642,VESSEL-002,Panamax Bulk,75000,70000,12500,168.0,Ammonia,0.46,1100.0,0.15,1168.4,11.21,46261.9,0.6609,3,2.17,12.4,1.0686,104.23,166.361,1.04,1051.0,0,222.034,55.673,267987.4,119.898
TRIP-0643,VESSEL-004,Feeder Container,22000,18500,9800,180.0,Hydrogen,2.98,2800.0,0.08,3965.6,16.98,6533.7,0.3532,2,1.61,13.3,1.0449,233.55,153.779,1.032,899.9,1,165.527,11.748,474775.6,48.003
TRIP-0644,VESSEL-002,Panamax Bulk,75000,70000,12500,168.0,HFO,1.0,620.0,1.0,513.5,14.88,61205.2,0.8744,2,1.11,10.5,1.0407,34.51,62.38,1.04,1070.0,0,77.442,15.062,71764.04,277.242
TRIP-0645,VESSEL-003,Capesize Bulk,180000,170000,21000,162.0,Ammonia,0.46,1100.0,0.15,1514.1,14.59,98866.9,0.5816,4,2.11,31.4,1.1221,103.78,581.047,1.048,1737.0,1,736.242,155.195,844866.2,397.571
TRIP-0646,VESSEL-004,Feeder Container,22000,18500,9800,180.0,Hydrogen,2.98,2800.0,0.08,3505.1,14.72,7664.0,0.4143,5,2.02,37.0,1.1555,238.12,103.662,1.032,921.8,1,143.232,39.57,412349.6,41.537
TRIP-0647,VESSEL-005,Neo-Panamax Green,110000,102000,16500,158.0,LNG,1.15,780.0,0.78,3171.3,12.68,54382.8,0.5332,5,3.46,30.2,1.1453,250.1,277.594,1.016,1385.9,0,381.039,103.445,326210.42,1063.099
TRIP-0648,VESSEL-004,Feeder Container,22000,18500,9800,180.0,HFO,1.0,620.0,1.0,1630.9,13.68,15580.2,0.8422,3,1.87,12.1,1.0682,119.22,136.852,1.032,841.2,0,167.662,30.81,119750.44,600.23
TRIP-0649,VESSEL-005,Neo-Panamax Green,110000,102000,16500,158.0,Methanol,0.5,950.0,0.35,3285.1,16.18,37034.1,0.3631,3,1.7,12.1,1.0682,203.03,1030.475,1.016,1451.9,1,1252.387,221.912,1214267.65,1565.484
TRIP-0650,VESSEL-003,Capesize Bulk,180000,170000,21000,162.0,HFO,1.0,620.0,1.0,4028.7,13.19,103669.0,0.6098,3,1.44,13.8,1.0707,305.44,585.406,1.048,1814.3,0,724.19,138.784,488497.8,2592.6
TRIP-0651,VESSEL-004,Feeder Container,22000,18500,9800,180.0,Methanol,0.5,950.0,0.35,2029.4,15.21,7204.7,0.3894,3,1.68,22.5,1.0837,133.43,379.665,1.032,916.8,1,474.289,94.624,461874.55,592.861
TRIP-0652,VESSEL-001,Handysize Bulk,35000,32000,7200,175.0,LNG,1.15,780.0,0.78,649.0,11.6,29450.1,0.9203,4,2.09,30.5,1.1207,55.95,25.158,1.064,706.2,0,35.432,10.274,45386.96,98.855
TRIP-0653,VESSEL-003,Capesize Bulk,180000,170000,21000,162.0,LNG,1.15,780.0,0.78,1996.6,10.96,158539.1,0.9326,3,2.17,23.5,1.0853,182.17,188.371,1.048,1753.6,0,261.151,72.78,243197.78,728.611
TRIP-0654,VESSEL-003,Capesize Bulk,180000,170000,21000,162.0,HFO,1.0,620.0,1.0,3592.8,12.32,97745.0,0.575,2,1.41,10.7,1.041,291.62,451.451,1.048,1731.5,0,614.892,163.441,420733.04,2201.313
TRIP-0655,VESSEL-002,Panamax Bulk,75000,70000,12500,168.0,LNG,1.15,780.0,0.78,634.8,13.75,25458.1,0.3637,5,1.72,37.9,1.1569,46.17,50.408,1.04,1072.8,1,67.545,17.137,71935.1,188.451
TRIP-0656,VESSEL-005,Neo-Panamax Green,110000,102000,16500,158.0,Hydrogen,2.98,2800.0,0.08,3211.0,12.81,40758.9,0.3996,3,0.91,12.1,1.0682,250.66,106.956,1.016,1450.9,0,143.707,36.751,431379.6,41.675
TRIP-0657,VESSEL-001,Handysize Bulk,35000,32000,7200,175.0,HFO,1.0,620.0,1.0,1480.4,11.45,28591.3,0.8935,3,1.87,21.3,1.0819,129.29,63.902,1.064,704.4,0,95.067,31.165,76691.54,340.34
TRIP-0658,VESSEL-001,Handysize Bulk,35000,32000,7200,175.0,Methanol,0.5,950.0,0.35,1259.2,13.01,11623.1,0.3632,3,2.48,19.4,1.0791,96.79,123.272,1.064,719.0,1,163.694,40.422,168759.3,204.617
TRIP-0659,VESSEL-002,Panamax Bulk,75000,70000,12500,168.0,Ammonia,0.46,1100.0,0.15,3828.6,14.32,35736.9,0.5105,5,4.33,30.4,1.1456,267.36,856.551,1.04,1117.7,1,1134.376,277.825,1267063.6,612.563
TRIP-0660,VESSEL-003,Capesize Bulk,180000,170000,21000,162.0,LNG,1.15,780.0,0.78,2430.4,11.45,161656.6,0.9509,1,0.31,11.8,1.0177,212.26,251.33,1.048,1752.1,1,333.912,82.582,295451.36,931.614
TRIP-0661,VESSEL-004,Feeder Container,22000,18500,9800,180.0,Hydrogen,2.98,2800.0,0.08,3231.7,15.46,13169.4,0.7119,2,1.52,12.8,1.0442,209.04,112.934,1.032,882.4,0,137.737,24.803,401463.6,39.944
TRIP-0662,VESSEL-001,Handysize Bulk,35000,32000,7200,175.0,Methanol,0.5,950.0,0.35,3050.3,9.5,30403.1,0.9501,2,1.03,14.5,1.0467,321.08,183.633,1.064,709.6,0,304.669,121.036,307185.55,380.836
TRIP-0663,VESSEL-001,Handysize Bulk,35000,32000,7200,175.0,LNG,1.15,780.0,0.78,4048.4,9.05,15389.1,0.4809,3,1.37,12.9,1.0694,447.34,85.944,1.064,628.8,0,147.252,61.308,132606.56,410.833
TRIP-0664,VESSEL-005,Neo-Panamax Green,110000,102000,16500,158.0,Ammonia,0.46,1100.0,0.15,1086.3,10.74,81341.0,0.7975,4,1.95,21.6,1.1074,101.15,181.969,1.016,1371.1,1,261.384,79.415,312022.4,141.147
TRIP-0665,VESSEL-005,Neo-Panamax Green,110000,102000,16500,158.0,LNG,1.15,780.0,0.78,2660.5,13.44,87697.8,0.8598,1,0.76,4.6,1.0069,197.95,283.276,1.016,1417.9,1,341.87,58.594,291158.6,953.817
TRIP-0666,VESSEL-002,Panamax Bulk,75000,70000,12500,168.0,Methanol,0.5,950.0,0.35,2975.5,14.7,52994.8,0.7571,2,1.73,9.5,1.0393,202.41,686.118,1.04,1127.5,0,816.237,130.119,799175.15,1020.296
TRIP-0667,VESSEL-001,Handysize Bulk,35000,32000,7200,175.0,Methanol,0.5,950.0,0.35,2370.9,12.44,29737.0,0.9293,1,0.48,9.2,1.0138,190.59,243.599,1.064,649.9,1,317.524,73.925,314897.8,396.905
TRIP-0668,VESSEL-003,Capesize Bulk,180000,170000,21000,162.0,Ammonia,0.46,1100.0,0.15,1564.6,11.91,140267.5,0.8251,4,1.37,30.7,1.121,131.37,424.86,1.048,1780.0,0,589.782,164.922,688260.2,318.482
TRIP-0669,VESSEL-003,Capesize Bulk,180000,170000,21000,162.0,HFO,1.0,620.0,1.0,1470.9,15.16,110137.0,0.6479,2,1.18,17.8,1.0517,97.03,285.069,1.048,1767.8,1,344.249,59.18,248434.38,1232.411
TRIP-0670,VESSEL-004,Feeder Container,22000,18500,9800,180.0,Methanol,0.5,950.0,0.35,2355.3,16.39,9006.6,0.4868,2,1.09,16.6,1.0499,143.7,523.619,1.032,911.1,0,622.145,98.526,606837.75,777.681
TRIP-0671,VESSEL-003,Capesize Bulk,180000,170000,21000,162.0,Ammonia,0.46,1100.0,0.15,1442.6,11.05,75515.0,0.4442,5,1.84,35.1,1.1527,130.55,306.452,1.048,1805.8,0,471.883,165.431,558571.3,254.817
TRIP-0672,VESSEL-005,Neo-Panamax Green,110000,102000,16500,158.0,Ammonia,0.46,1100.0,0.15,3216.9,13.26,53275.4,0.5223,3,2.47,13.2,1.0698,242.6,767.721,1.016,1461.5,0,987.71,219.989,1115481.0,533.363
TRIP-0673,VESSEL-005,Neo-Panamax Green,110000,102000,16500,158.0,Ammonia,0.46,1100.0,0.15,2055.2,13.07,86108.7,0.8442,5,4.21,37.4,1.1561,157.25,515.499,1.016,1377.1,0,704.154,188.655,803569.4,380.243
TRIP-0674,VESSEL-005,Neo-Panamax Green,110000,102000,16500,158.0,LNG,1.15,780.0,0.78,2529.9,10.71,36451.4,0.3574,6,3.38,36.4,1.1796,236.22,150.953,1.016,1466.8,0,242.627,91.674,218249.06,676.929
TRIP-0675,VESSEL-005,Neo-Panamax Green,110000,102000,16500,158.0,LNG,1.15,780.0,0.78,1769.7,13.82,73456.3,0.7202,3,1.03,22.7,1.084,128.05,192.725,1.016,1398.5,0,240.882,48.157,216887.96,672.061
TRIP-0676,VESSEL-002,Panamax Bulk,75000,70000,12500,168.0,HFO,1.0,620.0,1.0,3850.7,12.1,61784.0,0.8826,2,1.24,11.1,1.0416,318.24,309.914,1.04,1054.7,1,409.669,99.755,273244.78,1466.615
TRIP-0677,VESSEL-002,Panamax Bulk,75000,70000,12500,168.0,HFO,1.0,620.0,1.0,3883.1,14.37,63329.5,0.9047,2,1.68,11.5,1.0422,270.22,443.052,1.04,1105.2,0,532.639,89.587,353986.18,1906.848
TRIP-0678,VESSEL-001,Handysize Bulk,35000,32000,7200,175.0,LNG,1.15,780.0,0.78,3256.0,11.25,17996.9,0.5624,1,0.33,7.6,1.0114,289.42,109.018,1.064,670.6,1,156.693,47.675,135470.54,437.173
TRIP-0679,VESSEL-002,Panamax Bulk,75000,70000,12500,168.0,Ammonia,0.46,1100.0,0.15,610.0,10.24,31209.1,0.4458,1,0.7,7.5,1.0112,59.57,68.628,1.04,1126.4,1,100.807,32.179,130137.7,54.436
TRIP-0680,VESSEL-001,Handysize Bulk,35000,32000,7200,175.0,HFO,1.0,620.0,1.0,2552.9,14.1,30956.4,0.9674,2,1.75,14.0,1.046,181.06,169.948,1.064,632.4,1,216.943,46.995,147754.66,776.656
TRIP-0681,VESSEL-002,Panamax Bulk,75000,70000,12500,168.0,LNG,1.15,780.0,0.78,1791.5,14.87,54220.0,0.7746,6,4.69,38.5,1.1827,120.48,184.571,1.04,1079.3,0,258.341,73.77,225255.98,720.771
TRIP-0682,VESSEL-002,Panamax Bulk,75000,70000,12500,168.0,Methanol,0.5,950.0,0.35,1988.9,13.78,46340.8,0.662,2,1.13,16.5,1.0497,144.33,393.782,1.04,1076.4,0,476.931,83.149,476834.45,596.164
TRIP-0683,VESSEL-005,Neo-Panamax Green,110000,102000,16500,158.0,Hydrogen,2.98,2800.0,0.08,2138.1,10.28,79120.3,0.7757,5,2.24,30.6,1.1459,207.99,50.388,1.016,1418.2,0,77.205,26.817,245174.0,22.389
TRIP-0684,VESSEL-002,Panamax Bulk,75000,70000,12500,168.0,HFO,1.0,620.0,1.0,2621.9,13.93,33105.8,0.4729,2,1.63,18.4,1.0526,188.22,252.873,1.04,1101.8,0,318.717,65.844,221354.54,1141.007
TRIP-0685,VESSEL-002,Panamax Bulk,75000,70000,12500,168.0,Ammonia,0.46,1100.0,0.15,2920.7,9.8,36716.8,0.5245,3,2.6,17.5,1.0763,298.03,307.129,1.04,1119.4,0,519.349,212.22,595033.9,280.448
TRIP-0686,VESSEL-001,Handysize Bulk,35000,32000,7200,175.0,LNG,1.15,780.0,0.78,3980.4,11.59,25898.2,0.8093,2,0.65,13.5,1.0453,343.43,150.124,1.064,680.4,0,194.237,44.113,169254.86,541.921
TRIP-0687,VESSEL-004,Feeder Container,22000,18500,9800,180.0,Hydrogen,2.98,2800.0,0.08,1229.3,17.89,17847.9,0.9648,5,3.61,29.1,1.1437,68.71,60.769,1.032,888.1,0,75.587,14.818,227443.6,21.92
TRIP-0688,VESSEL-005,Neo-Panamax Green,110000,102000,16500,158.0,LNG,1.15,780.0,0.78,3833.4,14.05,48235.8,0.4729,4,2.72,17.7,1.1016,272.84,405.69,1.016,1430.4,0,535.715,130.025,446857.7,1494.645
TRIP-0689,VESSEL-003,Capesize Bulk,180000,170000,21000,162.0,LNG,1.15,780.0,0.78,830.1,12.42,124563.5,0.7327,3,1.21,25.8,1.0887,66.84,95.888,1.048,1786.1,0,126.034,30.146,137806.52,351.635
TRIP-0690,VESSEL-003,Capesize Bulk,180000,170000,21000,162.0,HFO,1.0,620.0,1.0,796.3,12.09,139258.9,0.8192,2,1.31,14.2,1.0463,65.86,102.342,1.048,1803.9,1,139.439,37.097,121452.18,499.192
TRIP-0691,VESSEL-001,Handysize Bulk,35000,32000,7200,175.0,Methanol,0.5,950.0,0.35,1615.1,9.1,25544.5,0.7983,3,1.17,18.6,1.0779,177.48,86.147,1.064,676.4,1,147.099,60.952,152994.05,183.874
TRIP-0692,VESSEL-001,Handysize Bulk,35000,32000,7200,175.0,HFO,1.0,620.0,1.0,1816.4,9.49,20222.6,0.632,3,1.45,21.6,1.0824,191.4,50.628,1.064,712.4,0,90.459,39.831,73834.58,323.843
TRIP-0693,VESSEL-001,Handysize Bulk,35000,32000,7200,175.0,LNG,1.15,780.0,0.78,1195.7,12.39,20432.2,0.6385,4,1.56,25.4,1.1131,96.51,49.48,1.064,678.7,0,70.297,20.817,72581.66,196.129
TRIP-0694,VESSEL-005,Neo-Panamax Green,110000,102000,16500,158.0,Methanol,0.5,950.0,0.35,3818.0,11.47,37228.0,0.365,2,0.87,11.1,1.0416,332.87,602.178,1.016,1382.7,1,829.992,227.814,812992.4,1037.49
TRIP-0695,VESSEL-004,Feeder Container,22000,18500,9800,180.0,HFO,1.0,620.0,1.0,1756.7,11.94,14228.2,0.7691,4,2.54,20.4,1.1056,147.13,110.513,1.032,899.1,0,152.254,41.741,110197.48,545.069
TRIP-0696,VESSEL-003,Capesize Bulk,180000,170000,21000,162.0,LNG,1.15,780.0,0.78,4195.9,13.62,155782.4,0.9164,3,1.63,15.2,1.0728,308.07,609.031,1.048,1755.7,1,756.731,147.7,625250.18,2111.279
TRIP-0697,VESSEL-001,Handysize Bulk,35000,32000,7200,175.0,HFO,1.0,620.0,1.0,2562.5,9.22,29950.1,0.9359,5,4.0,36.7,1.1551,277.93,72.422,1.064,695.8,0,123.599,51.177,94381.38,442.484
TRIP-0698,VESSEL-001,Handysize Bulk,35000,32000,7200,175.0,LNG,1.15,780.0,0.78,1018.6,12.84,28960.4,0.905,3,0.91,13.3,1.0699,79.33,48.207,1.064,631.4,1,61.39,13.183,61134.2,171.278
TRIP-0699,VESSEL-003,Capesize Bulk,180000,170000,21000,162.0,Ammonia,0.46,1100.0,0.15,3747.5,14.3,87083.5,0.5123,4,3.5,31.0,1.1215,262.06,1357.131,1.048,1823.3,0,1816.92,459.789,2038112.0,981.137
TRIP-0700,VESSEL-004,Feeder Container,22000,18500,9800,180.0,Methanol,0.5,950.0,0.35,2363.4,12.49,13733.1,0.7423,5,4.36,28.1,1.1421,189.22,323.455,1.032,884.6,1,455.425,131.97,443953.75,569.281
TRIP-0701,VESSEL-001,Handysize Bulk,35000,32000,7200,175.0,HFO,1.0,620.0,1.0,3021.4,13.36,15885.0,0.4964,2,1.66,14.2,1.0463,226.15,161.379,1.064,644.6,1,207.904,46.525,142150.48,744.296
TRIP-0702,VESSEL-002,Panamax Bulk,75000,70000,12500,168.0,Methanol,0.5,950.0,0.35,2532.3,12.43,39866.2,0.5695,4,3.08,21.5,1.1073,203.72,398.636,1.04,1122.1,1,527.056,128.42,519953.2,658.82
TRIP-0703,VESSEL-002,Panamax Bulk,75000,70000,12500,168.0,LNG,1.15,780.0,0.78,1514.0,14.24,57414.5,0.8202,4,2.23,20.6,1.1059,106.32,144.607,1.04,1088.4,1,184.812,40.205,163403.36,515.625
TRIP-0704,VESSEL-005,Neo-Panamax Green,110000,102000,16500,158.0,Ammonia,0.46,1100.0,0.15,3573.8,11.37,90513.0,0.8874,2,1.65,16.5,1.0497,314.32,685.243,1.016,1411.8,1,924.285,239.042,1041213.5,499.114
TRIP-0705,VESSEL-005,Neo-Panamax Green,110000,102000,16500,158.0,Methanol,0.5,950.0,0.35,3984.7,13.21,51507.7,0.505,3,1.09,20.0,1.08,301.64,864.473,1.016,1420.1,0,1118.41,253.937,1091489.5,1398.013
TRIP-0706,VESSEL-001,Handysize Bulk,35000,32000,7200,175.0,HFO,1.0,620.0,1.0,2622.4,11.98,16047.3,0.5015,4,1.27,26.7,1.115,218.9,112.772,1.064,661.0,0,166.694,53.922,121100.28,596.765
TRIP-0707,VESSEL-005,Neo-Panamax Green,110000,102000,16500,158.0,Hydrogen,2.98,2800.0,0.08,1516.8,12.39,90877.5,0.891,4,1.43,32.2,1.1233,122.42,53.353,1.016,1432.2,0,70.492,17.139,226377.6,20.443
TRIP-0708,VESSEL-004,Feeder Container,22000,18500,9800,180.0,Hydrogen,2.98,2800.0,0.08,2832.7,17.53,12344.5,0.6673,4,2.09,28.2,1.1173,161.59,126.003,1.032,901.6,1,158.921,32.918,456278.8,46.087
TRIP-0709,VESSEL-004,Feeder Container,22000,18500,9800,180.0,HFO,1.0,620.0,1.0,3551.1,13.68,9145.5,0.4944,3,1.7,25.2,1.0878,259.58,275.478,1.032,838.8,0,352.688,77.21,234466.56,1262.623
TRIP-0710,VESSEL-002,Panamax Bulk,75000,70000,12500,168.0,HFO,1.0,620.0,1.0,1151.3,13.91,38358.2,0.548,4,1.95,31.5,1.1222,82.77,112.872,1.04,1134.1,1,150.561,37.689,112597.82,539.008
TRIP-0711,VESSEL-001,Handysize Bulk,35000,32000,7200,175.0,Methanol,0.5,950.0,0.35,3786.4,12.31,17353.1,0.5423,4,2.33,16.7,1.1,307.59,347.384,1.064,689.9,1,481.63,134.246,470798.5,602.038
TRIP-0712,VESSEL-001,Handysize Bulk,35000,32000,7200,175.0,HFO,1.0,620.0,1.0,1038.6,12.75,18955.8,0.5924,3,1.1,20.1,1.0801,81.46,51.749,1.064,630.1,1,69.958,18.209,56623.96,250.45
TRIP-0713,VESSEL-003,Capesize Bulk,180000,170000,21000,162.0,HFO,1.0,620.0,1.0,1708.5,14.0,64345.1,0.3785,3,1.0,12.3,1.0685,122.04,263.367,1.048,1775.0,0,331.221,67.854,244857.02,1185.771
TRIP-0714,VESSEL-005,Neo-Panamax Green,110000,102000,16500,158.0,Methanol,0.5,950.0,0.35,1240.6,14.82,69816.1,0.6845,2,1.31,8.8,1.0382,83.71,354.258,1.016,1384.7,0,398.931,44.673,407984.45,498.664
TRIP-0715,VESSEL-005,Neo-Panamax Green,110000,102000,16500,158.0,Hydrogen,2.98,2800.0,0.08,3150.4,15.27,85644.6,0.8397,4,2.34,26.9,1.1153,206.31,166.313,1.016,1373.8,1,213.718,47.405,622910.4,61.978
TRIP-0716,VESSEL-001,Handysize Bulk,35000,32000,7200,175.0,LNG,1.15,780.0,0.78,3063.4,10.53,24570.3,0.7678,5,2.53,35.4,1.1531,290.92,94.446,1.064,682.1,1,151.642,57.196,131530.76,423.081
TRIP-0717,VESSEL-003,Capesize Bulk,180000,170000,21000,162.0,LNG,1.15,780.0,0.78,3272.5,13.11,123355.4,0.7256,6,2.06,25.2,1.1628,249.62,420.432,1.048,1823.8,1,623.746,203.314,521521.88,1740.251
TRIP-0718,VESSEL-005,Neo-Panamax Green,110000,102000,16500,158.0,Methanol,0.5,950.0,0.35,1653.3,15.38,85241.0,0.8357,2,1.61,8.8,1.0382,107.5,527.239,1.016,1458.1,0,626.582,99.343,624252.9,783.227
TRIP-0719,VESSEL-004,Feeder Container,22000,18500,9800,180.0,Hydrogen,2.98,2800.0,0.08,2033.4,17.55,14629.4,0.7908,4,2.03,20.7,1.106,115.86,93.179,1.032,933.7,0,115.533,22.354,339292.4,33.505
TRIP-0720,VESSEL-004,Feeder Container,22000,18500,9800,180.0,Hydrogen,2.98,2800.0,0.08,3319.5,11.22,13139.0,0.7102,3,2.41,12.5,1.0688,295.86,61.076,1.032,870.7,0,86.916,25.84,259164.8,25.206
TRIP-0721,VESSEL-002,Panamax Bulk,75000,70000,12500,168.0,Ammonia,0.46,1100.0,0.15,3072.5,9.83,31078.4,0.444,2,1.37,8.6,1.0379,312.56,318.386,1.04,1090.7,0,497.298,178.912,570777.8,268.541
TRIP-0722,VESSEL-003,Capesize Bulk,180000,170000,21000,162.0,HFO,1.0,620.0,1.0,2451.6,15.6,119433.7,0.7026,2,0.6,16.9,1.0503,157.15,509.954,1.048,1738.8,1,616.417,106.463,417178.54,2206.773
TRIP-0723,VESSEL-005,Neo-Panamax Green,110000,102000,16500,158.0,Methanol,0.5,950.0,0.35,791.2,11.46,79807.6,0.7824,3,1.2,22.3,1.0835,69.04,138.327,1.016,1400.1,0,201.071,62.744,220017.45,251.339
TRIP-0724,VESSEL-004,Feeder Container,22000,18500,9800,180.0,HFO,1.0,620.0,1.0,1085.6,13.12,14440.0,0.7805,4,1.51,23.2,1.1098,82.74,82.663,1.032,858.7,1,106.195,23.532,77140.9,380.178
TRIP-0725,VESSEL-001,Handysize Bulk,35000,32000,7200,175.0,HFO,1.0,620.0,1.0,553.8,12.31,22837.1,0.7137,1,0.65,11.5,1.0172,44.99,26.492,1.064,712.7,1,34.945,8.453,34915.9,125.103
TRIP-0726,VESSEL-003,Capesize Bulk,180000,170000,21000,162.0,HFO,1.0,620.0,1.0,2238.9,13.89,96931.9,0.5702,5,2.4,38.5,1.1578,161.19,357.171,1.048,1753.0,1,492.946,135.775,340626.52,1764.747
TRIP-0727,VESSEL-005,Neo-Panamax Green,110000,102000,16500,158.0,Ammonia,0.46,1100.0,0.15,3950.8,15.25,64696.1,0.6343,3,1.42,20.9,1.0814,259.07,1282.586,1.016,1398.7,1,1532.557,249.971,1710312.7,827.581
TRIP-0728,VESSEL-005,Neo-Panamax Green,110000,102000,16500,158.0,LNG,1.15,780.0,0.78,1475.3,14.75,61687.5,0.6048,6,3.97,45.5,1.1932,100.02,177.913,1.016,1390.3,0,229.778,51.865,208226.84,641.081
TRIP-0729,VESSEL-001,Handysize Bulk,35000,32000,7200,175.0,Methanol,0.5,950.0,0.35,955.3,10.45,11986.7,0.3746,6,2.93,26.7,1.165,91.42,60.517,1.064,636.7,0,99.489,38.972,112264.55,124.361
TRIP-0730,VESSEL-003,Capesize Bulk,180000,170000,21000,162.0,LNG,1.15,780.0,0.78,882.6,11.34,65745.0,0.3867,3,1.31,19.2,1.0788,77.83,77.79,1.048,1755.3,1,112.359,34.569,122640.02,313.482
TRIP-0731,VESSEL-005,Neo-Panamax Green,110000,102000,16500,158.0,Ammonia,0.46,1100.0,0.15,1910.2,13.97,59198.3,0.5804,3,2.21,18.3,1.0775,136.74,513.482,1.016,1455.7,1,643.865,130.383,732751.5,347.687
TRIP-0732,VESSEL-001,Handysize Bulk,35000,32000,7200,175.0,LNG,1.15,780.0,0.78,2454.4,13.47,11943.9,0.3732,4,1.7,31.4,1.1221,182.21,112.276,1.064,709.9,1,157.689,45.413,136247.42,439.952
TRIP-0733,VESSEL-001,Handysize Bulk,35000,32000,7200,175.0,LNG,1.15,780.0,0.78,987.5,10.3,26383.9,0.8245,4,3.22,19.9,1.1048,95.87,29.519,1.064,712.6,0,46.657,17.138,54142.46,130.173
TRIP-0734,VESSEL-004,Feeder Container,22000,18500,9800,180.0,Hydrogen,2.98,2800.0,0.08,2018.9,14.47,11539.0,0.6237,2,0.76,10.2,1.0403,139.52,60.587,1.032,839.5,0,71.183,10.596,215112.4,20.643
TRIP-0735,VESSEL-005,Neo-Panamax Green,110000,102000,16500,158.0,Hydrogen,2.98,2800.0,0.08,4100.6,14.39,56675.7,0.5556,2,1.01,11.9,1.0428,284.96,179.412,1.016,1370.8,1,228.012,48.6,662933.6,66.123
TRIP-0736,VESSEL-004,Feeder Container,22000,18500,9800,180.0,Methanol,0.5,950.0,0.35,700.0,15.53,7013.3,0.3791,3,1.89,24.4,1.0866,45.07,136.169,1.032,844.5,1,175.361,39.192,177892.95,219.201
TRIP-0737,VESSEL-003,Capesize Bulk,180000,170000,21000,162.0,LNG,1.15,780.0,0.78,1056.8,11.9,103717.2,0.6101,3,2.34,18.2,1.0773,88.81,108.701,1.048,1779.1,1,151.26,42.559,152982.8,422.015
TRIP-0738,VESSEL-005,Neo-Panamax Green,110000,102000,16500,158.0,Hydrogen,2.98,2800.0,0.08,3392.2,12.86,57217.9,0.561,4,2.35,16.8,1.1002,263.78,118.695,1.016,1401.0,0,159.957,41.262,476879.6,46.388
TRIP-0739,VESSEL-004,Feeder Container,22000,18500,9800,180.0,Hydrogen,2.98,2800.0,0.08,3210.0,16.64,14521.9,0.785,3,2.12,20.5,1.0808,192.91,132.074,1.032,910.9,1,153.543,21.469,441220.4,44.527
TRIP-0740,VESSEL-001,Handysize Bulk,35000,32000,7200,175.0,Methanol,0.5,950.0,0.35,794.5,12.92,14911.8,0.466,5,2.28,37.1,1.1557,61.49,78.76,1.064,712.3,1,106.532,27.772,114455.4,133.165
TRIP-0741,VESSEL-001,Handysize Bulk,35000,32000,7200,175.0,LNG,1.15,780.0,0.78,4116.5,13.01,17942.0,0.5607,1,0.57,4.9,1.0073,316.41,184.25,1.064,661.1,1,233.444,49.194,195336.32,651.309
TRIP-0742,VESSEL-001,Handysize Bulk,35000,32000,7200,175.0,HFO,1.0,620.0,1.0,4084.6,9.8,30011.1,0.9378,7,5.42,45.3,1.2179,416.8,130.478,1.064,660.6,0,219.43,88.952,153796.6,785.559
TRIP-0743,VESSEL-002,Panamax Bulk,75000,70000,12500,168.0,Methanol,0.5,950.0,0.35,3557.9,13.66,60204.9,0.8601,5,4.14,40.0,1.16,260.46,726.032,1.04,1074.4,0,996.825,270.793,970733.75,1246.031
TRIP-0744,VESSEL-004,Feeder Container,22000,18500,9800,180.0,HFO,1.0,620.0,1.0,3046.8,11.9,6789.6,0.367,3,2.58,15.3,1.073,256.03,173.504,1.032,842.4,0,242.723,69.219,166288.26,868.948
TRIP-0745,VESSEL-003,Capesize Bulk,180000,170000,21000,162.0,Ammonia,0.46,1100.0,0.15,1802.5,10.22,160591.8,0.9447,3,0.93,15.8,1.0737,176.37,370.719,1.048,1810.5,0,571.723,201.004,668395.3,308.73
TRIP-0746,VESSEL-004,Feeder Container,22000,18500,9800,180.0,Methanol,0.5,950.0,0.35,1601.4,13.26,16563.6,0.8953,4,1.53,27.7,1.1165,120.77,255.413,1.032,925.3,1,343.239,87.826,337377.05,429.049
TRIP-0747,VESSEL-002,Panamax Bulk,75000,70000,12500,168.0,HFO,1.0,620.0,1.0,1460.3,15.27,53046.5,0.7578,2,1.45,16.1,1.0491,95.63,181.708,1.04,1080.3,0,217.272,35.564,158458.64,777.834
TRIP-0748,VESSEL-004,Feeder Container,22000,18500,9800,180.0,HFO,1.0,620.0,1.0,709.0,11.65,14579.9,0.7881,4,3.22,22.8,1.1092,60.86,42.641,1.032,886.2,0,58.038,15.397,51783.56,207.776
TRIP-0749,VESSEL-002,Panamax Bulk,75000,70000,12500,168.0,LNG,1.15,780.0,0.78,3808.1,13.21,45262.8,0.6466,3,2.42,23.2,1.0848,288.27,300.109,1.04,1091.1,1,387.095,86.986,321184.1,1079.995
TRIP-0750,VESSEL-005,Neo-Panamax Green,110000,102000,16500,158.0,LNG,1.15,780.0,0.78,1807.9,13.67,89144.2,0.874,3,1.34,13.5,1.0703,132.25,199.8,1.016,1449.4,0,240.94,41.14,216933.2,672.223
TRIP-0751,VESSEL-002,Panamax Bulk,75000,70000,12500,168.0,Ammonia,0.46,1100.0,0.15,4100.3,14.63,40264.4,0.5752,6,2.77,24.9,1.1623,280.27,973.363,1.04,1120.5,1,1279.454,306.091,1426649.4,690.905
TRIP-0752,VESSEL-003,Capesize Bulk,180000,170000,21000,162.0,HFO,1.0,620.0,1.0,971.1,15.22,74821.1,0.4401,2,1.75,15.6,1.0484,63.8,179.827,1.048,1810.1,0,219.474,39.647,175573.88,785.717
TRIP-0753,VESSEL-004,Feeder Container,22000,18500,9800,180.0,HFO,1.0,620.0,1.0,2837.6,14.36,13110.7,0.7087,2,1.74,9.9,1.0398,197.6,254.757,1.032,930.6,0,309.14,54.383,207466.8,1106.721
TRIP-0754,VESSEL-001,Handysize Bulk,35000,32000,7200,175.0,LNG,1.15,780.0,0.78,3147.1,10.32,13901.9,0.4344,1,0.5,6.3,1.0094,304.95,85.852,1.064,681.5,1,126.358,40.506,111809.24,352.539
TRIP-0755,VESSEL-002,Panamax Bulk,75000,70000,12500,168.0,Methanol,0.5,950.0,0.35,1837.4,15.09,67790.6,0.9684,4,2.97,31.2,1.1218,121.76,469.205,1.04,1094.8,1,562.44,93.235,553568.0,703.05
TRIP-0756,VESSEL-004,Feeder Container,22000,18500,9800,180.0,Methanol,0.5,950.0,0.35,2667.7,17.04,11805.9,0.6382,6,3.72,44.8,1.1922,156.56,663.889,1.032,842.3,0,887.614,223.725,859033.3,1109.517
TRIP-0757,VESSEL-001,Handysize Bulk,35000,32000,7200,175.0,Methanol,0.5,950.0,0.35,1928.8,13.44,27070.3,0.8459,6,5.08,46.1,1.1942,143.51,226.922,1.064,668.8,1,329.838,102.916,326596.1,412.298
TRIP-0758,VESSEL-002,Panamax Bulk,75000,70000,12500,168.0,Ammonia,0.46,1100.0,0.15,2286.1,14.22,25321.7,0.3617,2,1.49,11.4,1.0421,160.77,485.125,1.04,1132.7,1,584.907,99.782,662647.7,315.85
TRIP-0759,VESSEL-002,Panamax Bulk,75000,70000,12500,168.0,Methanol,0.5,950.0,0.35,2923.3,13.27,29866.2,0.4267,2,0.6,9.4,1.0391,220.29,505.581,1.04,1143.4,1,638.7,133.119,626015.0,798.375
TRIP-0760,VESSEL-002,Panamax Bulk,75000,70000,12500,168.0,LNG,1.15,780.0,0.78,3021.4,15.33,41499.1,0.5928,1,0.54,11.7,1.0175,197.09,316.404,1.04,1103.9,0,376.414,60.01,317352.92,1050.195
TRIP-0761,VESSEL-002,Panamax Bulk,75000,70000,12500,168.0,HFO,1.0,620.0,1.0,1883.6,13.72,53840.9,0.7692,6,1.88,31.0,1.1715,137.29,189.736,1.04,1142.1,1,254.302,64.566,176917.24,910.401
TRIP-0762,VESSEL-005,Neo-Panamax Green,110000,102000,16500,158.0,Hydrogen,2.98,2800.0,0.08,3441.8,10.72,98222.3,0.963,2,1.45,12.2,1.0433,321.06,92.144,1.016,1410.2,1,124.684,32.54,373615.2,36.158
TRIP-0763,VESSEL-005,Neo-Panamax Green,110000,102000,16500,158.0,Ammonia,0.46,1100.0,0.15,2279.5,10.89,63587.8,0.6234,3,1.55,12.7,1.0691,209.32,376.346,1.016,1438.6,1,518.376,142.03,594713.6,279.923
TRIP-0764,VESSEL-002,Panamax Bulk,75000,70000,12500,168.0,LNG,1.15,780.0,0.78,2860.9,12.42,38079.5,0.544,2,0.88,16.0,1.049,230.35,194.244,1.04,1054.0,0,251.304,57.06,219767.12,701.138
TRIP-0765,VESSEL-001,Handysize Bulk,35000,32000,7200,175.0,Methanol,0.5,950.0,0.35,1568.6,9.38,31912.7,0.9973,2,0.89,18.3,1.0524,167.23,93.048,1.064,678.0,0,151.765,58.717,161926.75,189.706
TRIP-0766,VESSEL-005,Neo-Panamax Green,110000,102000,16500,158.0,Methanol,0.5,950.0,0.35,1671.7,11.45,60747.9,0.5956,4,1.89,25.8,1.1137,146.0,278.77,1.016,1376.6,0,390.599,111.829,400069.05,488.249
TRIP-0767,VESSEL-003,Capesize Bulk,180000,170000,21000,162.0,HFO,1.0,620.0,1.0,2957.1,15.62,101186.3,0.5952,2,0.75,8.6,1.0379,189.31,600.357,1.048,1760.5,1,712.148,111.791,476531.76,2549.49
TRIP-0768,VESSEL-005,Neo-Panamax Green,110000,102000,16500,158.0,LNG,1.15,780.0,0.78,2374.2,13.9,60858.3,0.5967,3,1.46,16.1,1.0741,170.81,253.76,1.016,1443.3,1,316.008,62.248,270986.24,881.662
TRIP-0769,VESSEL-002,Panamax Bulk,75000,70000,12500,168.0,Methanol,0.5,950.0,0.35,1122.6,11.0,40054.9,0.5722,3,2.66,22.7,1.084,102.05,138.489,1.04,1092.3,0,189.576,51.087,203847.2,236.97
TRIP-0770,VESSEL-005,Neo-Panamax Green,110000,102000,16500,158.0,Ammonia,0.46,1100.0,0.15,681.9,16.36,42446.3,0.4161,1,0.5,9.3,1.0139,41.68,241.04,1.016,1443.0,1,275.905,34.865,327995.5,148.989
TRIP-0771,VESSEL-005,Neo-Panamax Green,110000,102000,16500,158.0,Ammonia,0.46,1100.0,0.15,3878.9,11.51,74874.8,0.7341,4,3.41,32.6,1.1239,337.0,735.002,1.016,1371.1,1,1002.323,267.321,1127055.3,541.254
TRIP-0772,VESSEL-001,Handysize Bulk,35000,32000,7200,175.0,Methanol,0.5,950.0,0.35,816.7,12.38,27705.6,0.8658,2,1.51,8.2,1.0373,65.97,81.903,1.064,707.7,0,113.454,31.551,125531.3,141.817
TRIP-0773,VESSEL-004,Feeder Container,22000,18500,9800,180.0,HFO,1.0,620.0,1.0,1767.2,15.28,14844.8,0.8024,2,0.68,14.5,1.0467,115.65,183.398,1.032,886.1,0,218.47,35.072,151251.4,782.123
TRIP-0774,VESSEL-001,Handysize Bulk,35000,32000,7200,175.0,HFO,1.0,620.0,1.0,4111.3,9.15,18179.6,0.5681,5,2.49,31.8,1.1477,449.32,104.868,1.064,710.7,0,198.423,93.555,140772.26,710.354
TRIP-0775,VESSEL-002,Panamax Bulk,75000,70000,12500,168.0,LNG,1.15,780.0,0.78,4086.9,9.95,47722.9,0.6818,4,1.37,19.2,1.1038,410.74,184.319,1.04,1127.1,1,292.786,108.467,247623.08,816.873
TRIP-0776,VESSEL-002,Panamax Bulk,75000,70000,12500,168.0,LNG,1.15,780.0,0.78,1458.4,14.47,60366.5,0.8624,4,1.72,16.7,1.1,100.79,145.276,1.04,1070.1,0,189.466,44.19,171533.48,528.61
TRIP-0777,VESSEL-003,Capesize Bulk,180000,170000,21000,162.0,Ammonia,0.46,1100.0,0.15,4147.9,14.76,127618.9,0.7507,3,2.45,25.2,1.0878,281.02,1699.053,1.048,1823.0,0,2116.295,417.242,2367424.5,1142.799
TRIP-0778,VESSEL-003,Capesize Bulk,180000,170000,21000,162.0,Ammonia,0.46,1100.0,0.15,2511.1,11.11,97190.9,0.5717,4,1.71,27.4,1.1161,226.02,557.355,1.048,1800.4,1,820.353,262.998,937388.3,442.991
TRIP-0779,VESSEL-005,Neo-Panamax Green,110000,102000,16500,158.0,Methanol,0.5,950.0,0.35,1974.1,10.89,73245.4,0.7181,2,0.8,11.7,1.0425,181.28,306.887,1.016,1430.8,0,413.547,106.66,421869.65,516.934
TRIP-0780,VESSEL-002,Panamax Bulk,75000,70000,12500,168.0,HFO,1.0,620.0,1.0,3205.5,14.78,26551.5,0.3793,5,1.79,28.7,1.1431,216.88,339.608,1.04,1146.2,1,455.222,115.614,301487.64,1629.695
TRIP-0781,VESSEL-002,Panamax Bulk,75000,70000,12500,168.0,Ammonia,0.46,1100.0,0.15,1787.7,14.08,62418.7,0.8917,5,2.91,30.6,1.1459,126.97,424.425,1.04,1150.0,0,561.884,137.459,641822.4,303.417
TRIP-0782,VESSEL-005,Neo-Panamax Green,110000,102000,16500,158.0,LNG,1.15,780.0,0.78,4081.1,14.93,78848.2,0.773,5,2.85,21.3,1.132,273.35,525.351,1.016,1417.6,1,686.936,161.585,560310.08,1916.551
TRIP-0783,VESSEL-001,Handysize Bulk,35000,32000,7200,175.0,Methanol,0.5,950.0,0.35,1586.9,11.96,20951.4,0.6547,2,1.2,9.8,1.0397,132.68,141.281,1.064,660.1,0,194.53,53.249,202553.5,243.162
TRIP-0784,VESSEL-001,Handysize Bulk,35000,32000,7200,175.0,LNG,1.15,780.0,0.78,3101.4,12.09,25153.2,0.786,2,1.16,18.5,1.0527,256.53,126.592,1.064,702.7,1,164.898,38.306,141870.44,460.065
TRIP-0785,VESSEL-003,Capesize Bulk,180000,170000,21000,162.0,Ammonia,0.46,1100.0,0.15,2682.0,14.73,137303.5,0.8077,3,2.45,25.4,1.0881,182.08,1109.35,1.048,1779.9,1,1407.182,297.832,1582900.2,759.878
TRIP-0786,VESSEL-005,Neo-Panamax Green,110000,102000,16500,158.0,Hydrogen,2.98,2800.0,0.08,746.0,15.96,63806.6,0.6256,1,0.61,6.8,1.0102,46.74,40.856,1.016,1469.7,1,47.246,6.39,156788.8,13.701
TRIP-0787,VESSEL-003,Capesize Bulk,180000,170000,21000,162.0,LNG,1.15,780.0,0.78,2611.5,10.29,145182.8,0.854,4,1.56,25.7,1.1136,253.79,213.201,1.048,1755.4,0,321.157,107.956,290002.46,896.028
TRIP-0788,VESSEL-005,Neo-Panamax Green,110000,102000,16500,158.0,LNG,1.15,780.0,0.78,1236.6,12.16,44340.5,0.4347,3,1.02,24.1,1.0861,101.69,97.062,1.016,1466.1,0,129.868,32.806,130297.04,362.332
TRIP-0789,VESSEL-003,Capesize Bulk,180000,170000,21000,162.0,Ammonia,0.46,1100.0,0.15,1499.2,13.84,105238.8,0.6191,2,1.38,12.6,1.0439,108.32,522.597,1.048,1748.0,1,662.142,139.545,763356.2,357.557
TRIP-0790,VESSEL-001,Handysize Bulk,35000,32000,7200,175.0,LNG,1.15,780.0,0.78,3070.8,12.7,13592.2,0.4248,3,2.6,14.0,1.071,241.8,126.552,1.064,690.3,0,180.322,53.77,158401.16,503.098
TRIP-0791,VESSEL-001,Handysize Bulk,35000,32000,7200,175.0,HFO,1.0,620.0,1.0,1500.4,14.29,29950.9,0.936,4,3.59,20.3,1.1055,105.0,101.866,1.064,669.7,0,127.271,25.405,96658.02,455.63
TRIP-0792,VESSEL-001,Handysize Bulk,35000,32000,7200,175.0,LNG,1.15,780.0,0.78,3858.9,9.31,12290.0,0.3841,4,2.83,24.9,1.1123,414.49,84.566,1.064,704.2,0,150.27,65.704,134960.6,419.253
TRIP-0793,VESSEL-005,Neo-Panamax Green,110000,102000,16500,158.0,Methanol,0.5,950.0,0.35,2052.2,13.43,43020.1,0.4218,2,0.64,9.5,1.0393,152.81,450.418,1.016,1446.4,0,556.097,105.679,557292.15,695.121
TRIP-0794,VESSEL-005,Neo-Panamax Green,110000,102000,16500,158.0,LNG,1.15,780.0,0.78,2070.6,11.19,56657.8,0.5555,2,0.94,18.7,1.053,185.04,141.952,1.016,1385.3,1,198.762,56.81,179534.36,554.546
TRIP-0795,VESSEL-005,Neo-Panamax Green,110000,102000,16500,158.0,LNG,1.15,780.0,0.78,1565.4,14.17,96427.0,0.9454,2,1.38,15.8,1.0487,110.47,188.981,1.016,1438.8,1,221.858,32.877,197549.24,618.984
TRIP-0796,VESSEL-002,Panamax Bulk,75000,70000,12500,168.0,Methanol,0.5,950.0,0.35,2173.6,12.24,63001.8,0.9,3,1.18,18.0,1.077,177.58,359.469,1.04,1103.7,0,469.208,109.739,469497.6,586.51
TRIP-0797,VESSEL-001,Handysize Bulk,35000,32000,7200,175.0,Methanol,0.5,950.0,0.35,2850.1,13.3,25345.0,0.792,5,1.55,31.1,1.1467,214.29,324.254,1.064,704.7,0,432.191,107.937,428331.45,540.239
TRIP-0798,VESSEL-004,Feeder Container,22000,18500,9800,180.0,HFO,1.0,620.0,1.0,2667.7,14.3,17034.3,0.9208,4,3.13,27.2,1.1158,186.55,248.766,1.032,873.8,1,321.909,73.143,210883.58,1152.434
TRIP-0799,VESSEL-004,Feeder Container,22000,18500,9800,180.0,Hydrogen,2.98,2800.0,0.08,854.1,13.62,11142.2,0.6023,5,1.77,33.0,1.1495,62.71,22.598,1.032,875.3,0,31.678,9.08,104498.4,9.187
TRIP-0800,VESSEL-004,Feeder Container,22000,18500,9800,180.0,Hydrogen,2.98,2800.0,0.08,2051.7,12.8,14461.4,0.7817,6,4.26,42.2,1.1883,160.29,49.914,1.032,863.3,0,68.713,18.799,208196.4,19.927
TRIP-0801,VESSEL-004,Feeder Container,22000,18500,9800,180.0,HFO,1.0,620.0,1.0,4024.8,13.2,8905.1,0.4814,3,1.21,14.8,1.0722,304.91,289.817,1.032,862.1,0,382.987,93.17,253251.94,1371.093
TRIP-0802,VESSEL-004,Feeder Container,22000,18500,9800,180.0,Methanol,0.5,950.0,0.35,891.9,12.11,10235.0,0.5532,1,0.78,5.1,1.0076,73.65,109.94,1.032,911.6,1,136.027,26.087,140525.65,170.034
TRIP-0803,VESSEL-003,Capesize Bulk,180000,170000,21000,162.0,Ammonia,0.46,1100.0,0.15,2725.1,10.87,140917.0,0.8289,4,1.22,31.8,1.1227,250.7,616.956,1.048,1736.6,0,882.187,265.231,1009905.7,476.381
TRIP-0804,VESSEL-005,Neo-Panamax Green,110000,102000,16500,158.0,Ammonia,0.46,1100.0,0.15,3753.8,15.27,90282.7,0.8851,3,2.04,13.1,1.0696,245.83,1297.524,1.016,1418.8,0,1491.713,194.189,1669884.3,805.525
TRIP-0805,VESSEL-001,Handysize Bulk,35000,32000,7200,175.0,Methanol,0.5,950.0,0.35,2615.1,10.81,20009.6,0.6253,5,2.68,39.6,1.1594,241.91,188.844,1.064,701.9,0,315.793,126.949,317753.35,394.741
TRIP-0806,VESSEL-004,Feeder Container,22000,18500,9800,180.0,Hydrogen,2.98,2800.0,0.08,2854.8,15.08,18332.5,0.9909,4,3.12,21.9,1.1079,189.31,100.833,1.032,860.0,0,126.493,25.66,369980.4,36.683
TRIP-0807,VESSEL-002,Panamax Bulk,75000,70000,12500,168.0,LNG,1.15,780.0,0.78,4120.2,14.87,49185.9,0.7027,4,2.53,32.1,1.1231,277.08,417.151,1.04,1100.5,0,534.896,117.745,440968.88,1492.36
TRIP-0808,VESSEL-005,Neo-Panamax Green,110000,102000,16500,158.0,Hydrogen,2.98,2800.0,0.08,2161.8,11.86,71249.5,0.6985,3,1.06,22.1,1.0832,182.28,66.563,1.016,1391.4,0,91.7,25.137,285760.0,26.593
TRIP-0809,VESSEL-003,Capesize Bulk,180000,170000,21000,162.0,LNG,1.15,780.0,0.78,1874.4,11.37,124016.3,0.7295,3,1.87,14.8,1.0722,164.85,181.298,1.048,1745.6,0,251.41,70.112,235599.8,701.434
TRIP-0810,VESSEL-003,Capesize Bulk,180000,170000,21000,162.0,HFO,1.0,620.0,1.0,2567.7,12.99,120735.8,0.7102,4,1.63,20.3,1.1055,197.67,371.048,1.048,1811.1,1,512.184,141.136,352554.08,1833.619
TRIP-0811,VESSEL-002,Panamax Bulk,75000,70000,12500,168.0,Methanol,0.5,950.0,0.35,722.3,12.49,34245.0,0.4892,2,0.77,15.8,1.0487,57.83,112.481,1.04,1103.4,1,145.773,33.292,157734.35,182.216
TRIP-0812,VESSEL-002,Panamax Bulk,75000,70000,12500,168.0,Ammonia,0.46,1100.0,0.15,1644.9,12.0,54008.0,0.7715,3,1.84,12.3,1.0685,137.08,275.713,1.04,1129.1,0,376.271,100.558,437648.1,203.186
TRIP-0813,VESSEL-004,Feeder Container,22000,18500,9800,180.0,Methanol,0.5,950.0,0.35,733.7,11.04,10998.8,0.5945,5,2.75,29.2,1.1438,66.46,75.884,1.032,869.0,1,115.613,39.729,121132.35,144.516
TRIP-0814,VESSEL-004,Feeder Container,22000,18500,9800,180.0,HFO,1.0,620.0,1.0,2994.0,17.34,16859.1,0.9113,2,1.37,13.6,1.0454,172.66,409.684,1.032,905.7,1,479.127,69.443,308358.74,1715.275
TRIP-0815,VESSEL-003,Capesize Bulk,180000,170000,21000,162.0,LNG,1.15,780.0,0.78,617.0,15.08,66557.2,0.3915,2,1.68,17.1,1.0506,40.92,96.301,1.048,1798.3,1,121.654,25.353,129890.12,339.415
TRIP-0816,VESSEL-004,Feeder Container,22000,18500,9800,180.0,Hydrogen,2.98,2800.0,0.08,1817.1,13.83,9057.3,0.4896,2,0.81,16.2,1.0493,131.39,48.293,1.032,859.2,1,61.084,12.791,182335.2,17.714
TRIP-0817,VESSEL-001,Handysize Bulk,35000,32000,7200,175.0,Methanol,0.5,950.0,0.35,946.9,11.64,20518.3,0.6412,3,1.42,14.2,1.0713,81.35,79.593,1.064,654.2,0,113.633,34.04,125701.35,142.041
TRIP-0818,VESSEL-001,Handysize Bulk,35000,32000,7200,175.0,Methanol,0.5,950.0,0.35,3119.2,11.64,30576.6,0.9555,4,1.67,29.2,1.1188,267.97,282.258,1.064,709.2,0,401.094,118.836,398789.3,501.368
TRIP-0819,VESSEL-003,Capesize Bulk,180000,170000,21000,162.0,LNG,1.15,780.0,0.78,2319.9,11.97,82693.2,0.4864,1,0.7,8.2,1.0123,193.81,233.895,1.048,1819.9,1,311.196,77.301,277732.88,868.237
TRIP-0820,VESSEL-005,Neo-Panamax Green,110000,102000,16500,158.0,LNG,1.15,780.0,0.78,1442.5,12.79,46981.1,0.4606,2,1.27,12.5,1.0437,112.78,126.103,1.016,1464.8,0,159.853,33.75,153685.34,445.99
TRIP-0821,VESSEL-002,Panamax Bulk,75000,70000,12500,168.0,HFO,1.0,620.0,1.0,1754.2,10.88,59665.8,0.8524,2,1.63,11.4,1.0421,161.23,113.339,1.04,1115.9,1,153.621,40.282,114495.02,549.963
TRIP-0822,VESSEL-003,Capesize Bulk,180000,170000,21000,162.0,Ammonia,0.46,1100.0,0.15,3814.5,10.53,133334.0,0.7843,1,0.38,9.7,1.0146,362.25,801.766,1.048,1773.7,0,1196.859,395.093,1356044.9,646.304
TRIP-0823,VESSEL-002,Panamax Bulk,75000,70000,12500,168.0,Ammonia,0.46,1100.0,0.15,2263.5,12.54,30257.8,0.4323,4,1.82,24.2,1.1113,180.5,380.54,1.04,1149.2,0,539.339,158.799,617022.9,291.243
TRIP-0824,VESSEL-005,Neo-Panamax Green,110000,102000,16500,158.0,LNG,1.15,780.0,0.78,1251.4,10.28,43849.0,0.4299,3,2.42,16.8,1.0752,121.73,70.114,1.016,1435.5,1,107.499,37.385,108349.22,299.922
TRIP-0825,VESSEL-005,Neo-Panamax Green,110000,102000,16500,158.0,Ammonia,0.46,1100.0,0.15,1766.4,12.5,73958.6,0.7251,1,0.9,5.0,1.0075,141.31,393.908,1.016,1377.2,1,481.247,87.339,553871.7,259.873
TRIP-0826,VESSEL-005,Neo-Panamax Green,110000,102000,16500,158.0,LNG,1.15,780.0,0.78,1769.3,12.74,53078.1,0.5204,3,2.2,19.2,1.0788,138.88,155.839,1.016,1464.4,0,208.899,53.06,191941.22,582.828
TRIP-0827,VESSEL-005,Neo-Panamax Green,110000,102000,16500,158.0,LNG,1.15,780.0,0.78,1803.5,15.59,87635.2,0.8592,2,1.27,8.1,1.0372,115.68,258.339,1.016,1378.3,1,297.795,39.456,256780.1,830.848
TRIP-0828,VESSEL-001,Handysize Bulk,35000,32000,7200,175.0,HFO,1.0,620.0,1.0,2337.6,9.34,22132.1,0.6916,2,1.7,12.8,1.0442,250.28,64.032,1.064,725.5,0,105.927,41.895,83424.74,379.219
TRIP-0829,VESSEL-004,Feeder Container,22000,18500,9800,180.0,Methanol,0.5,950.0,0.35,3523.3,15.35,12556.6,0.6787,5,3.35,20.3,1.1305,229.53,718.048,1.032,903.5,1,954.403,236.355,917982.85,1193.004
TRIP-0830,VESSEL-002,Panamax Bulk,75000,70000,12500,168.0,Methanol,0.5,950.0,0.35,864.2,13.8,34703.8,0.4958,5,3.18,23.1,1.1347,62.62,164.559,1.04,1129.3,1,210.946,46.387,219648.7,263.683
TRIP-0831,VESSEL-005,Neo-Panamax Green,110000,102000,16500,158.0,Methanol,0.5,950.0,0.35,626.4,14.1,65065.2,0.6379,2,1.57,15.6,1.0484,44.43,160.092,1.016,1442.5,0,190.284,30.192,209769.8,237.855
TRIP-0832,VESSEL-004,Feeder Container,22000,18500,9800,180.0,Methanol,0.5,950.0,0.35,2327.2,16.82,18265.2,0.9873,1,0.38,6.6,1.0099,138.36,609.017,1.032,891.9,0,702.02,93.003,682719.0,877.525
TRIP-0833,VESSEL-004,Feeder Container,22000,18500,9800,180.0,HFO,1.0,620.0,1.0,575.9,12.11,10545.8,0.57,3,1.86,24.2,1.0863,47.56,35.635,1.032,902.7,0,46.71,11.075,44760.2,167.222
TRIP-0834,VESSEL-002,Panamax Bulk,75000,70000,12500,168.0,Ammonia,0.46,1100.0,0.15,2402.1,10.0,46471.7,0.6639,4,2.27,25.7,1.1136,240.21,272.367,1.04,1102.7,0,424.344,151.977,490528.4,229.146
TRIP-0835,VESSEL-005,Neo-Panamax Green,110000,102000,16500,158.0,LNG,1.15,780.0,0.78,2699.0,15.8,46142.3,0.4524,3,1.2,13.7,1.0706,170.82,359.31,1.016,1468.0,0,418.557,59.247,355474.46,1167.774
TRIP-0836,VESSEL-002,Panamax Bulk,75000,70000,12500,168.0,LNG,1.15,780.0,0.78,3040.4,14.28,27361.6,0.3909,3,2.26,25.5,1.0882,212.91,262.27,1.04,1061.5,0,330.696,68.426,281692.88,922.642
TRIP-0837,VESSEL-005,Neo-Panamax Green,110000,102000,16500,158.0,Ammonia,0.46,1100.0,0.15,4152.2,11.51,90422.6,0.8865,3,1.4,17.6,1.0764,360.75,815.707,1.016,1387.0,1,1125.211,309.504,1262232.1,607.614
TRIP-0838,VESSEL-002,Panamax Bulk,75000,70000,12500,168.0,LNG,1.15,780.0,0.78,1761.3,12.87,34248.6,0.4893,4,1.66,26.9,1.1153,136.85,126.618,1.04,1115.5,1,175.907,49.289,156457.46,490.781
TRIP-0839,VESSEL-001,Handysize Bulk,35000,32000,7200,175.0,HFO,1.0,620.0,1.0,1191.1,13.42,22257.3,0.6955,3,1.89,21.5,1.0823,88.76,67.424,1.064,686.8,0,86.203,18.779,71195.86,308.607
TRIP-0840,VESSEL-004,Feeder Container,22000,18500,9800,180.0,Methanol,0.5,950.0,0.35,1470.9,15.81,10954.6,0.5921,4,3.06,23.7,1.1105,93.04,311.824,1.032,895.2,0,383.323,71.499,379956.85,479.154
TRIP-0841,VESSEL-003,Capesize Bulk,180000,170000,21000,162.0,LNG,1.15,780.0,0.78,2876.6,13.08,110181.7,0.6481,4,2.54,26.6,1.1149,219.92,360.882,1.048,1739.7,0,498.744,137.862,428520.32,1391.496
TRIP-0842,VESSEL-002,Panamax Bulk,75000,70000,12500,168.0,Methanol,0.5,950.0,0.35,3652.9,11.0,55881.4,0.7983,3,1.86,17.6,1.0764,332.08,476.354,1.04,1066.2,0,637.52,161.166,629394.0,796.9
TRIP-0843,VESSEL-001,Handysize Bulk,35000,32000,7200,175.0,LNG,1.15,780.0,0.78,2939.9,14.1,20732.3,0.6479,5,1.77,35.4,1.1531,208.5,157.906,1.064,687.7,1,209.364,51.458,176553.92,584.126
TRIP-0844,VESSEL-003,Capesize Bulk,180000,170000,21000,162.0,Ammonia,0.46,1100.0,0.15,874.7,10.68,118454.1,0.6968,5,3.02,36.2,1.1543,81.9,185.125,1.048,1766.8,0,290.689,105.564,359257.9,156.972
TRIP-0845,VESSEL-002,Panamax Bulk,75000,70000,12500,168.0,Ammonia,0.46,1100.0,0.15,3583.1,13.76,41057.4,0.5865,3,2.2,13.5,1.0703,260.4,754.57,1.04,1134.6,0,944.849,190.279,1063083.9,510.218
TRIP-0846,VESSEL-005,Neo-Panamax Green,110000,102000,16500,158.0,Methanol,0.5,950.0,0.35,2956.1,12.97,63350.6,0.6211,3,1.83,18.1,1.0772,227.92,636.551,1.016,1469.2,1,841.436,204.885,823864.2,1051.795
TRIP-0847,VESSEL-003,Capesize Bulk,180000,170000,21000,162.0,LNG,1.15,780.0,0.78,1582.7,15.04,169687.3,0.9982,3,2.59,22.0,1.083,105.23,285.485,1.048,1759.6,1,360.998,75.513,316578.44,1007.184
TRIP-0848,VESSEL-004,Feeder Container,22000,18500,9800,180.0,Hydrogen,2.98,2800.0,0.08,3942.4,16.77,9795.3,0.5295,3,2.44,15.7,1.0736,235.09,155.504,1.032,885.5,0,186.437,30.933,537823.6,54.067
TRIP-0849,VESSEL-003,Capesize Bulk,180000,170000,21000,162.0,Ammonia,0.46,1100.0,0.15,666.9,14.31,117320.1,0.6901,5,3.62,34.9,1.1523,46.6,252.963,1.048,1809.5,1,337.997,85.034,406796.7,182.518
TRIP-0850,VESSEL-001,Handysize Bulk,35000,32000,7200,175.0,HFO,1.0,620.0,1.0,653.1,13.7,27891.2,0.8716,3,0.96,13.4,1.0701,47.67,40.156,1.064,686.1,1,54.181,14.025,46842.22,193.968
TRIP-0851,VESSEL-005,Neo-Panamax Green,110000,102000,16500,158.0,LNG,1.15,780.0,0.78,3512.9,13.16,96091.3,0.9421,3,2.29,19.3,1.079,266.94,365.526,1.016,1385.8,0,461.094,95.568,388653.32,1286.452
TRIP-0852,VESSEL-001,Handysize Bulk,35000,32000,7200,175.0,HFO,1.0,620.0,1.0,3154.4,13.46,15831.1,0.4947,5,3.08,30.8,1.1462,234.35,170.941,1.064,672.1,0,237.739,66.798,165148.18,851.106
TRIP-0853,VESSEL-004,Feeder Container,22000,18500,9800,180.0,Hydrogen,2.98,2800.0,0.08,1427.2,15.51,13096.1,0.7079,3,1.67,24.3,1.0865,92.02,50.153,1.032,930.1,1,62.322,12.169,185801.6,18.073
TRIP-0854,VESSEL-002,Panamax Bulk,75000,70000,12500,168.0,Ammonia,0.46,1100.0,0.15,2479.9,15.13,35874.9,0.5125,4,2.83,20.3,1.1055,163.91,619.683,1.04,1108.7,1,800.656,180.973,899971.6,432.354
TRIP-0855,VESSEL-002,Panamax Bulk,75000,70000,12500,168.0,Ammonia,0.46,1100.0,0.15,1998.2,12.39,52589.6,0.7513,2,1.75,13.6,1.0454,161.28,355.316,1.04,1123.4,0,442.615,87.299,510626.5,239.012
TRIP-0856,VESSEL-005,Neo-Panamax Green,110000,102000,16500,158.0,Methanol,0.5,950.0,0.35,2339.5,13.81,71732.1,0.7033,2,1.2,9.9,1.0398,169.41,582.779,1.016,1382.6,1,687.834,105.055,677942.3,859.792
TRIP-0857,VESSEL-005,Neo-Panamax Green,110000,102000,16500,158.0,LNG,1.15,780.0,0.78,3863.2,14.62,62338.9,0.6112,3,2.28,17.2,1.0758,264.24,458.432,1.016,1466.0,0,571.269,112.837,474589.82,1593.841
TRIP-0858,VESSEL-001,Handysize Bulk,35000,32000,7200,175.0,HFO,1.0,620.0,1.0,3665.0,10.57,16834.9,0.5261,1,0.35,6.2,1.0093,346.74,123.453,1.064,646.0,0,177.524,54.071,127814.88,635.536
TRIP-0859,VESSEL-003,Capesize Bulk,180000,170000,21000,162.0,HFO,1.0,620.0,1.0,2009.2,10.03,106940.2,0.6291,2,1.41,15.7,1.0485,200.32,169.64,1.048,1802.1,1,261.425,91.785,197083.5,935.902
TRIP-0860,VESSEL-004,Feeder Container,22000,18500,9800,180.0,Methanol,0.5,950.0,0.35,1996.1,17.13,12634.3,0.6829,2,1.44,18.2,1.0523,116.53,507.118,1.032,871.5,0,617.182,110.064,602122.9,771.477
TRIP-0861,VESSEL-002,Panamax Bulk,75000,70000,12500,168.0,HFO,1.0,620.0,1.0,2836.1,14.28,24671.4,0.3524,3,1.47,18.3,1.0775,198.61,278.495,1.04,1074.7,1,358.67,80.175,241625.4,1284.039
TRIP-0862,VESSEL-004,Feeder Container,22000,18500,9800,180.0,HFO,1.0,620.0,1.0,2170.2,13.04,16368.4,0.8848,3,1.84,18.3,1.0775,166.43,166.995,1.032,859.6,0,220.065,53.07,152240.3,787.833
TRIP-0863,VESSEL-003,Capesize Bulk,180000,170000,21000,162.0,Ammonia,0.46,1100.0,0.15,706.0,14.54,84199.8,0.4953,4,1.57,26.6,1.1149,48.56,263.193,1.048,1763.9,0,341.849,78.656,415533.9,184.598
TRIP-0864,VESSEL-003,Capesize Bulk,180000,170000,21000,162.0,Ammonia,0.46,1100.0,0.15,3885.1,14.22,113923.7,0.6701,3,1.71,14.8,1.0722,273.21,1448.09,1.048,1760.8,0,1785.059,336.969,2003064.9,963.932
TRIP-0865,VESSEL-004,Feeder Container,22000,18500,9800,180.0,Hydrogen,2.98,2800.0,0.08,3352.0,12.74,10132.5,0.5477,2,0.89,9.9,1.0398,263.11,76.629,1.032,911.5,1,97.597,20.968,284571.6,28.303
TRIP-0866,VESSEL-003,Capesize Bulk,180000,170000,21000,162.0,LNG,1.15,780.0,0.78,665.6,13.8,149084.6,0.877,2,0.94,9.6,1.0394,48.23,98.262,1.048,1758.9,0,118.162,19.9,131666.36,329.672
TRIP-0867,VESSEL-005,Neo-Panamax Green,110000,102000,16500,158.0,Ammonia,0.46,1100.0,0.15,3162.0,14.65,60967.0,0.5977,2,0.95,14.0,1.046,215.84,938.784,1.016,1372.4,1,1119.01,180.226,1255411.0,604.265
TRIP-0868,VESSEL-001,Handysize Bulk,35000,32000,7200,175.0,LNG,1.15,780.0,0.78,2754.4,13.63,24588.5,0.7684,3,2.03,23.1,1.0847,202.08,142.296,1.064,722.9,1,185.337,43.041,157812.86,517.09
TRIP-0869,VESSEL-001,Handysize Bulk,35000,32000,7200,175.0,HFO,1.0,620.0,1.0,2830.7,11.45,25104.6,0.7845,1,0.62,4.7,1.0071,247.22,119.133,1.064,628.6,0,155.294,36.161,114032.28,555.953
TRIP-0870,VESSEL-005,Neo-Panamax Green,110000,102000,16500,158.0,Methanol,0.5,950.0,0.35,3207.6,10.97,52435.0,0.5141,2,1.02,10.9,1.0413,292.4,481.014,1.016,1405.0,1,682.747,201.733,673109.65,853.434
TRIP-0871,VESSEL-001,Handysize Bulk,35000,32000,7200,175.0,LNG,1.15,780.0,0.78,3478.6,12.05,13278.6,0.415,3,2.07,22.2,1.0833,288.68,128.731,1.064,647.0,0,181.266,52.535,159137.48,505.732
TRIP-0872,VESSEL-003,Capesize Bulk,180000,170000,21000,162.0,LNG,1.15,780.0,0.78,1269.7,15.65,142935.0,0.8408,2,1.57,15.7,1.0485,81.13,239.016,1.048,1806.6,0,293.935,54.919,268769.3,820.079
TRIP-0873,VESSEL-005,Neo-Panamax Green,110000,102000,16500,158.0,Hydrogen,2.98,2800.0,0.08,2840.9,12.71,49706.7,0.4873,6,2.92,34.6,1.1769,223.52,95.302,1.016,1437.4,1,139.046,43.744,413828.8,40.323
TRIP-0874,VESSEL-002,Panamax Bulk,75000,70000,12500,168.0,Ammonia,0.46,1100.0,0.15,3696.4,15.49,58734.3,0.8391,4,3.26,17.9,1.1018,238.63,1049.067,1.04,1084.8,1,1316.662,267.595,1467578.2,710.997
TRIP-0875,VESSEL-001,Handysize Bulk,35000,32000,7200,175.0,LNG,1.15,780.0,0.78,3591.3,9.43,27592.9,0.8623,2,1.63,15.6,1.0484,380.84,90.78,1.064,678.0,0,143.979,53.199,130053.62,401.701
TRIP-0876,VESSEL-004,Feeder Container,22000,18500,9800,180.0,Hydrogen,2.98,2800.0,0.08,1407.6,16.62,16203.6,0.8759,3,1.7,20.9,1.0814,84.69,58.927,1.032,920.3,0,72.998,14.071,220194.4,21.169
TRIP-0877,VESSEL-004,Feeder Container,22000,18500,9800,180.0,Hydrogen,2.98,2800.0,0.08,2015.0,12.73,14836.2,0.802,5,2.39,20.2,1.1303,158.29,48.703,1.032,864.1,1,62.678,13.975,186798.4,18.177
TRIP-0878,VESSEL-004,Feeder Container,22000,18500,9800,180.0,Hydrogen,2.98,2800.0,0.08,2209.9,17.39,9673.3,0.5229,3,2.61,26.0,1.089,127.08,93.587,1.032,857.5,1,115.622,22.035,335041.6,33.53
TRIP-0879,VESSEL-001,Handysize Bulk,35000,32000,7200,175.0,LNG,1.15,780.0,0.78,2306.8,9.05,20779.8,0.6494,1,0.71,6.4,1.0096,254.9,51.063,1.064,682.0,0,82.506,31.443,82104.68,230.192
TRIP-0880,VESSEL-001,Handysize Bulk,35000,32000,7200,175.0,HFO,1.0,620.0,1.0,821.4,9.3,23609.9,0.7378,4,1.33,17.0,1.1005,88.32,22.555,1.064,656.5,1,37.229,14.674,36331.98,133.28
TRIP-0881,VESSEL-005,Neo-Panamax Green,110000,102000,16500,158.0,Ammonia,0.46,1100.0,0.15,3586.3,15.39,45084.9,0.442,1,0.43,8.9,1.0133,233.03,1129.435,1.016,1407.5,0,1279.709,150.274,1436679.9,691.043
TRIP-0882,VESSEL-004,Feeder Container,22000,18500,9800,180.0,Hydrogen,2.98,2800.0,0.08,4198.1,13.48,14431.4,0.7801,2,1.29,15.7,1.0485,311.43,113.231,1.032,850.5,0,140.176,26.945,408292.8,40.651
TRIP-0883,VESSEL-002,Panamax Bulk,75000,70000,12500,168.0,Methanol,0.5,950.0,0.35,2260.9,10.93,41785.5,0.5969,1,0.88,9.7,1.0146,206.85,277.103,1.04,1082.3,1,374.572,97.469,375093.4,468.215
TRIP-0884,VESSEL-003,Capesize Bulk,180000,170000,21000,162.0,HFO,1.0,620.0,1.0,3723.7,11.54,101511.5,0.5971,4,2.02,27.6,1.1164,322.68,412.851,1.048,1732.0,1,563.882,151.031,384606.84,2018.698
TRIP-0885,VESSEL-004,Feeder Container,22000,18500,9800,180.0,Methanol,0.5,950.0,0.35,3925.4,16.69,17954.5,0.9705,5,3.04,27.2,1.1408,235.19,1007.839,1.032,880.5,0,1289.63,281.791,1240948.5,1612.038
TRIP-0886,VESSEL-003,Capesize Bulk,180000,170000,21000,162.0,HFO,1.0,620.0,1.0,1535.8,15.87,156767.8,0.9222,2,0.73,11.2,1.0418,96.77,348.512,1.048,1791.4,1,417.922,69.41,294111.64,1496.161
TRIP-0887,VESSEL-003,Capesize Bulk,180000,170000,21000,162.0,LNG,1.15,780.0,0.78,1189.4,13.74,60122.3,0.3537,1,0.52,8.0,1.012,86.56,152.53,1.048,1734.3,1,182.268,29.738,177169.04,508.528
TRIP-0888,VESSEL-005,Neo-Panamax Green,110000,102000,16500,158.0,LNG,1.15,780.0,0.78,4037.3,13.47,64056.0,0.628,2,1.22,16.1,1.0491,299.73,408.394,1.016,1425.7,1,501.43,93.036,415615.4,1398.99
TRIP-0889,VESSEL-005,Neo-Panamax Green,110000,102000,16500,158.0,Methanol,0.5,950.0,0.35,2753.3,13.25,41569.0,0.4075,2,0.79,14.0,1.046,207.8,586.024,1.016,1423.2,1,742.139,156.115,729532.05,927.674
TRIP-0890,VESSEL-003,Capesize Bulk,180000,170000,21000,162.0,LNG,1.15,780.0,0.78,1304.6,13.85,90007.5,0.5295,2,1.19,18.6,1.0529,94.19,178.055,1.048,1813.2,0,222.814,44.759,213294.92,621.651
TRIP-0891,VESSEL-002,Panamax Bulk,75000,70000,12500,168.0,Ammonia,0.46,1100.0,0.15,1137.8,12.29,69041.3,0.9863,3,2.21,25.5,1.0882,92.58,210.354,1.04,1065.6,0,274.863,64.509,326099.3,148.426
TRIP-0892,VESSEL-003,Capesize Bulk,180000,170000,21000,162.0,HFO,1.0,620.0,1.0,763.9,14.02,126079.1,0.7416,1,0.43,6.3,1.0094,54.49,129.589,1.048,1808.7,0,153.519,23.93,134681.78,549.598
TRIP-0893,VESSEL-004,Feeder Container,22000,18500,9800,180.0,Hydrogen,2.98,2800.0,0.08,2168.4,13.76,11482.1,0.6207,4,1.44,28.0,1.117,157.59,58.805,1.032,867.8,0,77.572,18.767,233001.6,22.496
TRIP-0894,VESSEL-001,Handysize Bulk,35000,32000,7200,175.0,LNG,1.15,780.0,0.78,3409.3,10.51,21748.6,0.6796,5,4.02,31.6,1.1474,324.39,102.53,1.064,650.9,1,160.204,57.674,138209.12,446.969
TRIP-0895,VESSEL-003,Capesize Bulk,180000,170000,21000,162.0,LNG,1.15,780.0,0.78,2335.9,13.72,157955.0,0.9291,4,2.17,17.7,1.1016,170.26,345.09,1.048,1736.2,0,446.93,101.84,388105.4,1246.935
TRIP-0896,VESSEL-002,Panamax Bulk,75000,70000,12500,168.0,Methanol,0.5,950.0,0.35,1318.2,13.96,26813.9,0.3831,2,1.26,9.6,1.0394,94.43,249.438,1.04,1063.4,1,304.745,55.307,308757.75,380.931
TRIP-0897,VESSEL-004,Feeder Container,22000,18500,9800,180.0,Hydrogen,2.98,2800.0,0.08,3426.7,13.85,10751.4,0.5812,3,1.13,22.3,1.0835,247.42,93.301,1.032,873.7,1,116.291,22.99,336914.8,33.724
TRIP-0898,VESSEL-002,Panamax Bulk,75000,70000,12500,168.0,Ammonia,0.46,1100.0,0.15,2424.0,10.62,65880.5,0.9412,4,1.75,24.3,1.1115,228.25,331.177,1.04,1085.8,1,470.807,139.63,537137.7,254.236
TRIP-0899,VESSEL-004,Feeder Container,22000,18500,9800,180.0,Hydrogen,2.98,2800.0,0.08,3679.0,12.71,8309.7,0.4492,3,1.63,18.3,1.0775,289.46,81.797,1.032,931.2,0,109.844,28.047,323363.2,31.855
TRIP-0900,VESSEL-002,Panamax Bulk,75000,70000,12500,168.0,HFO,1.0,620.0,1.0,1531.4,15.03,43749.9,0.625,3,2.55,17.4,1.0761,101.89,178.709,1.04,1106.3,1,226.331,47.622,159575.22,810.265
TRIP-0901,VESSEL-001,Handysize Bulk,35000,32000,7200,175.0,Methanol,0.5,950.0,0.35,3620.9,14.47,31096.7,0.9718,4,1.91,31.5,1.1222,250.23,508.206,1.064,653.6,1,691.819,183.613,670478.05,864.774
TRIP-0902,VESSEL-001,Handysize Bulk,35000,32000,7200,175.0,LNG,1.15,780.0,0.78,1100.3,9.51,21763.3,0.6801,3,2.4,25.8,1.0887,115.7,27.096,1.064,657.8,1,44.768,17.672,48169.04,124.903
TRIP-0903,VESSEL-001,Handysize Bulk,35000,32000,7200,175.0,LNG,1.15,780.0,0.78,3910.6,11.63,25741.4,0.8044,3,2.52,24.8,1.0872,336.25,148.342,1.064,719.1,1,209.077,60.735,176330.06,583.325
TRIP-0904,VESSEL-003,Capesize Bulk,180000,170000,21000,162.0,HFO,1.0,620.0,1.0,708.2,13.6,72545.0,0.4267,3,1.94,17.5,1.0763,52.07,104.342,1.048,1787.8,1,130.657,26.315,116007.34,467.752
TRIP-0905,VESSEL-003,Capesize Bulk,180000,170000,21000,162.0,HFO,1.0,620.0,1.0,2072.5,13.9,106379.2,0.6258,2,1.22,14.5,1.0467,149.1,335.786,1.048,1777.6,0,432.534,96.748,307671.08,1548.472
TRIP-0906,VESSEL-004,Feeder Container,22000,18500,9800,180.0,HFO,1.0,620.0,1.0,2026.9,17.74,12034.8,0.6505,2,0.61,11.0,1.0415,114.26,274.125,1.032,844.9,1,306.131,32.006,201101.22,1095.949
TRIP-0907,VESSEL-002,Panamax Bulk,75000,70000,12500,168.0,LNG,1.15,780.0,0.78,1354.5,12.06,49616.8,0.7088,4,2.48,29.8,1.1197,112.31,90.337,1.04,1128.1,1,128.894,38.557,119787.32,359.614
TRIP-0908,VESSEL-005,Neo-Panamax Green,110000,102000,16500,158.0,Methanol,0.5,950.0,0.35,2168.3,11.21,35874.5,0.3517,3,1.9,14.6,1.0719,193.43,325.517,1.016,1456.0,0,453.61,128.093,459929.5,567.013
TRIP-0909,VESSEL-002,Panamax Bulk,75000,70000,12500,168.0,HFO,1.0,620.0,1.0,3215.4,12.37,25293.1,0.3613,1,0.68,10.3,1.0154,259.94,237.489,1.04,1063.3,0,316.285,78.796,219846.7,1132.3
TRIP-0910,VESSEL-005,Neo-Panamax Green,110000,102000,16500,158.0,Methanol,0.5,950.0,0.35,2628.5,12.36,72476.6,0.7106,2,1.15,11.0,1.0415,212.66,525.405,1.016,1454.2,0,678.29,152.885,673375.5,847.862
TRIP-0911,VESSEL-005,Neo-Panamax Green,110000,102000,16500,158.0,Methanol,0.5,950.0,0.35,2387.2,13.0,83872.6,0.8223,3,1.61,22.8,1.0842,183.63,542.165,1.016,1412.5,1,719.072,176.907,707618.4,898.84
TRIP-0912,VESSEL-002,Panamax Bulk,75000,70000,12500,168.0,Ammonia,0.46,1100.0,0.15,633.3,14.25,38459.1,0.5494,5,2.54,22.1,1.1332,44.44,141.694,1.04,1099.2,1,174.309,32.615,210989.9,94.127
TRIP-0913,VESSEL-004,Feeder Container,22000,18500,9800,180.0,Methanol,0.5,950.0,0.35,4169.2,12.89,9393.6,0.5078,2,1.29,18.2,1.0523,323.44,576.11,1.032,848.7,1,728.164,152.054,703055.8,910.205
TRIP-0914,VESSEL-005,Neo-Panamax Green,110000,102000,16500,158.0,Hydrogen,2.98,2800.0,0.08,3543.8,11.87,67314.3,0.6599,2,0.82,15.5,1.0482,298.55,108.272,1.016,1423.3,1,144.31,36.038,428568.0,41.85
TRIP-0915,VESSEL-004,Feeder Container,22000,18500,9800,180.0,HFO,1.0,620.0,1.0,3852.2,13.87,7756.4,0.4193,1,0.56,4.4,1.0066,277.74,301.788,1.032,843.6,0,370.351,68.563,245417.62,1325.857
TRIP-0916,VESSEL-001,Handysize Bulk,35000,32000,7200,175.0,HFO,1.0,620.0,1.0,2662.9,9.43,27070.4,0.846,1,0.59,9.7,1.0146,282.39,77.117,1.064,712.9,1,126.614,49.497,91750.68,453.278
TRIP-0917,VESSEL-005,Neo-Panamax Green,110000,102000,16500,158.0,Ammonia,0.46,1100.0,0.15,3371.8,10.95,51408.2,0.504,6,3.48,31.0,1.1715,307.93,546.201,1.016,1412.9,1,812.196,265.995,917915.6,438.586
TRIP-0918,VESSEL-002,Panamax Bulk,75000,70000,12500,168.0,Methanol,0.5,950.0,0.35,618.6,11.06,54592.9,0.7799,1,0.48,11.0,1.0165,55.93,81.191,1.04,1126.5,0,108.033,26.842,126381.35,135.041
TRIP-0919,VESSEL-002,Panamax Bulk,75000,70000,12500,168.0,Ammonia,0.46,1100.0,0.15,3169.7,11.15,54013.4,0.7716,5,2.93,39.9,1.1599,284.28,458.689,1.04,1148.0,0,694.959,236.27,788204.9,375.278
TRIP-0920,VESSEL-001,Handysize Bulk,35000,32000,7200,175.0,LNG,1.15,780.0,0.78,1101.5,11.25,29824.6,0.932,7,2.6,28.4,1.1926,97.91,40.266,1.064,715.0,0,64.51,24.244,68067.8,179.983
TRIP-0921,VESSEL-003,Capesize Bulk,180000,170000,21000,162.0,Ammonia,0.46,1100.0,0.15,3127.9,15.95,91991.4,0.5411,2,1.09,17.3,1.0509,196.11,1419.798,1.048,1766.8,1,1715.255,295.457,1921780.5,926.238
TRIP-0922,VESSEL-002,Panamax Bulk,75000,70000,12500,168.0,HFO,1.0,620.0,1.0,4013.5,13.92,62651.8,0.895,5,2.95,26.7,1.1401,288.33,428.741,1.04,1065.4,0,605.275,176.534,399020.5,2166.885
TRIP-0923,VESSEL-001,Handysize Bulk,35000,32000,7200,175.0,HFO,1.0,620.0,1.0,4119.8,12.08,25042.6,0.7826,4,2.74,21.7,1.1076,341.04,192.903,1.064,629.5,0,275.695,82.792,188680.9,986.988
TRIP-0924,VESSEL-001,Handysize Bulk,35000,32000,7200,175.0,Methanol,0.5,950.0,0.35,1468.0,12.19,14774.6,0.4617,3,1.65,22.9,1.0844,120.43,129.415,1.064,699.4,1,178.685,49.27,183000.75,223.356
TRIP-0925,VESSEL-002,Panamax Bulk,75000,70000,12500,168.0,LNG,1.15,780.0,0.78,703.1,11.69,67094.7,0.9585,4,3.34,29.7,1.1196,60.15,46.747,1.04,1068.4,0,67.038,20.291,76039.64,187.036
TRIP-0926,VESSEL-002,Panamax Bulk,75000,70000,12500,168.0,Methanol,0.5,950.0,0.35,870.9,13.81,57697.1,0.8242,4,2.83,30.1,1.1201,63.06,180.104,1.04,1054.2,0,229.929,49.825,242182.55,287.411
TRIP-0927,VESSEL-003,Capesize Bulk,180000,170000,21000,162.0,HFO,1.0,620.0,1.0,4064.9,15.58,97460.2,0.5733,5,3.39,31.6,1.1474,260.91,816.523,1.048,1767.0,0,1066.87,250.347,700959.4,3819.395
TRIP-0928,VESSEL-004,Feeder Container,22000,18500,9800,180.0,HFO,1.0,620.0,1.0,1627.2,13.57,17389.9,0.94,3,0.94,19.3,1.079,119.91,137.202,1.032,897.7,0,180.83,43.628,127914.6,647.371
TRIP-0929,VESSEL-004,Feeder Container,22000,18500,9800,180.0,Methanol,0.5,950.0,0.35,3805.8,18.0,16518.6,0.8929,4,1.45,19.9,1.1048,211.43,1117.922,1.032,834.3,1,1321.603,203.681,1266822.85,1652.004
TRIP-0930,VESSEL-005,Neo-Panamax Green,110000,102000,16500,158.0,Hydrogen,2.98,2800.0,0.08,3972.8,16.12,85373.1,0.837,1,0.31,9.3,1.0139,246.45,233.582,1.016,1398.9,0,261.041,27.459,759914.8,75.702
TRIP-0931,VESSEL-005,Neo-Panamax Green,110000,102000,16500,158.0,Hydrogen,2.98,2800.0,0.08,2128.5,11.89,69608.2,0.6824,3,2.11,17.4,1.0761,179.02,65.612,1.016,1395.1,1,87.067,21.455,268287.6,25.249
TRIP-0932,VESSEL-005,Neo-Panamax Green,110000,102000,16500,158.0,Ammonia,0.46,1100.0,0.15,2675.9,14.67,51216.1,0.5021,3,1.77,19.7,1.0796,182.41,777.658,1.016,1419.2,1,938.201,160.543,1056521.1,506.629
TRIP-0933,VESSEL-005,Neo-Panamax Green,110000,102000,16500,158.0,Methanol,0.5,950.0,0.35,1002.8,10.77,85400.2,0.8373,1,0.89,11.7,1.0175,93.11,156.868,1.016,1376.0,1,205.142,48.274,219384.9,256.428
TRIP-0934,VESSEL-005,Neo-Panamax Green,110000,102000,16500,158.0,Methanol,0.5,950.0,0.35,1809.5,16.65,77751.0,0.7623,3,1.46,24.7,1.0871,108.68,664.591,1.016,1457.0,1,791.01,126.419,775959.5,988.763
TRIP-0935,VESSEL-001,Handysize Bulk,35000,32000,7200,175.0,Methanol,0.5,950.0,0.35,3529.3,10.79,20999.1,0.6562,2,1.63,17.9,1.0518,327.09,255.844,1.064,720.7,0,365.592,109.748,365062.4,456.99
TRIP-0936,VESSEL-004,Feeder Container,22000,18500,9800,180.0,Methanol,0.5,950.0,0.35,2263.5,12.23,13777.4,0.7447,5,1.6,32.9,1.1494,185.08,297.186,1.032,910.3,1,413.13,115.944,403773.5,516.413
TRIP-0937,VESSEL-003,Capesize Bulk,180000,170000,21000,162.0,LNG,1.15,780.0,0.78,1730.8,14.37,162023.0,0.9531,3,0.93,12.1,1.0682,120.45,282.068,1.048,1754.0,0,349.163,67.095,311847.14,974.165
TRIP-0938,VESSEL-004,Feeder Container,22000,18500,9800,180.0,Hydrogen,2.98,2800.0,0.08,3875.2,16.15,8304.6,0.4489,5,3.46,33.4,1.1501,239.95,139.098,1.032,834.5,1,176.162,37.064,504553.6,51.087
TRIP-0939,VESSEL-002,Panamax Bulk,75000,70000,12500,168.0,HFO,1.0,620.0,1.0,1270.0,15.12,68151.8,0.9736,2,1.52,17.5,1.0513,83.99,162.988,1.04,1101.9,1,200.704,37.716,143686.48,718.52
TRIP-0940,VESSEL-005,Neo-Panamax Green,110000,102000,16500,158.0,Ammonia,0.46,1100.0,0.15,3803.1,10.18,78314.1,0.7678,5,3.6,29.3,1.144,373.59,568.312,1.016,1421.2,0,852.838,284.526,967121.8,460.533
TRIP-0941,VESSEL-002,Panamax Bulk,75000,70000,12500,168.0,HFO,1.0,620.0,1.0,3884.6,10.63,61864.6,0.8838,3,2.21,13.7,1.0706,365.44,241.359,1.04,1110.9,0,344.189,102.83,237147.18,1232.197
TRIP-0942,VESSEL-004,Feeder Container,22000,18500,9800,180.0,HFO,1.0,620.0,1.0,3528.1,16.2,17295.8,0.9349,7,2.91,30.3,1.1954,217.78,423.506,1.032,867.7,0,584.823,161.317,378390.26,2093.666
TRIP-0943,VESSEL-004,Feeder Container,22000,18500,9800,180.0,Methanol,0.5,950.0,0.35,4120.4,14.1,7158.5,0.3869,3,1.9,21.2,1.0818,292.23,662.033,1.032,883.7,1,841.738,179.705,810951.1,1052.173
TRIP-0944,VESSEL-002,Panamax Bulk,75000,70000,12500,168.0,Ammonia,0.46,1100.0,0.15,1318.7,14.04,34828.6,0.4976,2,1.05,17.3,1.0509,93.92,282.645,1.04,1132.8,0,350.661,68.016,409477.1,189.357
TRIP-0945,VESSEL-002,Panamax Bulk,75000,70000,12500,168.0,Methanol,0.5,950.0,0.35,1122.1,13.82,35474.9,0.5068,6,4.02,46.6,1.1949,81.19,214.895,1.04,1083.8,0,293.923,79.028,302976.85,367.404
TRIP-0946,VESSEL-001,Handysize Bulk,35000,32000,7200,175.0,Methanol,0.5,950.0,0.35,1472.7,10.76,14686.5,0.459,1,0.72,7.9,1.0118,136.87,101.083,1.064,635.4,0,145.326,44.243,155809.7,181.657
TRIP-0947,VESSEL-002,Panamax Bulk,75000,70000,12500,168.0,Ammonia,0.46,1100.0,0.15,3290.8,13.18,28786.6,0.4112,1,0.45,11.1,1.0167,249.68,607.81,1.04,1121.9,1,784.405,176.595,882095.5,423.579
TRIP-0948,VESSEL-004,Feeder Container,22000,18500,9800,180.0,Hydrogen,2.98,2800.0,0.08,2128.5,12.41,7768.4,0.4199,2,1.18,14.9,1.0474,171.51,44.801,1.032,916.7,1,58.677,13.876,175595.6,17.016
TRIP-0949,VESSEL-002,Panamax Bulk,75000,70000,12500,168.0,HFO,1.0,620.0,1.0,1971.1,12.32,66570.3,0.951,3,2.3,23.0,1.0845,159.99,167.088,1.04,1101.9,1,221.091,54.003,156326.42,791.506
TRIP-0950,VESSEL-005,Neo-Panamax Green,110000,102000,16500,158.0,Methanol,0.5,950.0,0.35,2493.5,13.46,68182.5,0.6685,2,1.04,12.8,1.0442,185.25,585.048,1.016,1383.1,1,739.18,154.132,726721.0,923.975
TRIP-0951,VESSEL-005,Neo-Panamax Green,110000,102000,16500,158.0,Ammonia,0.46,1100.0,0.15,2419.6,15.8,62986.7,0.6175,1,0.7,7.2,1.0108,153.14,839.689,1.016,1414.5,0,951.575,111.886,1075732.5,513.851
TRIP-0952,VESSEL-001,Handysize Bulk,35000,32000,7200,175.0,HFO,1.0,620.0,1.0,3683.4,11.62,20027.4,0.6259,3,2.14,18.6,1.0779,316.99,153.697,1.064,670.0,0,223.476,69.779,156305.12,800.044
TRIP-0953,VESSEL-002,Panamax Bulk,75000,70000,12500,168.0,Ammonia,0.46,1100.0,0.15,1732.4,11.0,65043.0,0.9292,2,0.72,8.1,1.0372,157.49,253.225,1.04,1092.3,0,363.392,110.167,423481.2,196.232
TRIP-0954,VESSEL-005,Neo-Panamax Green,110000,102000,16500,158.0,Ammonia,0.46,1100.0,0.15,2968.6,15.21,101059.0,0.9908,2,1.46,14.6,1.0469,195.17,1043.05,1.016,1391.2,1,1231.362,188.312,1378998.2,664.935
TRIP-0955,VESSEL-005,Neo-Panamax Green,110000,102000,16500,158.0,Hydrogen,2.98,2800.0,0.08,1118.6,11.44,87981.0,0.8626,1,0.68,11.8,1.0177,97.78,33.323,1.016,1403.1,1,43.632,10.309,146669.6,12.653
TRIP-0956,VESSEL-005,Neo-Panamax Green,110000,102000,16500,158.0,Methanol,0.5,950.0,0.35,3109.9,13.52,46726.5,0.4581,2,0.94,10.6,1.0409,230.02,698.273,1.016,1457.5,1,847.666,149.393,829782.7,1059.582
TRIP-0957,VESSEL-005,Neo-Panamax Green,110000,102000,16500,158.0,LNG,1.15,780.0,0.78,2746.7,13.31,80261.2,0.7869,3,1.58,17.4,1.0761,206.36,281.933,1.016,1428.9,1,352.226,70.293,299236.28,982.711
TRIP-0958,VESSEL-004,Feeder Container,22000,18500,9800,180.0,Hydrogen,2.98,2800.0,0.08,562.6,13.43,11514.4,0.6224,3,1.39,19.1,1.0787,41.89,14.539,1.032,867.6,1,19.517,4.978,65947.6,5.66
TRIP-0959,VESSEL-001,Handysize Bulk,35000,32000,7200,175.0,Methanol,0.5,950.0,0.35,867.1,9.71,26801.3,0.8375,4,3.44,21.5,1.1073,89.3,53.144,1.064,718.6,1,85.093,31.949,94088.35,106.366
TRIP-0960,VESSEL-003,Capesize Bulk,180000,170000,21000,162.0,Ammonia,0.46,1100.0,0.15,3016.4,10.5,134808.6,0.793,4,3.46,30.0,1.12,287.28,631.738,1.048,1734.2,1,970.101,338.363,1102111.1,523.855
TRIP-0961,VESSEL-001,Handysize Bulk,35000,32000,7200,175.0,LNG,1.15,780.0,0.78,1921.5,10.71,20587.8,0.6434,3,2.66,13.2,1.0698,179.41,59.48,1.064,718.2,1,94.756,35.276,87159.68,264.369
TRIP-0962,VESSEL-001,Handysize Bulk,35000,32000,7200,175.0,LNG,1.15,780.0,0.78,1886.5,11.37,19718.0,0.6162,5,3.99,22.2,1.1333,165.92,65.381,1.064,636.8,0,95.858,30.477,92519.24,267.444
TRIP-0963,VESSEL-004,Feeder Container,22000,18500,9800,180.0,Methanol,0.5,950.0,0.35,2933.0,15.67,7188.5,0.3886,5,3.23,27.1,1.1407,187.17,582.251,1.032,916.1,0,756.613,174.362,734582.35,945.766
TRIP-0964,VESSEL-003,Capesize Bulk,180000,170000,21000,162.0,Ammonia,0.46,1100.0,0.15,1456.8,10.77,169769.6,0.9986,4,3.38,20.0,1.105,135.26,336.903,1.048,1820.8,0,512.814,175.911,603595.4,276.92
TRIP-0965,VESSEL-004,Feeder Container,22000,18500,9800,180.0,Methanol,0.5,950.0,0.35,698.1,12.97,17940.1,0.9697,4,2.48,24.1,1.1111,53.82,108.217,1.032,856.3,1,138.841,30.624,143198.95,173.551
TRIP-0966,VESSEL-001,Handysize Bulk,35000,32000,7200,175.0,LNG,1.15,780.0,0.78,1239.0,14.26,11795.5,0.3686,2,1.1,10.6,1.0409,86.89,63.447,1.064,675.1,1,81.428,17.981,76763.84,227.184
TRIP-0967,VESSEL-004,Feeder Container,22000,18500,9800,180.0,Methanol,0.5,950.0,0.35,640.4,13.48,10486.7,0.5668,2,1.7,19.0,1.0535,47.51,98.123,1.032,912.1,1,121.342,23.219,126574.9,151.678
TRIP-0968,VESSEL-001,Handysize Bulk,35000,32000,7200,175.0,LNG,1.15,780.0,0.78,4107.8,11.51,28454.1,0.8892,5,2.18,20.2,1.1303,356.89,155.656,1.064,675.2,1,219.035,63.379,184097.3,611.108
TRIP-0969,VESSEL-001,Handysize Bulk,35000,32000,7200,175.0,Methanol,0.5,950.0,0.35,2240.3,10.57,27115.2,0.8474,2,1.35,15.2,1.0478,211.95,163.078,1.064,702.9,1,242.802,79.724,243911.9,303.502
TRIP-0970,VESSEL-003,Capesize Bulk,180000,170000,21000,162.0,Ammonia,0.46,1100.0,0.15,1722.4,14.66,101830.4,0.599,3,1.52,16.7,1.0751,117.49,670.278,1.048,1810.8,0,830.898,160.62,953487.8,448.685
TRIP-0971,VESSEL-001,Handysize Bulk,35000,32000,7200,175.0,LNG,1.15,780.0,0.78,4190.8,11.77,20867.5,0.6521,3,1.22,19.2,1.0788,356.06,157.012,1.064,707.4,1,226.737,69.725,190104.86,632.596
TRIP-0972,VESSEL-001,Handysize Bulk,35000,32000,7200,175.0,Methanol,0.5,950.0,0.35,982.7,13.91,15238.4,0.4762,6,4.93,44.5,1.1918,70.65,113.222,1.064,714.6,1,165.93,52.708,170883.5,207.413
TRIP-0973,VESSEL-002,Panamax Bulk,75000,70000,12500,168.0,HFO,1.0,620.0,1.0,3258.4,12.77,26829.9,0.3833,3,2.07,19.0,1.0785,255.16,257.975,1.04,1099.2,0,339.399,81.424,234177.38,1215.048
TRIP-0974,VESSEL-003,Capesize Bulk,180000,170000,21000,162.0,HFO,1.0,620.0,1.0,1496.3,15.84,76419.0,0.4495,3,2.0,14.2,1.0713,94.46,300.869,1.048,1809.4,1,363.685,62.816,260484.7,1301.992
TRIP-0975,VESSEL-005,Neo-Panamax Green,110000,102000,16500,158.0,LNG,1.15,780.0,0.78,3555.0,12.02,97888.6,0.9597,4,1.4,23.1,1.1097,295.76,309.844,1.016,1425.9,1,418.508,108.664,350936.24,1167.637
TRIP-0976,VESSEL-005,Neo-Panamax Green,110000,102000,16500,158.0,LNG,1.15,780.0,0.78,3262.9,12.05,58647.2,0.575,4,2.1,21.0,1.1065,270.78,260.67,1.016,1458.9,1,348.038,87.368,295969.64,971.026
TRIP-0977,VESSEL-003,Capesize Bulk,180000,170000,21000,162.0,HFO,1.0,620.0,1.0,1562.5,15.45,99632.4,0.5861,3,1.72,16.8,1.0752,101.13,309.636,1.048,1799.4,1,390.012,80.376,276807.44,1396.243
TRIP-0978,VESSEL-003,Capesize Bulk,180000,170000,21000,162.0,Ammonia,0.46,1100.0,0.15,2261.1,12.37,134317.6,0.7901,7,5.16,52.8,1.2292,182.79,656.784,1.048,1813.5,1,997.212,340.428,1131933.2,538.494
TRIP-0979,VESSEL-002,Panamax Bulk,75000,70000,12500,168.0,LNG,1.15,780.0,0.78,2651.7,11.12,31090.8,0.4442,2,1.11,13.1,1.0446,238.46,140.66,1.04,1052.0,1,195.431,54.771,171686.18,545.252
TRIP-0980,VESSEL-001,Handysize Bulk,35000,32000,7200,175.0,Methanol,0.5,950.0,0.35,2805.6,9.29,20269.7,0.6334,4,2.84,19.5,1.1042,302.0,149.93,1.064,672.2,1,252.997,103.067,253597.15,316.246
TRIP-0981,VESSEL-004,Feeder Container,22000,18500,9800,180.0,Hydrogen,2.98,2800.0,0.08,1430.6,14.41,10749.1,0.581,4,3.05,20.2,1.1053,99.28,42.164,1.032,838.9,0,53.775,11.611,166370.0,15.595
TRIP-0982,VESSEL-002,Panamax Bulk,75000,70000,12500,168.0,Methanol,0.5,950.0,0.35,1009.6,9.55,35213.9,0.5031,3,1.2,19.4,1.0791,105.72,92.247,1.04,1109.0,0,151.441,59.194,167618.95,189.301
TRIP-0983,VESSEL-003,Capesize Bulk,180000,170000,21000,162.0,LNG,1.15,780.0,0.78,3234.8,10.22,62411.4,0.3671,2,1.56,12.7,1.044,316.52,230.359,1.048,1775.3,0,363.327,132.968,322895.06,1013.682
TRIP-0984,VESSEL-001,Handysize Bulk,35000,32000,7200,175.0,LNG,1.15,780.0,0.78,3387.0,9.92,25728.4,0.804,2,0.99,14.1,1.0461,341.43,93.467,1.064,712.1,0,145.672,52.205,131374.16,406.425
TRIP-0985,VESSEL-004,Feeder Container,22000,18500,9800,180.0,Hydrogen,2.98,2800.0,0.08,2099.4,15.75,16979.6,0.9178,3,2.28,20.2,1.0803,133.3,79.647,1.032,841.1,1,98.131,18.484,286066.8,28.458
TRIP-0986,VESSEL-004,Feeder Container,22000,18500,9800,180.0,HFO,1.0,620.0,1.0,1723.3,15.18,11619.8,0.6281,1,0.64,7.8,1.0117,113.52,169.774,1.032,844.5,1,199.859,30.085,135212.58,715.495
TRIP-0987,VESSEL-004,Feeder Container,22000,18500,9800,180.0,HFO,1.0,620.0,1.0,2015.0,16.37,17362.1,0.9385,6,4.92,30.8,1.1712,123.09,247.17,1.032,849.9,1,303.111,55.941,199228.82,1085.137
TRIP-0988,VESSEL-003,Capesize Bulk,180000,170000,21000,162.0,Ammonia,0.46,1100.0,0.15,887.8,14.5,115842.8,0.6814,5,2.43,39.4,1.1591,61.23,345.053,1.048,1741.8,1,448.988,103.935,528886.8,242.454
TRIP-0989,VESSEL-002,Panamax Bulk,75000,70000,12500,168.0,Methanol,0.5,950.0,0.35,3108.9,10.89,26619.4,0.3803,5,2.8,38.6,1.1579,285.48,357.714,1.04,1109.0,0,568.532,210.818,563855.4,710.665
TRIP-0990,VESSEL-004,Feeder Container,22000,18500,9800,180.0,HFO,1.0,620.0,1.0,2915.4,12.9,11877.4,0.642,5,2.36,23.7,1.1356,226.0,208.082,1.032,871.9,1,285.012,76.93,188007.44,1020.343
TRIP-0991,VESSEL-002,Panamax Bulk,75000,70000,12500,168.0,HFO,1.0,620.0,1.0,1095.9,13.57,46210.8,0.6602,2,0.87,17.7,1.0515,80.76,105.162,1.04,1098.2,1,138.993,33.831,105425.66,497.595
TRIP-0992,VESSEL-001,Handysize Bulk,35000,32000,7200,175.0,LNG,1.15,780.0,0.78,1180.3,9.1,18162.2,0.5676,4,1.34,25.6,1.1134,129.7,25.89,1.064,647.1,1,46.431,20.541,49466.18,129.542
TRIP-0993,VESSEL-001,Handysize Bulk,35000,32000,7200,175.0,HFO,1.0,620.0,1.0,2044.2,10.79,30406.4,0.9502,6,1.89,31.0,1.1715,189.45,79.379,1.064,692.6,1,123.587,44.208,89873.94,442.441
TRIP-0994,VESSEL-005,Neo-Panamax Green,110000,102000,16500,158.0,Ammonia,0.46,1100.0,0.15,1285.1,15.61,62034.8,0.6082,5,4.3,30.0,1.145,82.33,434.33,1.016,1370.6,0,559.829,125.499,644811.9,302.308
TRIP-0995,VESSEL-004,Feeder Container,22000,18500,9800,180.0,Hydrogen,2.98,2800.0,0.08,3143.1,13.78,10123.0,0.5472,1,0.59,8.6,1.0129,228.09,84.052,1.032,895.7,1,97.073,13.021,283104.4,28.151
TRIP-0996,VESSEL-004,Feeder Container,22000,18500,9800,180.0,HFO,1.0,620.0,1.0,3278.0,14.11,15555.0,0.8408,2,1.29,17.8,1.0517,232.32,292.538,1.032,881.5,1,350.327,57.789,228502.74,1254.171
TRIP-0997,VESSEL-004,Feeder Container,22000,18500,9800,180.0,Methanol,0.5,950.0,0.35,3636.4,11.52,17194.7,0.9294,7,4.95,52.4,1.2286,315.66,440.959,1.032,916.7,0,675.879,234.92,657885.05,844.849
TRIP-0998,VESSEL-004,Feeder Container,22000,18500,9800,180.0,Hydrogen,2.98,2800.0,0.08,2589.8,14.77,11839.5,0.64,3,0.99,24.3,1.0865,175.34,81.276,1.032,878.4,1,104.154,22.878,302931.2,30.205
TRIP-0999,VESSEL-001,Handysize Bulk,35000,32000,7200,175.0,Methanol,0.5,950.0,0.35,3107.0,9.02,16302.0,0.5094,1,0.85,5.7,1.0086,344.46,151.791,1.064,646.5,1,252.528,100.737,253151.6,315.66
TRIP-1000,VESSEL-001,Handysize Bulk,35000,32000,7200,175.0,HFO,1.0,620.0,1.0,3207.1,14.25,16344.9,0.5108,3,1.44,18.4,1.0776,225.06,195.59,1.064,633.1,1,254.088,58.498,170784.56,909.635
TRIP-1001,VESSEL-004,Feeder Container,22000,18500,9800,180.0,Methanol,0.5,950.0,0.35,1331.2,11.27,8017.5,0.4334,4,3.31,17.2,1.1008,118.12,138.173,1.032,837.2,0,192.648,54.475,198815.6,240.81
TRIP-1002,VESSEL-004,Feeder Container,22000,18500,9800,180.0,Methanol,0.5,950.0,0.35,740.5,11.35,9645.7,0.5214,3,2.4,16.6,1.0749,65.24,79.586,1.032,906.8,0,112.454,32.868,122631.3,140.567
TRIP-1003,VESSEL-002,Panamax Bulk,75000,70000,12500,168.0,Methanol,0.5,950.0,0.35,1004.1,11.4,58613.8,0.8373,5,2.23,27.1,1.1407,88.08,141.947,1.04,1145.0,1,198.031,56.084,207379.45,247.539
TRIP-1004,VESSEL-002,Panamax Bulk,75000,70000,12500,168.0,HFO,1.0,620.0,1.0,1491.0,10.07,69856.6,0.998,5,2.0,34.6,1.1519,148.06,85.352,1.04,1102.4,1,137.737,52.385,104646.94,493.098
TRIP-1005,VESSEL-001,Handysize Bulk,35000,32000,7200,175.0,HFO,1.0,620.0,1.0,3454.6,12.32,14222.6,0.4445,5,2.95,35.7,1.1536,280.41,154.853,1.064,640.5,1,211.124,56.271,144146.88,755.824
TRIP-1006,VESSEL-001,Handysize Bulk,35000,32000,7200,175.0,LNG,1.15,780.0,0.78,2928.9,13.14,12845.9,0.4014,1,0.8,5.4,1.0081,222.9,128.436,1.064,677.5,0,162.614,34.178,144588.92,453.693
TRIP-1007,VESSEL-002,Panamax Bulk,75000,70000,12500,168.0,Ammonia,0.46,1100.0,0.15,1554.0,11.43,57469.7,0.821,4,1.27,20.8,1.1062,135.96,239.12,1.04,1099.9,0,331.071,91.951,387928.1,178.778
TRIP-1008,VESSEL-001,Handysize Bulk,35000,32000,7200,175.0,HFO,1.0,620.0,1.0,1331.8,9.65,30924.8,0.9664,7,4.18,48.1,1.2221,138.01,41.518,1.064,626.2,1,72.342,30.824,58102.04,258.984
TRIP-1009,VESSEL-005,Neo-Panamax Green,110000,102000,16500,158.0,Hydrogen,2.98,2800.0,0.08,2327.2,11.15,65038.4,0.6376,2,1.18,11.5,1.0422,208.72,62.395,1.016,1406.1,0,87.69,25.295,274532.0,25.43
TRIP-1010,VESSEL-003,Capesize Bulk,180000,170000,21000,162.0,HFO,1.0,620.0,1.0,2103.0,15.18,115753.7,0.6809,3,2.17,21.4,1.0821,138.54,412.011,1.048,1749.6,1,533.108,121.097,365526.96,1908.527
TRIP-1011,VESSEL-004,Feeder Container,22000,18500,9800,180.0,Methanol,0.5,950.0,0.35,2020.0,15.89,14228.6,0.7691,3,2.6,20.3,1.0805,127.12,450.109,1.032,899.8,1,551.527,101.418,535250.65,689.409
TRIP-1012,VESSEL-003,Capesize Bulk,180000,170000,21000,162.0,LNG,1.15,780.0,0.78,1442.1,12.14,87804.7,0.5165,5,3.41,23.1,1.1347,118.79,150.725,1.048,1802.2,1,205.491,54.766,195282.98,573.32
TRIP-1013,VESSEL-002,Panamax Bulk,75000,70000,12500,168.0,LNG,1.15,780.0,0.78,895.0,10.31,43063.6,0.6152,4,2.77,24.6,1.1119,86.81,42.631,1.04,1084.3,0,67.554,24.923,76442.12,188.476
TRIP-1014,VESSEL-005,Neo-Panamax Green,110000,102000,16500,158.0,Ammonia,0.46,1100.0,0.15,2244.1,13.33,92360.5,0.9055,5,2.37,22.6,1.1339,168.35,593.908,1.016,1455.5,1,792.658,198.75,896423.8,428.035
TRIP-1015,VESSEL-002,Panamax Bulk,75000,70000,12500,168.0,LNG,1.15,780.0,0.78,2353.6,15.13,26940.1,0.3849,3,2.03,23.1,1.0847,155.56,227.557,1.04,1078.1,0,297.721,70.164,255972.38,830.642
TRIP-1016,VESSEL-003,Capesize Bulk,180000,170000,21000,162.0,LNG,1.15,780.0,0.78,900.1,15.7,97017.9,0.5707,3,1.05,25.6,1.0884,57.33,159.54,1.048,1733.9,1,201.223,41.683,191953.94,561.412
TRIP-1017,VESSEL-002,Panamax Bulk,75000,70000,12500,168.0,LNG,1.15,780.0,0.78,4164.0,13.86,69969.5,0.9996,4,2.98,20.2,1.1053,300.43,392.811,1.04,1133.4,0,515.304,122.493,425687.12,1437.698
TRIP-1018,VESSEL-002,Panamax Bulk,75000,70000,12500,168.0,HFO,1.0,620.0,1.0,1279.1,12.84,42934.6,0.6134,3,2.26,21.0,1.0815,99.62,108.622,1.04,1073.4,1,142.679,34.057,107710.98,510.791
TRIP-1019,VESSEL-002,Panamax Bulk,75000,70000,12500,168.0,HFO,1.0,620.0,1.0,3618.3,10.55,55925.4,0.7989,3,1.86,16.2,1.0743,342.97,217.049,1.04,1099.5,1,320.748,103.699,218113.76,1148.278
TRIP-1020,VESSEL-004,Feeder Container,22000,18500,9800,180.0,Methanol,0.5,950.0,0.35,2896.1,13.1,8403.5,0.4542,5,1.96,23.6,1.1354,221.08,408.172,1.032,877.4,1,568.689,160.517,551554.55,710.861
TRIP-1021,VESSEL-001,Handysize Bulk,35000,32000,7200,175.0,Methanol,0.5,950.0,0.35,2481.8,10.4,24095.3,0.753,1,0.35,9.1,1.0136,238.63,171.061,1.064,672.5,0,247.014,75.953,252413.3,308.768
TRIP-1022,VESSEL-002,Panamax Bulk,75000,70000,12500,168.0,Methanol,0.5,950.0,0.35,1351.3,15.04,61128.0,0.8733,2,0.64,11.3,1.0419,89.85,335.327,1.04,1108.5,0,399.398,64.071,403178.1,499.248
TRIP-1023,VESSEL-005,Neo-Panamax Green,110000,102000,16500,158.0,Ammonia,0.46,1100.0,0.15,3675.7,10.39,74911.8,0.7344,3,0.91,15.4,1.0731,353.77,567.595,1.016,1402.4,1,844.014,276.419,952915.4,455.768
TRIP-1024,VESSEL-004,Feeder Container,22000,18500,9800,180.0,Methanol,0.5,950.0,0.35,799.1,16.4,9161.5,0.4952,5,4.08,28.1,1.1421,48.73,178.239,1.032,904.2,1,225.785,47.546,225795.75,282.231
TRIP-1025,VESSEL-004,Feeder Container,22000,18500,9800,180.0,Methanol,0.5,950.0,0.35,2295.9,13.21,12772.2,0.6904,3,2.5,14.3,1.0715,173.8,347.444,1.032,849.0,0,462.045,114.601,454742.75,577.556
TRIP-1026,VESSEL-001,Handysize Bulk,35000,32000,7200,175.0,LNG,1.15,780.0,0.78,3913.9,11.26,14502.2,0.4532,1,0.84,11.1,1.0167,347.59,127.717,1.064,657.7,1,180.892,53.175,154345.76,504.689
TRIP-1027,VESSEL-004,Feeder Container,22000,18500,9800,180.0,Methanol,0.5,950.0,0.35,1610.8,16.31,13222.5,0.7147,3,2.14,24.7,1.0871,98.76,373.624,1.032,847.1,1,434.041,60.417,423638.95,542.551
TRIP-1028,VESSEL-003,Capesize Bulk,180000,170000,21000,162.0,Ammonia,0.46,1100.0,0.15,2706.6,14.13,78831.5,0.4637,4,3.01,28.8,1.1182,191.55,945.002,1.048,1781.8,1,1266.345,321.343,1427979.5,683.826
TRIP-1029,VESSEL-003,Capesize Bulk,180000,170000,21000,162.0,Ammonia,0.46,1100.0,0.15,2372.1,15.51,119890.7,0.7052,2,1.25,9.5,1.0393,152.94,1061.034,1.048,1817.0,1,1267.123,206.089,1428835.3,684.246
TRIP-1030,VESSEL-001,Handysize Bulk,35000,32000,7200,175.0,Methanol,0.5,950.0,0.35,2430.7,11.56,29101.6,0.9094,2,1.67,8.3,1.0374,210.27,214.683,1.064,715.5,0,293.36,78.677,296442.0,366.7
TRIP-1031,VESSEL-004,Feeder Container,22000,18500,9800,180.0,HFO,1.0,620.0,1.0,2595.9,14.39,12010.4,0.6492,2,1.16,17.1,1.0506,180.4,230.932,1.032,835.5,1,290.921,59.989,191671.02,1041.497
TRIP-1032,VESSEL-004,Feeder Container,22000,18500,9800,180.0,Methanol,0.5,950.0,0.35,3919.3,15.26,9536.9,0.5155,4,2.58,27.8,1.1167,256.83,760.411,1.032,926.4,1,954.879,194.468,918435.05,1193.599
TRIP-1033,VESSEL-002,Panamax Bulk,75000,70000,12500,168.0,Methanol,0.5,950.0,0.35,1929.7,13.78,26332.7,0.3762,3,1.2,12.3,1.0685,140.04,355.144,1.04,1063.3,1,465.244,110.1,461231.8,581.555
TRIP-1034,VESSEL-002,Panamax Bulk,75000,70000,12500,168.0,LNG,1.15,780.0,0.78,1118.1,13.1,67140.1,0.9591,4,3.01,17.5,1.1013,85.35,93.358,1.04,1136.1,1,125.113,31.755,116838.14,349.065
TRIP-1035,VESSEL-005,Neo-Panamax Green,110000,102000,16500,158.0,Ammonia,0.46,1100.0,0.15,1738.6,10.64,38957.1,0.3819,3,1.86,15.7,1.0736,163.4,257.628,1.016,1461.2,0,377.901,120.273,444691.1,204.067
TRIP-1036,VESSEL-004,Feeder Container,22000,18500,9800,180.0,Methanol,0.5,950.0,0.35,985.9,13.86,9768.0,0.528,4,3.59,21.6,1.1074,71.13,158.251,1.032,872.2,1,204.379,46.128,205460.05,255.474
TRIP-1037,VESSEL-004,Feeder Container,22000,18500,9800,180.0,HFO,1.0,620.0,1.0,2166.4,17.33,13209.0,0.714,3,2.62,23.1,1.0847,125.01,283.617,1.032,838.0,0,334.863,51.246,223415.06,1198.81
TRIP-1038,VESSEL-004,Feeder Container,22000,18500,9800,180.0,Methanol,0.5,950.0,0.35,4160.5,16.78,15269.4,0.8254,2,1.65,16.4,1.0496,247.94,1046.668,1.032,870.2,1,1155.634,108.966,1109152.3,1444.543
TRIP-1039,VESSEL-005,Neo-Panamax Green,110000,102000,16500,158.0,Ammonia,0.46,1100.0,0.15,3821.7,14.44,37298.6,0.3657,3,1.74,24.1,1.0861,264.66,1038.584,1.016,1465.3,1,1270.336,231.752,1421869.6,685.981
TRIP-1040,VESSEL-001,Handysize Bulk,35000,32000,7200,175.0,HFO,1.0,620.0,1.0,1257.8,11.42,26718.5,0.835,3,2.04,12.3,1.0685,110.14,53.284,1.064,698.2,1,75.03,21.746,59768.6,268.607
TRIP-1041,VESSEL-001,Handysize Bulk,35000,32000,7200,175.0,LNG,1.15,780.0,0.78,3704.7,11.8,19738.7,0.6168,4,3.48,32.0,1.123,313.96,138.313,1.064,664.2,1,192.46,54.147,163368.8,536.963
TRIP-1042,VESSEL-002,Panamax Bulk,75000,70000,12500,168.0,Methanol,0.5,950.0,0.35,1299.9,14.1,67359.8,0.9623,4,1.25,27.4,1.1161,92.19,289.413,1.04,1096.9,0,372.053,82.64,377200.35,465.066
TRIP-1043,VESSEL-001,Handysize Bulk,35000,32000,7200,175.0,HFO,1.0,620.0,1.0,2104.1,9.89,26582.1,0.8307,2,1.35,10.0,1.04,212.75,66.786,1.064,701.7,1,103.362,36.576,77334.44,370.036
TRIP-1044,VESSEL-003,Capesize Bulk,180000,170000,21000,162.0,LNG,1.15,780.0,0.78,728.2,11.97,118502.2,0.6971,2,1.18,8.9,1.0383,60.84,77.451,1.048,1814.3,1,101.116,23.665,113870.48,282.114
TRIP-1045,VESSEL-004,Feeder Container,22000,18500,9800,180.0,Methanol,0.5,950.0,0.35,1877.6,14.93,13607.2,0.7355,2,0.93,9.9,1.0398,125.76,366.627,1.032,866.5,1,441.673,75.046,430889.35,552.091
TRIP-1046,VESSEL-002,Panamax Bulk,75000,70000,12500,168.0,Ammonia,0.46,1100.0,0.15,2481.2,11.45,35311.4,0.5044,5,3.56,34.9,1.1523,216.7,354.345,1.04,1133.4,0,513.157,158.812,588222.7,277.105
TRIP-1047,VESSEL-004,Feeder Container,22000,18500,9800,180.0,HFO,1.0,620.0,1.0,2605.5,15.36,8743.8,0.4726,4,3.08,21.1,1.1066,169.63,253.521,1.032,885.2,1,328.02,74.499,214672.4,1174.312
TRIP-1048,VESSEL-002,Panamax Bulk,75000,70000,12500,168.0,LNG,1.15,780.0,0.78,1447.4,9.55,44405.8,0.6344,2,1.69,19.0,1.0535,151.56,59.436,1.04,1068.1,0,93.58,34.144,96742.4,261.088
TRIP-1049,VESSEL-005,Neo-Panamax Green,110000,102000,16500,158.0,Hydrogen,2.98,2800.0,0.08,2099.2,15.86,52191.7,0.5117,4,2.23,23.5,1.1102,132.36,110.336,1.016,1376.6,1,141.211,30.875,419890.8,40.951
TRIP-1050,VESSEL-002,Panamax Bulk,75000,70000,12500,168.0,HFO,1.0,620.0,1.0,2854.9,14.55,24971.5,0.3567,3,1.44,21.2,1.0818,196.21,291.366,1.04,1133.5,1,366.286,74.92,246347.32,1311.304
TRIP-1051,VESSEL-003,Capesize Bulk,180000,170000,21000,162.0,Ammonia,0.46,1100.0,0.15,2512.1,12.77,110635.0,0.6508,4,1.25,24.5,1.1118,196.72,751.498,1.048,1788.8,0,1057.815,306.317,1203096.5,571.22
TRIP-1052,VESSEL-003,Capesize Bulk,180000,170000,21000,162.0,HFO,1.0,620.0,1.0,3653.2,12.11,99401.5,0.5847,3,2.19,24.6,1.0869,301.67,444.633,1.048,1820.2,0,595.126,150.493,408478.12,2130.551
TRIP-1053,VESSEL-005,Neo-Panamax Green,110000,102000,16500,158.0,LNG,1.15,780.0,0.78,1979.4,12.56,90675.6,0.889,1,0.79,8.4,1.0126,157.6,185.326,1.016,1403.8,0,231.371,46.045,209469.38,645.525
TRIP-1054,VESSEL-005,Neo-Panamax Green,110000,102000,16500,158.0,Methanol,0.5,950.0,0.35,2471.7,14.46,94146.4,0.923,4,3.03,27.3,1.1159,170.93,711.022,1.016,1394.6,1,865.722,154.7,846935.9,1082.152
TRIP-1055,VESSEL-005,Neo-Panamax Green,110000,102000,16500,158.0,Ammonia,0.46,1100.0,0.15,3332.5,10.31,51917.8,0.509,1,0.39,9.6,1.0144,323.23,479.181,1.016,1459.3,0,672.069,192.888,768275.9,362.917
TRIP-1056,VESSEL-004,Feeder Container,22000,18500,9800,180.0,Methanol,0.5,950.0,0.35,1334.6,11.33,13843.0,0.7483,5,2.93,24.5,1.1368,117.79,150.497,1.032,919.3,0,222.085,71.588,226780.75,277.606
TRIP-1057,VESSEL-001,Handysize Bulk,35000,32000,7200,175.0,HFO,1.0,620.0,1.0,1292.0,9.73,25018.4,0.7818,3,1.26,19.7,1.0796,132.79,39.243,1.064,637.6,0,61.022,21.779,55583.64,218.459
TRIP-1058,VESSEL-005,Neo-Panamax Green,110000,102000,16500,158.0,Hydrogen,2.98,2800.0,0.08,3601.7,10.41,45151.5,0.4427,4,2.79,18.2,1.1023,345.98,80.122,1.016,1434.0,1,122.737,42.615,368163.6,35.594
TRIP-1059,VESSEL-001,Handysize Bulk,35000,32000,7200,175.0,LNG,1.15,780.0,0.78,570.7,9.07,25437.1,0.7949,4,2.73,18.5,1.1027,62.92,13.137,1.064,702.6,1,23.413,10.276,31512.14,65.322
TRIP-1060,VESSEL-001,Handysize Bulk,35000,32000,7200,175.0,HFO,1.0,620.0,1.0,1083.2,11.77,20832.9,0.651,3,2.24,24.8,1.0872,92.03,46.658,1.064,711.1,1,64.889,18.231,53481.18,232.303
TRIP-1061,VESSEL-004,Feeder Container,22000,18500,9800,180.0,Hydrogen,2.98,2800.0,0.08,4001.3,13.54,17918.0,0.9685,2,0.81,17.5,1.0513,295.52,113.402,1.032,873.3,0,144.439,31.037,420229.2,41.887
TRIP-1062,VESSEL-003,Capesize Bulk,180000,170000,21000,162.0,Ammonia,0.46,1100.0,0.15,637.6,15.81,94866.1,0.558,3,0.93,14.7,1.072,40.33,285.595,1.048,1805.2,1,355.442,69.847,425986.2,191.939
TRIP-1063,VESSEL-001,Handysize Bulk,35000,32000,7200,175.0,LNG,1.15,780.0,0.78,3910.4,14.4,18469.3,0.5772,5,2.23,36.0,1.154,271.56,215.305,1.064,669.3,1,294.454,79.149,242924.12,821.527
TRIP-1064,VESSEL-005,Neo-Panamax Green,110000,102000,16500,158.0,Hydrogen,2.98,2800.0,0.08,2074.1,11.59,48916.9,0.4796,4,2.65,27.7,1.1165,178.96,57.742,1.016,1398.2,1,83.569,25.827,258493.2,24.235
TRIP-1065,VESSEL-004,Feeder Container,22000,18500,9800,180.0,HFO,1.0,620.0,1.0,2005.5,16.72,18378.5,0.9934,1,0.4,9.2,1.0138,119.95,259.644,1.032,895.2,1,287.579,27.935,189598.98,1029.533
TRIP-1066,VESSEL-003,Capesize Bulk,180000,170000,21000,162.0,Ammonia,0.46,1100.0,0.15,1044.9,11.94,119776.4,0.7046,3,2.49,17.9,1.0769,87.51,276.931,1.048,1814.0,1,387.427,110.496,461169.7,209.211
TRIP-1067,VESSEL-005,Neo-Panamax Green,110000,102000,16500,158.0,Ammonia,0.46,1100.0,0.15,1975.0,14.07,69246.7,0.6789,2,1.1,8.8,1.0382,140.37,551.792,1.016,1379.9,1,635.909,84.117,723999.9,343.391
TRIP-1068,VESSEL-003,Capesize Bulk,180000,170000,21000,162.0,Ammonia,0.46,1100.0,0.15,3105.1,14.55,118092.4,0.6947,2,1.73,13.8,1.0457,213.41,1219.11,1.048,1813.1,0,1472.49,253.38,1659239.0,795.145
TRIP-1069,VESSEL-001,Handysize Bulk,35000,32000,7200,175.0,HFO,1.0,620.0,1.0,2258.6,12.71,11361.4,0.355,2,1.35,18.8,1.0532,177.7,105.285,1.064,672.4,1,141.401,36.116,100918.62,506.216
TRIP-1070,VESSEL-002,Panamax Bulk,75000,70000,12500,168.0,Ammonia,0.46,1100.0,0.15,1596.1,14.84,60253.9,0.8608,3,1.3,18.2,1.0773,107.55,417.886,1.04,1098.4,1,535.728,117.842,608550.8,289.293
TRIP-1071,VESSEL-005,Neo-Panamax Green,110000,102000,16500,158.0,Ammonia,0.46,1100.0,0.15,3688.6,12.9,36873.8,0.3615,2,1.35,8.3,1.0374,285.94,799.13,1.016,1410.0,1,969.037,169.907,1090440.7,523.28
TRIP-1072,VESSEL-001,Handysize Bulk,35000,32000,7200,175.0,Methanol,0.5,950.0,0.35,1744.6,9.45,24244.5,0.7576,4,1.28,18.3,1.1024,184.61,99.393,1.064,694.6,0,163.726,64.333,173289.7,204.657
TRIP-1073,VESSEL-003,Capesize Bulk,180000,170000,21000,162.0,LNG,1.15,780.0,0.78,3544.3,14.98,76562.9,0.4504,3,1.3,17.7,1.0766,236.6,554.387,1.048,1828.8,0,705.375,150.988,589692.5,1967.996
TRIP-1074,VESSEL-004,Feeder Container,22000,18500,9800,180.0,Hydrogen,2.98,2800.0,0.08,1112.5,14.9,13410.5,0.7249,3,1.52,17.6,1.0764,74.66,36.214,1.032,910.1,1,46.251,10.037,140802.8,13.413
TRIP-1075,VESSEL-005,Neo-Panamax Green,110000,102000,16500,158.0,LNG,1.15,780.0,0.78,3411.7,12.06,63261.1,0.6202,3,1.88,12.7,1.0691,282.89,276.101,1.016,1409.9,1,373.923,97.822,316159.94,1043.245
TRIP-1076,VESSEL-004,Feeder Container,22000,18500,9800,180.0,Hydrogen,2.98,2800.0,0.08,3768.5,14.8,16582.4,0.8963,2,1.01,11.7,1.0425,254.63,125.66,1.032,838.2,1,147.869,22.209,425333.2,42.882
TRIP-1077,VESSEL-003,Capesize Bulk,180000,170000,21000,162.0,HFO,1.0,620.0,1.0,1889.9,14.44,128860.9,0.758,2,1.45,17.4,1.0511,130.88,341.441,1.048,1798.6,1,423.276,81.835,297431.12,1515.328
TRIP-1078,VESSEL-003,Capesize Bulk,180000,170000,21000,162.0,Ammonia,0.46,1100.0,0.15,852.4,15.78,81607.4,0.48,2,1.54,11.9,1.0428,54.02,372.781,1.048,1752.4,0,439.389,66.608,522827.9,237.27
TRIP-1079,VESSEL-004,Feeder Container,22000,18500,9800,180.0,Methanol,0.5,950.0,0.35,1754.6,14.83,15416.7,0.8333,3,1.08,13.0,1.0695,118.31,345.369,1.032,880.2,0,431.038,85.669,425286.1,538.798
TRIP-1080,VESSEL-004,Feeder Container,22000,18500,9800,180.0,Methanol,0.5,950.0,0.35,3134.6,17.06,13284.9,0.7181,4,2.31,28.9,1.1183,183.74,796.085,1.032,886.5,0,944.502,148.417,913076.9,1180.628
TRIP-1081,VESSEL-005,Neo-Panamax Green,110000,102000,16500,158.0,Hydrogen,2.98,2800.0,0.08,2032.1,10.86,91961.4,0.9016,2,1.64,12.8,1.0442,187.12,55.052,1.016,1450.8,1,74.369,19.317,232733.2,21.567
TRIP-1082,VESSEL-002,Panamax Bulk,75000,70000,12500,168.0,Methanol,0.5,950.0,0.35,1560.6,12.16,28460.0,0.4066,4,1.56,27.0,1.1155,128.34,225.453,1.04,1141.7,1,318.614,93.161,321933.3,398.267
TRIP-1083,VESSEL-003,Capesize Bulk,180000,170000,21000,162.0,LNG,1.15,780.0,0.78,3145.9,11.5,158346.5,0.9315,3,2.09,17.8,1.0767,273.56,326.691,1.048,1734.5,1,456.62,129.929,391163.6,1273.97
TRIP-1084,VESSEL-005,Neo-Panamax Green,110000,102000,16500,158.0,Methanol,0.5,950.0,0.35,3729.3,12.35,55213.5,0.5413,4,2.44,18.2,1.1023,301.97,713.716,1.016,1391.5,1,988.909,275.193,963963.55,1236.136
TRIP-1085,VESSEL-001,Handysize Bulk,35000,32000,7200,175.0,Methanol,0.5,950.0,0.35,3797.7,9.3,25828.8,0.8071,3,2.59,13.8,1.0707,408.35,212.007,1.064,634.8,1,344.304,132.297,340338.8,430.38
TRIP-1086,VESSEL-001,Handysize Bulk,35000,32000,7200,175.0,Methanol,0.5,950.0,0.35,1635.9,10.2,30519.1,0.9537,3,2.16,16.1,1.0741,160.38,113.625,1.064,707.9,0,174.957,61.332,183959.15,218.696
TRIP-1087,VESSEL-002,Panamax Bulk,75000,70000,12500,168.0,Methanol,0.5,950.0,0.35,1525.1,12.94,45356.2,0.6479,3,1.71,20.2,1.0803,117.86,265.345,1.04,1078.2,1,351.475,86.13,353151.25,439.344
TRIP-1088,VESSEL-002,Panamax Bulk,75000,70000,12500,168.0,HFO,1.0,620.0,1.0,2367.2,10.24,61921.5,0.8846,5,4.16,20.5,1.1308,231.17,136.509,1.04,1088.3,1,213.788,77.279,151798.56,765.361
TRIP-1089,VESSEL-001,Handysize Bulk,35000,32000,7200,175.0,LNG,1.15,780.0,0.78,2647.5,13.48,18671.2,0.5835,1,0.4,11.1,1.0167,196.4,127.935,1.064,686.9,1,155.413,27.478,134472.14,433.602
TRIP-1090,VESSEL-005,Neo-Panamax Green,110000,102000,16500,158.0,Hydrogen,2.98,2800.0,0.08,3392.5,14.41,88417.8,0.8668,3,1.93,23.7,1.0856,235.43,160.512,1.016,1438.8,0,194.595,34.083,573866.0,56.433
TRIP-1091,VESSEL-001,Handysize Bulk,35000,32000,7200,175.0,HFO,1.0,620.0,1.0,3850.3,9.79,16045.8,0.5014,1,0.43,6.5,1.0097,393.29,110.571,1.064,687.7,0,165.127,54.556,120128.74,591.155
TRIP-1092,VESSEL-002,Panamax Bulk,75000,70000,12500,168.0,Methanol,0.5,950.0,0.35,4006.1,12.52,36838.6,0.5263,3,1.01,22.2,1.0833,319.98,632.848,1.04,1082.9,1,851.957,219.109,828609.15,1064.946
TRIP-1093,VESSEL-001,Handysize Bulk,35000,32000,7200,175.0,HFO,1.0,620.0,1.0,3933.6,12.14,27260.8,0.8519,2,1.0,13.1,1.0446,324.02,189.058,1.064,718.7,0,255.464,66.406,176137.68,914.561
TRIP-1094,VESSEL-002,Panamax Bulk,75000,70000,12500,168.0,HFO,1.0,620.0,1.0,1888.4,15.2,69851.4,0.9979,3,2.44,13.6,1.0704,124.24,246.305,1.04,1119.0,0,292.963,46.658,205387.06,1048.808
TRIP-1095,VESSEL-001,Handysize Bulk,35000,32000,7200,175.0,HFO,1.0,620.0,1.0,3073.0,11.22,12780.0,0.3994,2,0.97,9.3,1.0389,273.89,112.93,1.064,712.5,1,174.163,61.233,121231.06,623.504
TRIP-1096,VESSEL-005,Neo-Panamax Green,110000,102000,16500,158.0,LNG,1.15,780.0,0.78,1478.5,15.75,72950.7,0.7152,2,1.2,12.5,1.0437,93.87,208.873,1.016,1439.9,1,242.881,34.008,213947.18,677.638
TRIP-1097,VESSEL-003,Capesize Bulk,180000,170000,21000,162.0,HFO,1.0,620.0,1.0,3142.0,13.74,130705.8,0.7689,2,0.99,12.8,1.0442,228.68,515.317,1.048,1760.7,1,643.838,128.521,434179.56,2304.94
TRIP-1098,VESSEL-004,Feeder Container,22000,18500,9800,180.0,HFO,1.0,620.0,1.0,2379.2,12.51,11276.6,0.6095,4,3.21,31.5,1.1222,190.18,158.519,1.032,884.9,1,210.956,52.437,142092.72,755.222
TRIP-1099,VESSEL-003,Capesize Bulk,180000,170000,21000,162.0,HFO,1.0,620.0,1.0,2155.8,15.21,130156.4,0.7656,4,2.9,31.2,1.1218,141.74,432.938,1.048,1825.6,1,579.484,146.546,394280.08,2074.553
TRIP-1100,VESSEL-002,Panamax Bulk,75000,70000,12500,168.0,Ammonia,0.46,1100.0,0.15,1222.5,9.61,64037.9,0.9148,1,0.4,7.1,1.0107,127.21,135.932,1.04,1071.9,0,201.025,65.093,244877.5,108.554
TRIP-1101,VESSEL-001,Handysize Bulk,35000,32000,7200,175.0,HFO,1.0,620.0,1.0,3235.6,9.52,26427.6,0.8259,4,1.75,23.2,1.1098,339.87,95.052,1.064,710.6,1,164.108,69.056,114996.96,587.507
TRIP-1102,VESSEL-001,Handysize Bulk,35000,32000,7200,175.0,Methanol,0.5,950.0,0.35,4189.7,9.37,25201.7,0.7876,4,1.9,20.7,1.106,447.14,236.338,1.064,692.7,1,407.666,171.328,400532.7,509.582
TRIP-1103,VESSEL-005,Neo-Panamax Green,110000,102000,16500,158.0,Ammonia,0.46,1100.0,0.15,3098.5,11.12,83134.8,0.815,6,2.88,41.4,1.1871,278.64,558.709,1.016,1413.4,0,868.248,309.539,984072.8,468.854
TRIP-1104,VESSEL-001,Handysize Bulk,35000,32000,7200,175.0,HFO,1.0,620.0,1.0,842.0,13.25,23065.5,0.7208,3,1.96,24.7,1.0871,63.55,46.745,1.064,644.8,1,62.431,15.686,51957.22,223.503
TRIP-1105,VESSEL-002,Panamax Bulk,75000,70000,12500,168.0,Ammonia,0.46,1100.0,0.15,656.0,15.12,31995.7,0.4571,3,2.34,22.8,1.0842,43.39,161.393,1.04,1142.0,1,198.244,36.851,237318.4,107.052
TRIP-1106,VESSEL-001,Handysize Bulk,35000,32000,7200,175.0,LNG,1.15,780.0,0.78,545.5,9.51,14791.3,0.4622,3,2.5,21.4,1.0821,57.36,12.727,1.064,724.2,0,21.739,9.012,34706.42,60.652
TRIP-1107,VESSEL-004,Feeder Container,22000,18500,9800,180.0,Hydrogen,2.98,2800.0,0.08,4102.0,16.7,10253.8,0.5543,2,1.67,17.7,1.0515,245.63,161.375,1.032,909.8,1,184.969,23.594,529213.2,53.641
TRIP-1108,VESSEL-004,Feeder Container,22000,18500,9800,180.0,Hydrogen,2.98,2800.0,0.08,3869.3,16.55,15591.5,0.8428,1,0.79,11.5,1.0172,233.79,159.479,1.032,912.9,0,182.151,22.672,525822.8,52.824
TRIP-1109,VESSEL-004,Feeder Container,22000,18500,9800,180.0,Hydrogen,2.98,2800.0,0.08,3150.6,16.09,14910.4,0.806,3,1.75,18.6,1.0779,195.81,121.76,1.032,837.3,1,143.932,22.172,414309.6,41.74
TRIP-1110,VESSEL-001,Handysize Bulk,35000,32000,7200,175.0,LNG,1.15,780.0,0.78,1301.7,13.71,21404.7,0.6689,2,0.6,15.9,1.0488,94.95,66.444,1.064,637.1,0,83.438,16.994,82831.64,232.792
TRIP-1111,VESSEL-004,Feeder Container,22000,18500,9800,180.0,HFO,1.0,620.0,1.0,2996.3,14.92,11260.4,0.6087,1,0.37,8.0,1.012,200.82,283.904,1.032,867.7,1,327.366,43.462,214266.92,1171.97
TRIP-1112,VESSEL-004,Feeder Container,22000,18500,9800,180.0,Hydrogen,2.98,2800.0,0.08,4107.0,11.85,7257.2,0.3923,4,2.2,27.9,1.1168,346.58,78.301,1.032,909.6,1,110.385,32.084,320378.0,32.012
TRIP-1113,VESSEL-005,Neo-Panamax Green,110000,102000,16500,158.0,Hydrogen,2.98,2800.0,0.08,2732.2,10.08,97130.7,0.9523,2,1.7,18.1,1.0521,271.05,64.516,1.016,1468.9,1,96.533,32.017,294792.4,27.995
TRIP-1114,VESSEL-005,Neo-Panamax Green,110000,102000,16500,158.0,LNG,1.15,780.0,0.78,3228.1,11.24,42489.1,0.4166,3,1.48,24.0,1.086,287.2,215.477,1.016,1429.4,1,303.71,88.233,261393.8,847.351
TRIP-1115,VESSEL-001,Handysize Bulk,35000,32000,7200,175.0,HFO,1.0,620.0,1.0,2128.0,13.49,25470.3,0.7959,3,2.29,19.3,1.079,157.75,124.653,1.064,696.4,0,161.069,36.416,117612.78,576.627
TRIP-1116,VESSEL-004,Feeder Container,22000,18500,9800,180.0,Hydrogen,2.98,2800.0,0.08,1711.1,12.21,7658.1,0.414,2,0.79,15.5,1.0482,140.14,34.816,1.032,836.0,0,44.651,9.835,140822.8,12.949
TRIP-1117,VESSEL-005,Neo-Panamax Green,110000,102000,16500,158.0,Methanol,0.5,950.0,0.35,825.4,15.91,57528.8,0.564,4,2.06,16.8,1.1002,51.88,263.667,1.016,1385.8,1,324.845,61.178,333102.75,406.056
TRIP-1118,VESSEL-005,Neo-Panamax Green,110000,102000,16500,158.0,Hydrogen,2.98,2800.0,0.08,2789.1,13.83,63688.9,0.6244,3,1.34,21.5,1.0823,201.67,114.67,1.016,1457.3,0,141.509,26.839,425225.2,41.038
TRIP-1119,VESSEL-003,Capesize Bulk,180000,170000,21000,162.0,Ammonia,0.46,1100.0,0.15,604.8,12.59,103847.6,0.6109,4,3.14,27.3,1.1159,48.04,174.114,1.048,1745.1,0,240.17,66.056,303687.0,129.692
TRIP-1120,VESSEL-005,Neo-Panamax Green,110000,102000,16500,158.0,Hydrogen,2.98,2800.0,0.08,2023.6,16.77,83696.1,0.8206,1,0.32,9.5,1.0143,120.67,128.272,1.016,1453.8,1,140.386,12.114,417580.8,40.712
TRIP-1121,VESSEL-002,Panamax Bulk,75000,70000,12500,168.0,LNG,1.15,780.0,0.78,3801.7,9.92,49114.2,0.7016,4,2.93,17.4,1.1011,383.24,171.259,1.04,1060.7,0,274.7,103.441,238016.0,766.413
TRIP-1122,VESSEL-001,Handysize Bulk,35000,32000,7200,175.0,LNG,1.15,780.0,0.78,3734.5,13.52,15875.1,0.4961,2,0.85,10.9,1.0413,276.22,177.617,1.064,717.0,1,231.125,53.508,193527.5,644.839
TRIP-1123,VESSEL-002,Panamax Bulk,75000,70000,12500,168.0,Ammonia,0.46,1100.0,0.15,2126.1,14.63,68828.0,0.9833,1,0.75,8.5,1.0128,145.32,556.588,1.04,1094.8,0,654.077,97.489,743234.7,353.202
TRIP-1124,VESSEL-001,Handysize Bulk,35000,32000,7200,175.0,Methanol,0.5,950.0,0.35,1582.2,10.19,12215.5,0.3817,4,3.01,19.6,1.1044,155.27,95.479,1.064,645.7,1,143.87,48.391,149926.5,179.838
TRIP-1125,VESSEL-003,Capesize Bulk,180000,170000,21000,162.0,Ammonia,0.46,1100.0,0.15,3203.5,10.14,126950.5,0.7468,7,4.95,34.0,1.201,315.93,618.727,1.048,1740.8,1,1021.096,402.369,1158205.6,551.392
TRIP-1126,VESSEL-004,Feeder Container,22000,18500,9800,180.0,HFO,1.0,620.0,1.0,1996.2,14.57,11328.2,0.6123,2,0.62,14.3,1.0464,137.01,180.531,1.032,855.2,0,229.841,49.31,158301.42,822.831
TRIP-1127,VESSEL-003,Capesize Bulk,180000,170000,21000,162.0,HFO,1.0,620.0,1.0,2994.7,11.14,63012.7,0.3707,3,1.91,20.9,1.0814,268.82,291.662,1.048,1827.2,0,424.881,133.219,302926.22,1521.074
TRIP-1128,VESSEL-001,Handysize Bulk,35000,32000,7200,175.0,Methanol,0.5,950.0,0.35,2949.2,14.06,26258.9,0.8206,3,2.11,12.5,1.0688,209.76,377.496,1.064,684.6,1,476.713,99.217,466127.35,595.891
TRIP-1129,VESSEL-002,Panamax Bulk,75000,70000,12500,168.0,Ammonia,0.46,1100.0,0.15,2821.5,9.95,37645.6,0.5378,3,2.0,19.7,1.0796,283.57,306.889,1.04,1077.3,1,467.366,160.477,533352.6,252.378
TRIP-1130,VESSEL-002,Panamax Bulk,75000,70000,12500,168.0,HFO,1.0,620.0,1.0,3730.2,10.62,32563.0,0.4652,4,2.78,22.9,1.1094,351.24,208.684,1.04,1076.2,1,311.35,102.666,212287.0,1114.633
TRIP-1131,VESSEL-002,Panamax Bulk,75000,70000,12500,168.0,Methanol,0.5,950.0,0.35,3643.8,13.62,37662.4,0.538,3,2.64,25.4,1.0881,267.53,683.234,1.04,1127.3,1,894.728,211.494,869241.6,1118.41
TRIP-1132,VESSEL-002,Panamax Bulk,75000,70000,12500,168.0,HFO,1.0,620.0,1.0,2070.9,11.57,58758.3,0.8394,4,3.31,21.1,1.1066,178.99,150.85,1.04,1132.3,0,215.108,64.258,157116.96,770.087
TRIP-1133,VESSEL-002,Panamax Bulk,75000,70000,12500,168.0,Methanol,0.5,950.0,0.35,2641.2,10.86,50856.7,0.7265,2,1.55,14.9,1.0474,243.2,329.959,1.04,1081.8,1,467.175,137.216,463066.25,583.969
TRIP-1134,VESSEL-003,Capesize Bulk,180000,170000,21000,162.0,LNG,1.15,780.0,0.78,2777.4,10.21,148400.9,0.8729,2,1.3,13.0,1.0445,272.03,224.24,1.048,1807.5,0,326.234,101.994,293962.52,910.193
TRIP-1135,VESSEL-003,Capesize Bulk,180000,170000,21000,162.0,HFO,1.0,620.0,1.0,3381.3,10.94,165306.8,0.9724,4,2.86,23.2,1.1098,309.08,368.928,1.048,1822.3,1,529.95,161.022,363569.0,1897.221
TRIP-1136,VESSEL-002,Panamax Bulk,75000,70000,12500,168.0,LNG,1.15,780.0,0.78,2824.3,10.42,41645.3,0.5949,3,1.32,16.8,1.0752,271.05,136.72,1.04,1111.4,1,198.467,61.747,174054.26,553.723
TRIP-1137,VESSEL-005,Neo-Panamax Green,110000,102000,16500,158.0,Hydrogen,2.98,2800.0,0.08,1850.7,13.87,59720.0,0.5855,5,1.62,39.8,1.1597,133.43,75.791,1.016,1436.4,1,101.432,25.641,308509.6,29.415
TRIP-1138,VESSEL-001,Handysize Bulk,35000,32000,7200,175.0,Methanol,0.5,950.0,0.35,2535.0,10.53,29718.5,0.9287,3,1.03,22.0,1.083,240.74,186.591,1.064,696.3,1,280.829,94.238,280037.55,351.036
TRIP-1139,VESSEL-004,Feeder Container,22000,18500,9800,180.0,HFO,1.0,620.0,1.0,1363.6,14.04,13609.1,0.7356,5,3.27,26.2,1.1393,97.12,117.732,1.032,879.0,0,153.324,35.592,110860.88,548.9
TRIP-1140,VESSEL-002,Panamax Bulk,75000,70000,12500,168.0,Methanol,0.5,950.0,0.35,982.7,11.39,60558.8,0.8651,4,1.36,16.2,1.0993,86.28,139.592,1.04,1139.8,1,199.959,60.367,209211.05,249.949
TRIP-1141,VESSEL-003,Capesize Bulk,180000,170000,21000,162.0,HFO,1.0,620.0,1.0,4168.9,13.7,115744.7,0.6809,6,4.09,34.2,1.1763,304.3,665.237,1.048,1779.1,0,910.368,245.131,603928.16,3259.117
TRIP-1142,VESSEL-001,Handysize Bulk,35000,32000,7200,175.0,LNG,1.15,780.0,0.78,3403.7,10.08,21293.3,0.6654,3,1.5,13.2,1.0698,337.67,93.833,1.064,681.0,0,146.904,53.071,132335.12,409.862
TRIP-1143,VESSEL-004,Feeder Container,22000,18500,9800,180.0,HFO,1.0,620.0,1.0,1284.9,17.84,7813.6,0.4224,3,2.64,22.8,1.0842,72.02,166.645,1.032,923.8,1,205.034,38.389,138421.08,734.022
TRIP-1144,VESSEL-005,Neo-Panamax Green,110000,102000,16500,158.0,Methanol,0.5,950.0,0.35,1663.8,15.58,75202.0,0.7373,3,1.86,23.5,1.0853,106.79,531.85,1.016,1468.2,0,658.532,126.682,654605.4,823.165
TRIP-1145,VESSEL-002,Panamax Bulk,75000,70000,12500,168.0,Methanol,0.5,950.0,0.35,1874.2,10.1,59845.8,0.8549,1,0.52,8.9,1.0133,185.56,208.827,1.04,1061.9,0,298.318,89.491,307152.1,372.897
TRIP-1146,VESSEL-001,Handysize Bulk,35000,32000,7200,175.0,Methanol,0.5,950.0,0.35,1939.9,12.31,25170.2,0.7866,3,2.68,15.0,1.0725,157.59,188.831,1.064,667.8,0,259.016,70.185,263815.2,323.77
TRIP-1147,VESSEL-004,Feeder Container,22000,18500,9800,180.0,Methanol,0.5,950.0,0.35,1904.8,16.46,10551.3,0.5703,5,2.71,32.5,1.1488,115.72,435.476,1.032,922.9,0,557.403,121.927,545332.85,696.754
TRIP-1148,VESSEL-004,Feeder Container,22000,18500,9800,180.0,HFO,1.0,620.0,1.0,1774.7,17.61,13563.8,0.7332,3,2.54,15.8,1.0737,100.78,240.935,1.032,884.5,1,297.885,56.95,195988.7,1066.428
TRIP-1149,VESSEL-004,Feeder Container,22000,18500,9800,180.0,HFO,1.0,620.0,1.0,3014.8,16.04,13864.1,0.7494,3,1.46,21.6,1.0824,187.96,340.792,1.032,855.6,0,398.801,58.009,263056.62,1427.708
TRIP-1150,VESSEL-002,Panamax Bulk,75000,70000,12500,168.0,HFO,1.0,620.0,1.0,530.3,15.3,64772.3,0.9253,3,1.02,15.8,1.0737,34.66,68.92,1.04,1107.8,1,83.748,14.828,71173.76,299.818
TRIP-1151,VESSEL-005,Neo-Panamax Green,110000,102000,16500,158.0,LNG,1.15,780.0,0.78,3764.9,14.29,101047.5,0.9907,6,3.03,26.4,1.1646,263.46,467.052,1.016,1388.8,0,637.127,170.075,525959.06,1777.584
TRIP-1152,VESSEL-001,Handysize Bulk,35000,32000,7200,175.0,HFO,1.0,620.0,1.0,3699.4,13.65,30863.6,0.9645,1,0.69,5.0,1.0075,271.02,230.649,1.064,626.6,0,280.381,49.732,191586.22,1003.764
TRIP-1153,VESSEL-002,Panamax Bulk,75000,70000,12500,168.0,Methanol,0.5,950.0,0.35,2524.1,14.95,34775.0,0.4968,6,3.59,33.1,1.1746,168.84,564.265,1.04,1098.3,1,759.462,195.197,740738.9,949.327
TRIP-1154,VESSEL-003,Capesize Bulk,180000,170000,21000,162.0,HFO,1.0,620.0,1.0,787.9,11.51,95575.2,0.5622,3,1.17,23.4,1.0851,68.45,86.128,1.048,1772.1,1,126.055,39.927,113154.1,451.277
TRIP-1155,VESSEL-003,Capesize Bulk,180000,170000,21000,162.0,HFO,1.0,620.0,1.0,2601.4,15.1,164636.7,0.9685,2,1.72,17.6,1.0514,172.28,540.242,1.048,1816.4,0,671.989,131.747,456133.18,2405.721
TRIP-1156,VESSEL-002,Panamax Bulk,75000,70000,12500,168.0,LNG,1.15,780.0,0.78,2540.5,10.05,36318.7,0.5188,3,0.93,23.5,1.0853,252.79,112.22,1.04,1137.9,1,181.922,69.702,161149.16,507.562
TRIP-1157,VESSEL-001,Handysize Bulk,35000,32000,7200,175.0,LNG,1.15,780.0,0.78,3230.3,14.28,13695.1,0.428,2,1.06,14.4,1.0466,226.21,168.445,1.064,699.7,1,225.009,56.564,188757.02,627.775
TRIP-1158,VESSEL-003,Capesize Bulk,180000,170000,21000,162.0,LNG,1.15,780.0,0.78,1191.4,13.24,80471.4,0.4734,3,2.13,13.7,1.0706,89.98,146.45,1.048,1742.3,1,201.85,55.4,192443.0,563.162
TRIP-1159,VESSEL-004,Feeder Container,22000,18500,9800,180.0,Methanol,0.5,950.0,0.35,874.2,17.8,8192.0,0.4428,2,1.29,16.6,1.0499,49.11,226.846,1.032,870.7,0,262.125,35.279,264818.75,327.656
TRIP-1160,VESSEL-005,Neo-Panamax Green,110000,102000,16500,158.0,Hydrogen,2.98,2800.0,0.08,2197.4,14.75,90876.6,0.8909,3,1.38,21.0,1.0815,148.98,109.546,1.016,1468.6,0,135.95,26.404,409660.0,39.425
TRIP-1161,VESSEL-004,Feeder Container,22000,18500,9800,180.0,HFO,1.0,620.0,1.0,4033.1,14.94,9506.5,0.5139,3,1.5,14.5,1.0717,269.95,374.867,1.032,858.4,1,464.237,89.37,299126.94,1661.968
TRIP-1162,VESSEL-001,Handysize Bulk,35000,32000,7200,175.0,Methanol,0.5,950.0,0.35,2379.1,9.67,11326.6,0.354,7,5.02,36.0,1.204,246.03,128.356,1.064,713.7,1,239.436,111.08,240714.2,299.295
TRIP-1163,VESSEL-004,Feeder Container,22000,18500,9800,180.0,HFO,1.0,620.0,1.0,1825.7,16.54,13206.1,0.7138,1,0.74,11.0,1.0165,110.38,217.707,1.032,931.0,0,255.919,38.212,174469.78,916.19
TRIP-1164,VESSEL-002,Panamax Bulk,75000,70000,12500,168.0,LNG,1.15,780.0,0.78,3299.8,11.59,39365.3,0.5624,3,1.28,14.8,1.0722,284.71,196.006,1.04,1135.9,1,277.61,81.604,235785.8,774.532
TRIP-1165,VESSEL-004,Feeder Container,22000,18500,9800,180.0,HFO,1.0,620.0,1.0,1506.7,12.49,10976.4,0.5933,1,0.8,10.8,1.0162,120.63,99.695,1.032,856.0,0,124.94,25.245,93262.8,447.285
TRIP-1166,VESSEL-002,Panamax Bulk,75000,70000,12500,168.0,Methanol,0.5,950.0,0.35,1696.7,14.54,50971.0,0.7282,3,2.16,13.3,1.0699,116.69,380.107,1.04,1112.1,1,471.821,91.714,467479.95,589.776
TRIP-1167,VESSEL-001,Handysize Bulk,35000,32000,7200,175.0,HFO,1.0,620.0,1.0,3608.3,11.98,27122.4,0.8476,4,1.24,19.2,1.1038,301.19,168.71,1.064,691.5,1,239.443,70.733,161704.66,857.206
TRIP-1168,VESSEL-005,Neo-Panamax Green,110000,102000,16500,158.0,Methanol,0.5,950.0,0.35,1689.0,11.41,92980.4,0.9116,6,2.37,35.9,1.1788,148.03,301.732,1.016,1449.3,0,444.726,142.994,451489.7,555.908
TRIP-1169,VESSEL-005,Neo-Panamax Green,110000,102000,16500,158.0,Hydrogen,2.98,2800.0,0.08,2735.1,16.9,63897.9,0.6265,1,0.81,9.2,1.0138,161.84,167.999,1.016,1410.4,0,188.195,20.196,555946.0,54.577
TRIP-1170,VESSEL-005,Neo-Panamax Green,110000,102000,16500,158.0,Ammonia,0.46,1100.0,0.15,4032.2,11.65,57636.5,0.5651,2,1.28,12.4,1.0436,346.11,750.87,1.016,1409.6,0,996.883,246.013,1125571.3,538.317
TRIP-1171,VESSEL-005,Neo-Panamax Green,110000,102000,16500,158.0,Ammonia,0.46,1100.0,0.15,2962.2,10.35,94655.7,0.928,3,2.03,16.1,1.0741,286.2,475.075,1.016,1411.5,1,678.821,203.746,771203.1,366.563
TRIP-1172,VESSEL-004,Feeder Container,22000,18500,9800,180.0,Hydrogen,2.98,2800.0,0.08,1570.8,14.4,8091.8,0.4374,4,2.67,25.0,1.1125,109.08,44.702,1.032,902.3,1,59.174,14.472,176987.2,17.16
TRIP-1173,VESSEL-003,Capesize Bulk,180000,170000,21000,162.0,Ammonia,0.46,1100.0,0.15,1420.2,13.52,145535.5,0.8561,4,3.37,22.6,1.1089,105.04,500.62,1.048,1807.9,1,659.189,158.569,760107.9,355.962
TRIP-1174,VESSEL-001,Handysize Bulk,35000,32000,7200,175.0,Methanol,0.5,950.0,0.35,950.5,13.46,13482.3,0.4213,3,1.52,12.5,1.0688,70.62,101.114,1.064,680.2,0,134.033,32.919,145081.35,167.541
TRIP-1175,VESSEL-005,Neo-Panamax Green,110000,102000,16500,158.0,Ammonia,0.46,1100.0,0.15,3299.4,15.61,96369.6,0.9448,4,1.72,20.5,1.1058,211.36,1208.316,1.016,1390.9,1,1505.372,297.056,1680409.2,812.901
TRIP-1176,VESSEL-005,Neo-Panamax Green,110000,102000,16500,158.0,Ammonia,0.46,1100.0,0.15,616.4,12.98,40693.8,0.399,4,2.25,25.4,1.1131,47.49,136.548,1.016,1425.8,0,184.761,48.213,232237.1,99.771
TRIP-1177,VESSEL-003,Capesize Bulk,180000,170000,21000,162.0,LNG,1.15,780.0,0.78,1926.8,12.31,73484.5,0.4323,3,1.98,25.1,1.0877,156.52,202.551,1.048,1807.7,0,276.777,74.226,255386.06,772.208
TRIP-1178,VESSEL-001,Handysize Bulk,35000,32000,7200,175.0,LNG,1.15,780.0,0.78,3557.7,14.42,22058.1,0.6893,3,2.47,22.1,1.0832,246.72,201.879,1.064,690.3,1,259.453,57.574,215623.34,723.874
TRIP-1179,VESSEL-003,Capesize Bulk,180000,170000,21000,162.0,LNG,1.15,780.0,0.78,2272.4,10.58,63918.5,0.376,3,1.04,16.0,1.074,214.78,173.835,1.048,1762.2,0,248.831,74.996,233588.18,694.238
TRIP-1180,VESSEL-005,Neo-Panamax Green,110000,102000,16500,158.0,Methanol,0.5,950.0,0.35,1552.0,11.22,91570.7,0.8978,4,2.56,32.6,1.1239,138.32,267.232,1.016,1397.3,0,385.093,117.861,394838.35,481.366
TRIP-1181,VESSEL-001,Handysize Bulk,35000,32000,7200,175.0,HFO,1.0,620.0,1.0,1255.1,11.26,14644.9,0.4577,4,3.4,22.7,1.109,111.47,47.156,1.064,644.0,0,68.996,21.84,60527.52,247.006
TRIP-1182,VESSEL-003,Capesize Bulk,180000,170000,21000,162.0,Ammonia,0.46,1100.0,0.15,1415.2,15.55,115330.7,0.6784,3,2.19,24.3,1.0865,91.01,632.081,1.048,1773.5,1,753.118,121.037,863429.8,406.684
TRIP-1183,VESSEL-004,Feeder Container,22000,18500,9800,180.0,Methanol,0.5,950.0,0.35,1688.6,16.85,15595.3,0.843,2,0.69,9.0,1.0385,100.21,429.992,1.032,892.3,1,493.873,63.881,480479.35,617.341
TRIP-1184,VESSEL-005,Neo-Panamax Green,110000,102000,16500,158.0,LNG,1.15,780.0,0.78,3266.8,11.72,84020.9,0.8237,3,1.28,19.3,1.079,278.74,262.277,1.016,1462.1,1,352.989,90.712,299831.42,984.839
TRIP-1185,VESSEL-003,Capesize Bulk,180000,170000,21000,162.0,LNG,1.15,780.0,0.78,1342.2,11.28,138672.1,0.8157,6,3.82,40.0,1.185,118.99,130.477,1.048,1741.8,0,194.235,63.758,191003.3,541.916
TRIP-1186,VESSEL-004,Feeder Container,22000,18500,9800,180.0,Hydrogen,2.98,2800.0,0.08,3282.6,16.13,7782.2,0.4207,1,0.42,10.3,1.0154,203.51,116.749,1.032,908.3,1,133.051,16.302,383842.8,38.585
TRIP-1187,VESSEL-003,Capesize Bulk,180000,170000,21000,162.0,Ammonia,0.46,1100.0,0.15,1671.2,13.66,104443.0,0.6144,3,1.69,13.3,1.0699,122.34,566.837,1.048,1821.6,1,714.584,147.747,821042.4,385.875
TRIP-1188,VESSEL-005,Neo-Panamax Green,110000,102000,16500,158.0,LNG,1.15,780.0,0.78,616.8,11.21,37075.2,0.3635,3,2.22,13.7,1.0706,55.02,40.383,1.016,1392.1,0,56.984,16.601,73447.52,158.985
TRIP-1189,VESSEL-003,Capesize Bulk,180000,170000,21000,162.0,Ammonia,0.46,1100.0,0.15,4066.0,13.36,135185.5,0.7952,5,3.21,34.7,1.1521,304.34,1379.349,1.048,1825.1,1,1903.722,524.373,2129094.2,1028.01
TRIP-1190,VESSEL-001,Handysize Bulk,35000,32000,7200,175.0,HFO,1.0,620.0,1.0,850.7,12.0,21940.4,0.6856,2,0.62,9.2,1.0388,70.89,38.409,1.064,707.2,1,51.636,13.227,45264.32,184.857
TRIP-1191,VESSEL-003,Capesize Bulk,180000,170000,21000,162.0,Ammonia,0.46,1100.0,0.15,2982.6,14.36,147161.1,0.8657,4,2.8,24.7,1.112,207.7,1188.8,1.048,1766.3,1,1505.415,316.615,1690956.5,812.924
TRIP-1192,VESSEL-004,Feeder Container,22000,18500,9800,180.0,Hydrogen,2.98,2800.0,0.08,1606.5,15.39,17721.4,0.9579,3,2.19,20.6,1.0809,104.39,58.691,1.032,851.9,0,73.17,14.479,220676.0,21.219
TRIP-1193,VESSEL-003,Capesize Bulk,180000,170000,21000,162.0,HFO,1.0,620.0,1.0,3920.4,12.52,79199.4,0.4659,4,2.36,27.6,1.1164,313.13,494.614,1.048,1819.7,1,682.905,188.291,458401.1,2444.8
TRIP-1194,VESSEL-001,Handysize Bulk,35000,32000,7200,175.0,Methanol,0.5,950.0,0.35,3057.0,12.82,20146.5,0.6296,3,2.66,14.3,1.0715,238.46,310.817,1.064,686.1,1,412.046,101.229,404693.7,515.058
TRIP-1195,VESSEL-005,Neo-Panamax Green,110000,102000,16500,158.0,Ammonia,0.46,1100.0,0.15,1912.3,15.25,53966.2,0.5291,3,1.34,18.0,1.077,125.4,604.694,1.016,1417.3,0,752.524,147.83,856776.4,406.363
TRIP-1196,VESSEL-003,Capesize Bulk,180000,170000,21000,162.0,HFO,1.0,620.0,1.0,2707.7,11.94,112684.8,0.6629,2,1.31,11.3,1.0419,226.78,326.729,1.048,1735.5,0,441.929,115.2,313495.98,1582.106
TRIP-1197,VESSEL-004,Feeder Container,22000,18500,9800,180.0,Hydrogen,2.98,2800.0,0.08,2079.8,16.55,18036.2,0.9749,3,1.16,19.7,1.0796,125.67,88.184,1.032,848.5,0,106.923,18.739,315184.4,31.008
TRIP-1198,VESSEL-002,Panamax Bulk,75000,70000,12500,168.0,LNG,1.15,780.0,0.78,909.8,9.64,41585.1,0.5941,3,1.21,17.2,1.0758,94.38,37.687,1.04,1091.8,0,59.885,22.198,70460.3,167.079
TRIP-1199,VESSEL-003,Capesize Bulk,180000,170000,21000,162.0,Ammonia,0.46,1100.0,0.15,2196.2,14.13,165549.0,0.9738,3,1.33,24.5,1.0868,155.43,869.291,1.048,1827.1,1,1116.5,247.209,1263150.0,602.91
TRIP-1200,VESSEL-005,Neo-Panamax Green,110000,102000,16500,158.0,Ammonia,0.46,1100.0,0.15,1332.7,10.59,69954.1,0.6858,3,2.48,19.4,1.0791,125.85,211.298,1.016,1403.4,0,317.738,106.44,378511.8,171.579
TRIP-1201,VESSEL-003,Capesize Bulk,180000,170000,21000,162.0,LNG,1.15,780.0,0.78,1736.7,12.81,83532.0,0.4914,6,3.67,33.2,1.1748,135.57,200.785,1.048,1782.1,0,283.412,82.627,260561.36,790.719
TRIP-1202,VESSEL-003,Capesize Bulk,180000,170000,21000,162.0,Ammonia,0.46,1100.0,0.15,3763.4,13.99,138255.3,0.8133,3,1.04,25.4,1.0881,269.01,1406.06,1.048,1773.5,1,1857.657,451.597,2078422.7,1003.135
TRIP-1203,VESSEL-004,Feeder Container,22000,18500,9800,180.0,HFO,1.0,620.0,1.0,3294.0,14.83,8943.2,0.4834,4,2.53,24.3,1.1115,222.12,299.538,1.032,845.4,0,377.878,78.34,250084.36,1352.803
TRIP-1204,VESSEL-003,Capesize Bulk,180000,170000,21000,162.0,HFO,1.0,620.0,1.0,1119.3,13.96,116700.1,0.6865,6,3.15,26.5,1.1647,80.18,185.712,1.048,1779.4,1,250.494,64.782,190306.28,896.769
TRIP-1205,VESSEL-004,Feeder Container,22000,18500,9800,180.0,Methanol,0.5,950.0,0.35,3684.5,13.37,8839.1,0.4778,2,1.69,11.1,1.0416,275.58,543.923,1.032,923.9,1,690.596,146.673,667366.2,863.245
TRIP-1206,VESSEL-004,Feeder Container,22000,18500,9800,180.0,HFO,1.0,620.0,1.0,1988.4,15.02,9991.1,0.5401,4,1.79,30.3,1.1204,132.38,187.942,1.032,871.6,1,248.008,60.066,165064.96,887.869
TRIP-1207,VESSEL-005,Neo-Panamax Green,110000,102000,16500,158.0,Ammonia,0.46,1100.0,0.15,3897.0,14.52,82879.6,0.8125,2,1.34,12.4,1.0436,268.39,1197.393,1.016,1371.2,1,1412.457,215.064,1578202.7,762.727
TRIP-1208,VESSEL-004,Feeder Container,22000,18500,9800,180.0,Methanol,0.5,950.0,0.35,1856.8,11.52,9913.0,0.5358,3,1.02,19.4,1.0791,161.18,206.284,1.032,924.1,1,282.135,75.851,279328.25,352.669
TRIP-1209,VESSEL-004,Feeder Container,22000,18500,9800,180.0,HFO,1.0,620.0,1.0,908.8,15.77,8959.2,0.4843,4,2.87,25.8,1.1137,57.63,93.47,1.032,852.9,0,115.858,22.388,87631.96,414.772
TRIP-1210,VESSEL-004,Feeder Container,22000,18500,9800,180.0,HFO,1.0,620.0,1.0,4101.1,13.95,14973.0,0.8094,5,2.53,40.0,1.16,293.99,355.299,1.032,834.4,0,474.198,118.899,309802.76,1697.629
TRIP-1211,VESSEL-005,Neo-Panamax Green,110000,102000,16500,158.0,Methanol,0.5,950.0,0.35,2680.7,14.53,44741.0,0.4386,3,2.65,24.4,1.0866,184.49,691.689,1.016,1464.6,1,876.146,184.457,856838.7,1095.182
TRIP-1212,VESSEL-001,Handysize Bulk,35000,32000,7200,175.0,HFO,1.0,620.0,1.0,3193.1,9.19,14702.9,0.4595,2,1.21,9.0,1.0385,347.45,79.946,1.064,718.1,0,133.843,53.897,100732.66,479.158
TRIP-1213,VESSEL-004,Feeder Container,22000,18500,9800,180.0,Methanol,0.5,950.0,0.35,591.2,11.04,12056.2,0.6517,5,3.06,21.5,1.1322,53.55,61.945,1.032,845.0,1,91.36,29.415,98092.0,114.2
TRIP-1214,VESSEL-004,Feeder Container,22000,18500,9800,180.0,HFO,1.0,620.0,1.0,2778.8,14.38,13354.2,0.7218,4,3.15,19.3,1.1039,193.24,250.914,1.032,857.7,1,316.935,66.021,207799.7,1134.627
TRIP-1215,VESSEL-003,Capesize Bulk,180000,170000,21000,162.0,Ammonia,0.46,1100.0,0.15,3220.2,13.71,169414.3,0.9966,2,1.62,12.6,1.0439,234.88,1206.254,1.048,1733.6,1,1533.766,327.512,1722142.6,828.234
TRIP-1216,VESSEL-004,Feeder Container,22000,18500,9800,180.0,HFO,1.0,620.0,1.0,4027.2,15.07,16899.2,0.9135,4,2.52,16.1,1.0991,267.23,416.424,1.032,838.0,0,506.303,89.879,329707.86,1812.565
TRIP-1217,VESSEL-002,Panamax Bulk,75000,70000,12500,168.0,Methanol,0.5,950.0,0.35,1832.2,11.03,38374.5,0.5482,3,1.08,12.6,1.0689,166.11,225.897,1.04,1117.4,1,304.456,78.559,308483.2,380.57
TRIP-1218,VESSEL-001,Handysize Bulk,35000,32000,7200,175.0,Methanol,0.5,950.0,0.35,1858.1,11.99,31497.7,0.9843,2,1.69,9.9,1.0398,154.97,179.567,1.064,709.4,0,251.059,71.492,256256.05,313.824
TRIP-1219,VESSEL-005,Neo-Panamax Green,110000,102000,16500,158.0,Methanol,0.5,950.0,0.35,1718.3,16.46,73160.0,0.7173,2,1.05,15.8,1.0487,104.39,610.107,1.016,1408.5,0,715.607,105.5,708826.65,894.509
TRIP-1220,VESSEL-002,Panamax Bulk,75000,70000,12500,168.0,Methanol,0.5,950.0,0.35,4106.3,10.42,56689.5,0.8098,2,1.53,9.0,1.0385,394.08,481.827,1.04,1088.2,1,661.463,179.636,647639.85,826.829
TRIP-1221,VESSEL-005,Neo-Panamax Green,110000,102000,16500,158.0,LNG,1.15,780.0,0.78,3994.4,13.71,94217.3,0.9237,2,0.93,18.8,1.0532,291.35,449.189,1.016,1397.0,0,534.849,85.66,446182.22,1492.229
TRIP-1222,VESSEL-002,Panamax Bulk,75000,70000,12500,168.0,Methanol,0.5,950.0,0.35,1598.6,14.64,64660.5,0.9237,4,2.06,17.7,1.1016,109.19,380.295,1.04,1125.8,1,493.806,113.511,488365.7,617.257
TRIP-1223,VESSEL-004,Feeder Container,22000,18500,9800,180.0,Methanol,0.5,950.0,0.35,893.3,13.49,8517.3,0.4604,5,4.49,23.3,1.135,66.22,133.702,1.032,839.5,0,176.271,42.569,183257.45,220.339
TRIP-1224,VESSEL-002,Panamax Bulk,75000,70000,12500,168.0,Ammonia,0.46,1100.0,0.15,3136.5,10.71,59728.9,0.8533,3,1.6,24.7,1.0871,292.86,426.981,1.04,1147.0,0,593.824,166.843,676956.4,320.665
TRIP-1225,VESSEL-001,Handysize Bulk,35000,32000,7200,175.0,LNG,1.15,780.0,0.78,2114.9,11.89,13098.0,0.4093,3,1.84,16.6,1.0749,177.87,76.089,1.064,680.2,0,106.568,30.479,100873.04,297.325
TRIP-1226,VESSEL-001,Handysize Bulk,35000,32000,7200,175.0,Methanol,0.5,950.0,0.35,1134.6,9.58,11664.8,0.3645,3,2.17,14.8,1.0722,118.43,60.243,1.064,692.8,0,101.035,40.792,113733.25,126.294
TRIP-1227,VESSEL-002,Panamax Bulk,75000,70000,12500,168.0,LNG,1.15,780.0,0.78,3008.3,11.08,56817.4,0.8117,3,2.36,15.3,1.073,271.51,173.608,1.04,1096.1,1,231.399,57.791,199741.22,645.603
TRIP-1228,VESSEL-003,Capesize Bulk,180000,170000,21000,162.0,Ammonia,0.46,1100.0,0.15,1089.4,13.24,115911.9,0.6818,3,2.11,24.9,1.0874,82.28,353.036,1.048,1811.6,0,461.282,108.246,546910.2,249.092
TRIP-1229,VESSEL-001,Handysize Bulk,35000,32000,7200,175.0,Methanol,0.5,950.0,0.35,2239.9,9.46,13325.2,0.4164,3,1.38,21.0,1.0815,236.78,117.548,1.064,696.3,0,204.695,87.147,212210.25,255.869
TRIP-1230,VESSEL-001,Handysize Bulk,35000,32000,7200,175.0,HFO,1.0,620.0,1.0,3859.5,13.42,22369.8,0.6991,1,0.65,8.5,1.0128,287.59,218.644,1.064,692.0,1,268.931,50.287,179987.22,962.773
TRIP-1231,VESSEL-005,Neo-Panamax Green,110000,102000,16500,158.0,Hydrogen,2.98,2800.0,0.08,1933.7,15.53,54848.5,0.5377,3,1.9,25.5,1.0882,124.51,98.093,1.016,1388.7,1,122.539,24.446,367609.2,35.536
TRIP-1232,VESSEL-005,Neo-Panamax Green,110000,102000,16500,158.0,LNG,1.15,780.0,0.78,2060.0,12.35,40149.3,0.3936,3,2.68,18.0,1.077,166.8,165.009,1.016,1400.6,0,209.775,44.766,192624.5,585.272
TRIP-1233,VESSEL-004,Feeder Container,22000,18500,9800,180.0,HFO,1.0,620.0,1.0,4185.2,14.91,16696.0,0.9025,3,1.52,14.6,1.0719,280.7,422.635,1.032,834.5,1,550.621,127.986,352685.02,1971.223
TRIP-1234,VESSEL-002,Panamax Bulk,75000,70000,12500,168.0,Methanol,0.5,950.0,0.35,3609.2,15.0,53077.8,0.7583,2,1.63,15.4,1.0481,240.61,866.815,1.04,1067.0,0,1057.486,190.671,1028361.7,1321.858
TRIP-1235,VESSEL-004,Feeder Container,22000,18500,9800,180.0,Methanol,0.5,950.0,0.35,1659.9,11.23,12037.0,0.6506,4,3.22,22.1,1.1081,147.81,179.92,1.032,876.7,0,255.383,75.463,258413.85,319.229
TRIP-1236,VESSEL-004,Feeder Container,22000,18500,9800,180.0,Hydrogen,2.98,2800.0,0.08,3645.1,12.75,10217.2,0.5523,3,1.16,22.2,1.0833,285.89,83.548,1.032,854.7,0,111.921,28.373,329178.8,32.457
TRIP-1237,VESSEL-001,Handysize Bulk,35000,32000,7200,175.0,HFO,1.0,620.0,1.0,4060.4,12.81,31482.1,0.9838,2,0.72,9.6,1.0394,316.97,223.928,1.064,696.2,0,297.333,73.405,202096.46,1064.452
TRIP-1238,VESSEL-001,Handysize Bulk,35000,32000,7200,175.0,LNG,1.15,780.0,0.78,2133.0,11.66,26359.8,0.8237,2,0.95,10.3,1.0404,182.93,81.697,1.064,652.6,0,113.967,32.27,106644.26,317.968
TRIP-1239,VESSEL-002,Panamax Bulk,75000,70000,12500,168.0,Ammonia,0.46,1100.0,0.15,2033.2,10.27,26065.4,0.3724,2,0.82,11.2,1.0418,197.97,225.677,1.04,1074.8,1,326.585,100.908,378493.5,176.356
TRIP-1240,VESSEL-004,Feeder Container,22000,18500,9800,180.0,Methanol,0.5,950.0,0.35,2724.8,13.29,8548.7,0.4621,4,1.96,25.2,1.1128,205.03,395.985,1.032,903.1,0,534.52,138.535,523594.0,668.15
TRIP-1241,VESSEL-005,Neo-Panamax Green,110000,102000,16500,158.0,Methanol,0.5,950.0,0.35,2798.2,15.4,39987.3,0.392,2,1.27,18.5,1.0527,181.7,801.262,1.016,1457.9,0,921.792,120.53,904702.4,1152.24
TRIP-1242,VESSEL-002,Panamax Bulk,75000,70000,12500,168.0,Methanol,0.5,950.0,0.35,504.9,10.19,49492.0,0.707,2,0.86,18.7,1.053,49.55,55.273,1.04,1122.7,0,80.718,25.445,100432.1,100.898
TRIP-1243,VESSEL-005,Neo-Panamax Green,110000,102000,16500,158.0,Methanol,0.5,950.0,0.35,2484.8,13.62,49851.6,0.4887,4,2.68,26.8,1.1152,182.44,570.694,1.016,1424.1,1,711.702,141.008,700616.9,889.628
TRIP-1244,VESSEL-005,Neo-Panamax Green,110000,102000,16500,158.0,Hydrogen,2.98,2800.0,0.08,2103.6,11.59,42257.4,0.4143,2,1.12,16.1,1.0491,181.5,57.58,1.016,1438.3,0,78.708,21.128,249382.4,22.825
TRIP-1245,VESSEL-003,Capesize Bulk,180000,170000,21000,162.0,HFO,1.0,620.0,1.0,1717.7,15.57,97901.4,0.5759,3,1.34,21.1,1.0817,110.32,344.812,1.048,1813.2,1,450.831,106.019,314515.22,1613.975
TRIP-1246,VESSEL-002,Panamax Bulk,75000,70000,12500,168.0,HFO,1.0,620.0,1.0,3973.9,10.6,65155.6,0.9308,4,3.41,21.2,1.1068,374.9,248.215,1.04,1074.8,0,360.261,112.046,247111.82,1289.734
TRIP-1247,VESSEL-001,Handysize Bulk,35000,32000,7200,175.0,HFO,1.0,620.0,1.0,2114.3,12.74,22961.2,0.7175,3,1.26,18.0,1.077,165.96,108.428,1.064,676.2,1,145.156,36.728,103246.72,519.658
TRIP-1248,VESSEL-004,Feeder Container,22000,18500,9800,180.0,HFO,1.0,620.0,1.0,631.5,11.14,15188.7,0.821,7,5.77,35.7,1.2035,56.69,34.979,1.032,859.7,0,53.544,18.565,48997.28,191.688
TRIP-1249,VESSEL-004,Feeder Container,22000,18500,9800,180.0,Methanol,0.5,950.0,0.35,2798.2,13.61,10302.3,0.5569,2,1.62,16.9,1.0503,205.6,436.027,1.032,881.6,0,537.375,101.348,526306.25,671.719
TRIP-1250,VESSEL-002,Panamax Bulk,75000,70000,12500,168.0,HFO,1.0,620.0,1.0,3827.6,12.25,50306.0,0.7187,6,4.08,41.6,1.1874,312.46,303.633,1.04,1058.4,0,446.161,142.528,300369.82,1597.256
TRIP-1251,VESSEL-002,Panamax Bulk,75000,70000,12500,168.0,LNG,1.15,780.0,0.78,1641.8,12.09,44791.4,0.6399,3,1.23,20.8,1.0812,135.8,108.199,1.04,1067.4,0,145.561,37.362,137287.58,406.115
TRIP-1252,VESSEL-001,Handysize Bulk,35000,32000,7200,175.0,HFO,1.0,620.0,1.0,3350.5,12.98,22660.6,0.7081,3,2.21,17.7,1.0766,258.13,177.957,1.064,654.0,1,233.921,55.964,158281.02,837.437
TRIP-1253,VESSEL-004,Feeder Container,22000,18500,9800,180.0,Hydrogen,2.98,2800.0,0.08,3068.0,14.22,13275.1,0.7176,4,3.35,22.0,1.108,215.75,90.818,1.032,929.1,1,120.505,29.687,348714.0,34.946
TRIP-1254,VESSEL-005,Neo-Panamax Green,110000,102000,16500,158.0,Methanol,0.5,950.0,0.35,2390.9,10.5,83852.8,0.8221,4,2.34,21.3,1.1069,227.7,354.216,1.016,1398.5,1,530.114,175.898,528108.3,662.643
TRIP-1255,VESSEL-003,Capesize Bulk,180000,170000,21000,162.0,Ammonia,0.46,1100.0,0.15,1782.0,15.22,147558.7,0.868,4,1.83,21.6,1.1074,117.08,798.319,1.048,1740.8,1,1008.773,210.454,1144650.3,544.737
TRIP-1256,VESSEL-001,Handysize Bulk,35000,32000,7200,175.0,HFO,1.0,620.0,1.0,3665.0,10.84,27393.8,0.8561,3,1.58,22.5,1.0837,338.1,140.578,1.064,717.3,1,211.165,70.587,144172.3,755.971
TRIP-1257,VESSEL-005,Neo-Panamax Green,110000,102000,16500,158.0,Methanol,0.5,950.0,0.35,1197.1,14.03,90824.2,0.8904,4,2.63,31.2,1.1218,85.32,321.744,1.016,1387.2,0,425.234,103.49,432972.3,531.543
TRIP-1258,VESSEL-004,Feeder Container,22000,18500,9800,180.0,HFO,1.0,620.0,1.0,1175.4,12.96,18205.9,0.9841,3,2.26,21.2,1.0818,90.69,91.241,1.032,892.1,1,116.8,25.559,83716.0,418.144
TRIP-1259,VESSEL-004,Feeder Container,22000,18500,9800,180.0,HFO,1.0,620.0,1.0,2222.8,13.1,12813.7,0.6926,7,3.73,38.1,1.2071,169.68,165.485,1.032,884.4,1,236.874,71.389,158161.88,848.009
TRIP-1260,VESSEL-002,Panamax Bulk,75000,70000,12500,168.0,Methanol,0.5,950.0,0.35,4135.5,14.26,26062.1,0.3723,5,3.24,22.2,1.1333,290.01,814.2,1.04,1071.5,0,1075.34,261.14,1045323.0,1344.175
TRIP-1261,VESSEL-003,Capesize Bulk,180000,170000,21000,162.0,LNG,1.15,780.0,0.78,2143.4,12.99,163873.9,0.964,4,2.85,30.8,1.1212,165.0,286.144,1.048,1733.4,1,397.738,111.594,345235.64,1109.689
TRIP-1262,VESSEL-003,Capesize Bulk,180000,170000,21000,162.0,LNG,1.15,780.0,0.78,619.7,11.47,115376.1,0.6787,3,1.9,21.3,1.0819,54.03,60.243,1.048,1823.0,1,84.044,23.801,100554.32,234.483
TRIP-1263,VESSEL-004,Feeder Container,22000,18500,9800,180.0,Methanol,0.5,950.0,0.35,3266.0,14.46,17847.5,0.9647,4,1.31,25.3,1.1129,225.86,628.661,1.032,880.7,0,797.109,168.448,773053.55,996.386
TRIP-1264,VESSEL-003,Capesize Bulk,180000,170000,21000,162.0,LNG,1.15,780.0,0.78,2565.6,10.78,154244.3,0.9073,5,3.99,25.6,1.1384,238.0,232.793,1.048,1784.8,0,351.708,118.915,313832.24,981.265
TRIP-1265,VESSEL-005,Neo-Panamax Green,110000,102000,16500,158.0,LNG,1.15,780.0,0.78,1620.2,12.83,61800.7,0.6059,3,1.35,17.2,1.0758,126.28,147.87,1.016,1450.0,1,190.212,42.342,172865.36,530.691
TRIP-1266,VESSEL-002,Panamax Bulk,75000,70000,12500,168.0,Ammonia,0.46,1100.0,0.15,1311.0,9.82,64956.1,0.9279,4,2.6,25.4,1.1131,133.5,152.675,1.04,1135.9,0,246.278,93.603,294655.8,132.99
TRIP-1267,VESSEL-005,Neo-Panamax Green,110000,102000,16500,158.0,LNG,1.15,780.0,0.78,3818.3,14.93,83990.4,0.8234,1,0.39,8.8,1.0132,255.75,497.443,1.016,1431.9,1,572.845,75.402,471319.1,1598.238
TRIP-1268,VESSEL-005,Neo-Panamax Green,110000,102000,16500,158.0,Methanol,0.5,950.0,0.35,4029.4,13.39,89671.8,0.8791,2,0.9,18.3,1.0524,300.93,983.905,1.016,1409.6,1,1204.799,220.894,1169059.05,1505.999
TRIP-1269,VESSEL-003,Capesize Bulk,180000,170000,21000,162.0,Ammonia,0.46,1100.0,0.15,3388.7,13.16,118931.1,0.6996,2,1.18,18.7,1.053,257.5,1089.715,1.048,1797.2,0,1421.13,331.415,1602743.0,767.41
TRIP-1270,VESSEL-001,Handysize Bulk,35000,32000,7200,175.0,LNG,1.15,780.0,0.78,605.8,13.98,14520.6,0.4538,5,3.96,39.5,1.1593,43.33,30.475,1.064,631.8,0,41.483,11.008,50106.74,115.738
TRIP-1271,VESSEL-004,Feeder Container,22000,18500,9800,180.0,Methanol,0.5,950.0,0.35,1829.5,15.78,13762.3,0.7439,1,0.68,8.6,1.0129,115.94,399.821,1.032,845.3,1,462.037,62.216,450235.15,577.546
TRIP-1272,VESSEL-002,Panamax Bulk,75000,70000,12500,168.0,Methanol,0.5,950.0,0.35,3787.8,12.04,49859.2,0.7123,2,0.76,13.4,1.0451,314.6,579.615,1.04,1124.7,0,774.234,194.619,759272.3,967.793
TRIP-1273,VESSEL-001,Handysize Bulk,35000,32000,7200,175.0,HFO,1.0,620.0,1.0,2286.9,9.1,11898.0,0.3718,2,1.61,14.6,1.0469,251.31,54.888,1.064,671.4,0,93.859,38.971,75942.58,336.015
TRIP-1274,VESSEL-004,Feeder Container,22000,18500,9800,180.0,Hydrogen,2.98,2800.0,0.08,581.2,13.92,13206.4,0.7139,5,4.21,30.9,1.1463,41.75,16.472,1.032,891.7,1,20.498,4.026,68694.4,5.944
TRIP-1275,VESSEL-003,Capesize Bulk,180000,170000,21000,162.0,LNG,1.15,780.0,0.78,886.4,11.33,133979.5,0.7881,3,1.79,17.3,1.0759,78.23,86.353,1.048,1748.5,1,116.458,30.105,125837.24,324.918
TRIP-1276,VESSEL-001,Handysize Bulk,35000,32000,7200,175.0,LNG,1.15,780.0,0.78,3730.2,14.33,14198.6,0.4437,2,1.31,14.0,1.046,260.31,196.672,1.064,681.7,1,241.422,44.75,201559.16,673.567
TRIP-1277,VESSEL-002,Panamax Bulk,75000,70000,12500,168.0,Ammonia,0.46,1100.0,0.15,1314.4,11.41,63304.0,0.9043,2,0.62,10.3,1.0404,115.2,205.533,1.04,1101.9,0,264.804,59.271,315034.4,142.994
TRIP-1278,VESSEL-005,Neo-Panamax Green,110000,102000,16500,158.0,Hydrogen,2.98,2800.0,0.08,3830.1,15.31,101856.6,0.9986,5,3.89,32.3,1.1485,250.17,210.852,1.016,1382.9,1,270.404,59.552,781631.2,78.417
TRIP-1279,VESSEL-001,Handysize Bulk,35000,32000,7200,175.0,Methanol,0.5,950.0,0.35,3643.2,10.73,30777.4,0.9618,4,2.43,29.4,1.1191,339.53,280.54,1.064,643.9,0,422.354,141.814,418986.3,527.942
TRIP-1280,VESSEL-002,Panamax Bulk,75000,70000,12500,168.0,Methanol,0.5,950.0,0.35,3323.2,12.44,26311.2,0.3759,2,1.36,8.9,1.0383,267.14,498.39,1.04,1144.7,0,658.184,159.794,649024.8,822.73
TRIP-1281,VESSEL-005,Neo-Panamax Green,110000,102000,16500,158.0,Ammonia,0.46,1100.0,0.15,3701.1,15.29,40538.8,0.3974,3,1.95,22.6,1.0839,242.06,1137.185,1.016,1396.6,0,1421.237,284.052,1592360.7,767.468
TRIP-1282,VESSEL-004,Feeder Container,22000,18500,9800,180.0,Methanol,0.5,950.0,0.35,1282.6,11.85,8751.7,0.4731,3,2.32,16.4,1.0746,108.24,148.578,1.032,842.5,1,200.287,51.709,201572.65,250.359
TRIP-1283,VESSEL-005,Neo-Panamax Green,110000,102000,16500,158.0,Hydrogen,2.98,2800.0,0.08,2389.5,12.79,46922.7,0.46,3,1.29,22.1,1.0832,186.83,80.604,1.016,1433.1,0,101.999,21.395,314597.2,29.58
TRIP-1284,VESSEL-002,Panamax Bulk,75000,70000,12500,168.0,HFO,1.0,620.0,1.0,2038.5,12.05,30667.1,0.4381,2,1.39,16.6,1.0499,169.17,145.793,1.04,1105.0,1,197.462,51.669,141676.44,706.914
TRIP-1285,VESSEL-002,Panamax Bulk,75000,70000,12500,168.0,LNG,1.15,780.0,0.78,3201.3,15.46,55368.4,0.791,2,0.69,11.0,1.0415,207.07,357.904,1.04,1074.9,1,418.065,60.161,345340.7,1166.401
TRIP-1286,VESSEL-004,Feeder Container,22000,18500,9800,180.0,HFO,1.0,620.0,1.0,3531.3,11.67,12426.7,0.6717,4,3.45,18.4,1.1026,302.6,207.66,1.032,871.6,0,283.431,75.771,191527.22,1014.683
TRIP-1287,VESSEL-005,Neo-Panamax Green,110000,102000,16500,158.0,Hydrogen,2.98,2800.0,0.08,1205.7,14.15,86006.0,0.8432,3,2.37,22.8,1.0842,85.21,54.703,1.016,1450.3,1,70.769,16.066,222653.2,20.523
TRIP-1288,VESSEL-002,Panamax Bulk,75000,70000,12500,168.0,Methanol,0.5,950.0,0.35,1814.0,15.47,25122.3,0.3589,2,0.91,10.4,1.0406,117.26,418.821,1.04,1120.9,0,479.929,61.108,479682.55,599.911
TRIP-1289,VESSEL-001,Handysize Bulk,35000,32000,7200,175.0,HFO,1.0,620.0,1.0,1435.5,12.81,16416.7,0.513,3,2.27,24.3,1.0865,112.06,70.786,1.064,711.2,1,97.57,26.784,73743.4,349.301
TRIP-1290,VESSEL-002,Panamax Bulk,75000,70000,12500,168.0,LNG,1.15,780.0,0.78,4073.8,14.87,25029.0,0.3576,3,2.34,13.8,1.0707,273.96,377.699,1.04,1089.6,0,476.77,99.071,395630.6,1330.188
TRIP-1291,VESSEL-003,Capesize Bulk,180000,170000,21000,162.0,LNG,1.15,780.0,0.78,534.2,10.74,148536.9,0.8737,2,0.81,14.5,1.0467,49.74,47.733,1.048,1755.4,1,67.03,19.297,87283.4,187.014
TRIP-1292,VESSEL-004,Feeder Container,22000,18500,9800,180.0,HFO,1.0,620.0,1.0,1283.9,15.47,17814.2,0.9629,1,0.62,5.1,1.0076,82.99,141.375,1.032,852.7,1,153.96,12.585,106755.2,551.177
TRIP-1293,VESSEL-004,Feeder Container,22000,18500,9800,180.0,Methanol,0.5,950.0,0.35,2569.4,16.72,12691.3,0.686,4,2.24,18.0,1.102,153.67,622.297,1.032,844.3,0,743.464,121.167,722090.8,929.33
TRIP-1294,VESSEL-004,Feeder Container,22000,18500,9800,180.0,Hydrogen,2.98,2800.0,0.08,594.4,17.86,11022.1,0.5958,4,3.19,18.1,1.1021,33.28,27.002,1.032,847.5,1,33.139,6.137,104089.2,9.61
TRIP-1295,VESSEL-005,Neo-Panamax Green,110000,102000,16500,158.0,Ammonia,0.46,1100.0,0.15,2723.1,11.41,62983.9,0.6175,2,0.85,11.1,1.0416,238.66,492.825,1.016,1421.0,1,687.963,195.138,781259.3,371.5
TRIP-1296,VESSEL-005,Neo-Panamax Green,110000,102000,16500,158.0,Hydrogen,2.98,2800.0,0.08,1725.8,15.83,52532.1,0.515,3,0.93,24.7,1.0871,109.02,90.442,1.016,1374.4,0,109.821,19.379,336498.8,31.848
TRIP-1297,VESSEL-005,Neo-Panamax Green,110000,102000,16500,158.0,LNG,1.15,780.0,0.78,1347.3,14.58,70674.6,0.6929,2,1.69,10.9,1.0413,92.41,162.238,1.016,1398.1,1,188.416,26.178,171464.48,525.681
TRIP-1298,VESSEL-005,Neo-Panamax Green,110000,102000,16500,158.0,Methanol,0.5,950.0,0.35,549.7,16.43,80117.2,0.7855,2,1.42,16.4,1.0496,33.46,197.7,1.016,1454.0,0,228.326,30.626,245909.7,285.407
TRIP-1299,VESSEL-004,Feeder Container,22000,18500,9800,180.0,Methanol,0.5,950.0,0.35,1875.0,16.32,7055.1,0.3814,2,1.06,9.8,1.0397,114.89,403.047,1.032,843.8,1,491.392,88.345,478122.4,614.24
TRIP-1300,VESSEL-002,Panamax Bulk,75000,70000,12500,168.0,Ammonia,0.46,1100.0,0.15,3058.8,12.63,47993.0,0.6856,1,0.73,8.7,1.0131,242.19,556.225,1.04,1069.8,0,698.835,142.61,792468.5,377.371
TRIP-1301,VESSEL-001,Handysize Bulk,35000,32000,7200,175.0,Methanol,0.5,950.0,0.35,1738.2,11.89,26974.9,0.843,3,2.58,15.0,1.0725,146.19,159.941,1.064,636.4,1,225.575,65.634,227546.25,281.969
TRIP-1302,VESSEL-005,Neo-Panamax Green,110000,102000,16500,158.0,Hydrogen,2.98,2800.0,0.08,3255.1,15.14,39801.4,0.3902,1,0.69,5.7,1.0086,215.0,151.084,1.016,1439.6,0,171.615,20.531,509522.0,49.768
TRIP-1303,VESSEL-002,Panamax Bulk,75000,70000,12500,168.0,Methanol,0.5,950.0,0.35,1557.9,11.52,52696.2,0.7528,5,3.84,24.9,1.1374,135.23,220.393,1.04,1144.9,1,332.008,111.615,334657.6,415.01
TRIP-1304,VESSEL-005,Neo-Panamax Green,110000,102000,16500,158.0,Hydrogen,2.98,2800.0,0.08,1202.2,16.71,58536.5,0.5739,5,3.61,21.7,1.1326,71.94,71.249,1.016,1381.7,1,85.653,14.404,264328.4,24.839
TRIP-1305,VESSEL-001,Handysize Bulk,35000,32000,7200,175.0,LNG,1.15,780.0,0.78,2892.4,9.44,19559.9,0.6112,3,1.39,20.1,1.0801,306.4,69.016,1.064,719.4,1,112.484,43.468,100987.52,313.83
TRIP-1306,VESSEL-002,Panamax Bulk,75000,70000,12500,168.0,Methanol,0.5,950.0,0.35,1222.5,14.87,60431.9,0.8633,3,1.5,12.1,1.0682,82.21,295.836,1.04,1070.0,0,363.847,68.011,369404.65,454.809
TRIP-1307,VESSEL-005,Neo-Panamax Green,110000,102000,16500,158.0,Hydrogen,2.98,2800.0,0.08,3056.5,15.86,72185.0,0.7077,4,3.22,18.3,1.1024,192.72,168.672,1.016,1436.0,0,204.725,36.053,602230.0,59.37
TRIP-1308,VESSEL-004,Feeder Container,22000,18500,9800,180.0,HFO,1.0,620.0,1.0,3888.1,17.03,11577.7,0.6258,3,1.62,22.5,1.0837,228.31,481.866,1.032,841.3,0,577.42,95.554,373800.4,2067.164
TRIP-1309,VESSEL-003,Capesize Bulk,180000,170000,21000,162.0,LNG,1.15,780.0,0.78,3890.2,12.92,146840.9,0.8638,3,1.97,19.0,1.0785,301.1,501.849,1.048,1828.2,0,674.211,172.362,565384.58,1881.049
TRIP-1310,VESSEL-001,Handysize Bulk,35000,32000,7200,175.0,Methanol,0.5,950.0,0.35,4071.9,14.19,11601.5,0.3625,2,1.58,11.0,1.0415,286.96,474.127,1.064,661.1,0,588.226,114.099,576564.7,735.283
TRIP-1311,VESSEL-004,Feeder Container,22000,18500,9800,180.0,Methanol,0.5,950.0,0.35,557.9,13.44,14380.2,0.7773,1,0.36,7.4,1.0111,41.51,89.098,1.032,915.5,1,106.987,17.889,112937.65,133.734
TRIP-1312,VESSEL-001,Handysize Bulk,35000,32000,7200,175.0,HFO,1.0,620.0,1.0,999.0,11.25,22098.7,0.6906,1,0.39,9.0,1.0135,88.8,39.691,1.064,633.4,0,54.378,14.687,51464.36,194.673
TRIP-1313,VESSEL-004,Feeder Container,22000,18500,9800,180.0,HFO,1.0,620.0,1.0,2987.9,11.77,14105.7,0.7625,4,1.84,21.6,1.1074,253.86,182.385,1.032,888.9,1,243.842,61.457,162482.04,872.954
TRIP-1314,VESSEL-002,Panamax Bulk,75000,70000,12500,168.0,Methanol,0.5,950.0,0.35,2403.0,14.12,68450.7,0.9779,3,2.26,24.3,1.0865,170.18,538.444,1.04,1146.4,0,726.193,187.749,713633.35,907.741
TRIP-1315,VESSEL-001,Handysize Bulk,35000,32000,7200,175.0,LNG,1.15,780.0,0.78,3698.6,11.9,16925.4,0.5289,3,0.9,23.3,1.085,310.81,137.41,1.064,659.0,1,188.507,51.097,160285.46,525.935
TRIP-1316,VESSEL-001,Handysize Bulk,35000,32000,7200,175.0,Methanol,0.5,950.0,0.35,1425.8,14.34,26375.8,0.8242,4,2.58,17.9,1.1018,99.43,190.007,1.064,643.8,0,238.171,48.164,244012.45,297.714
TRIP-1317,VESSEL-001,Handysize Bulk,35000,32000,7200,175.0,LNG,1.15,780.0,0.78,2291.0,10.74,13828.0,0.4321,3,2.16,25.6,1.0884,213.31,67.647,1.064,669.5,1,98.123,30.476,89785.94,273.763
TRIP-1318,VESSEL-004,Feeder Container,22000,18500,9800,180.0,Methanol,0.5,950.0,0.35,2582.2,16.48,10042.9,0.5429,2,1.58,9.2,1.0388,156.69,588.055,1.032,916.9,1,665.025,76.97,643073.75,831.281
TRIP-1319,VESSEL-004,Feeder Container,22000,18500,9800,180.0,Methanol,0.5,950.0,0.35,3274.0,17.57,7007.6,0.3788,1,0.58,5.4,1.0081,186.34,815.202,1.032,848.1,1,906.712,91.51,872676.4,1133.39
TRIP-1320,VESSEL-004,Feeder Container,22000,18500,9800,180.0,Hydrogen,2.98,2800.0,0.08,2197.7,17.86,9574.6,0.5175,2,1.19,16.3,1.0494,123.05,98.045,1.032,886.1,0,110.335,12.29,324738.0,31.997
TRIP-1321,VESSEL-001,Handysize Bulk,35000,32000,7200,175.0,LNG,1.15,780.0,0.78,1666.5,12.88,17624.0,0.5507,1,0.71,8.5,1.0128,129.39,72.929,1.064,660.9,1,93.866,20.937,86465.48,261.886
TRIP-1322,VESSEL-003,Capesize Bulk,180000,170000,21000,162.0,LNG,1.15,780.0,0.78,1569.1,13.82,132430.3,0.779,2,0.79,15.0,1.0475,113.54,226.949,1.048,1817.3,0,297.197,70.248,271313.66,829.18
TRIP-1323,VESSEL-001,Handysize Bulk,35000,32000,7200,175.0,Methanol,0.5,950.0,0.35,3758.2,13.16,28515.8,0.8911,3,2.45,12.2,1.0683,285.58,428.372,1.064,636.7,0,561.581,133.209,551251.95,701.976
TRIP-1324,VESSEL-001,Handysize Bulk,35000,32000,7200,175.0,LNG,1.15,780.0,0.78,3720.5,11.6,17662.6,0.552,2,1.02,16.5,1.0497,320.73,132.098,1.064,629.0,1,179.415,47.317,153193.7,500.568
TRIP-1325,VESSEL-003,Capesize Bulk,180000,170000,21000,162.0,HFO,1.0,620.0,1.0,1681.7,15.59,156330.8,0.9196,3,1.04,15.6,1.0734,107.87,368.064,1.048,1739.4,0,459.173,91.109,324187.26,1643.839
TRIP-1326,VESSEL-004,Feeder Container,22000,18500,9800,180.0,Hydrogen,2.98,2800.0,0.08,3709.5,12.63,17655.9,0.9544,1,0.38,8.0,1.012,293.71,91.202,1.032,880.1,1,111.117,19.915,322427.6,32.224
TRIP-1327,VESSEL-003,Capesize Bulk,180000,170000,21000,162.0,Ammonia,0.46,1100.0,0.15,1364.4,13.87,127608.9,0.7506,3,1.3,14.1,1.0712,98.37,493.511,1.048,1787.3,0,608.158,114.647,708473.8,328.405
TRIP-1328,VESSEL-003,Capesize Bulk,180000,170000,21000,162.0,HFO,1.0,620.0,1.0,4041.4,14.21,63787.9,0.3752,1,0.83,11.2,1.0168,284.41,641.241,1.048,1782.4,0,767.1,125.859,515102.0,2746.218
TRIP-1329,VESSEL-003,Capesize Bulk,180000,170000,21000,162.0,Ammonia,0.46,1100.0,0.15,2538.3,13.77,154282.4,0.9075,3,2.41,25.7,1.0886,184.34,939.554,1.048,1794.5,1,1219.889,280.335,1376877.9,658.74
TRIP-1330,VESSEL-001,Handysize Bulk,35000,32000,7200,175.0,HFO,1.0,620.0,1.0,2629.9,12.88,17877.1,0.5587,3,1.47,16.9,1.0754,204.18,132.607,1.064,702.2,1,184.077,51.47,127377.74,658.996
TRIP-1331,VESSEL-004,Feeder Container,22000,18500,9800,180.0,Methanol,0.5,950.0,0.35,2224.7,16.86,17094.4,0.924,2,1.74,17.7,1.0515,131.95,577.167,1.032,858.4,1,668.331,91.164,646214.45,835.414
TRIP-1332,VESSEL-002,Panamax Bulk,75000,70000,12500,168.0,HFO,1.0,620.0,1.0,2089.4,12.05,65020.1,0.9289,3,2.62,16.2,1.0743,173.39,168.572,1.04,1078.9,1,219.827,51.255,155542.74,786.981
TRIP-1333,VESSEL-002,Panamax Bulk,75000,70000,12500,168.0,LNG,1.15,780.0,0.78,911.7,14.49,28846.9,0.4121,5,3.12,34.4,1.1516,62.92,81.431,1.04,1072.5,0,109.882,28.451,109457.96,306.571
TRIP-1334,VESSEL-001,Handysize Bulk,35000,32000,7200,175.0,LNG,1.15,780.0,0.78,1135.8,11.75,19984.9,0.6245,3,1.25,14.9,1.0724,96.66,42.123,1.064,644.7,1,58.14,16.017,58599.2,162.211
TRIP-1335,VESSEL-002,Panamax Bulk,75000,70000,12500,168.0,HFO,1.0,620.0,1.0,602.5,10.89,67721.6,0.9675,2,1.28,16.1,1.0491,55.33,40.06,1.04,1103.8,1,55.706,15.646,53787.72,199.427
TRIP-1336,VESSEL-003,Capesize Bulk,180000,170000,21000,162.0,Ammonia,0.46,1100.0,0.15,741.0,10.08,83505.7,0.4912,4,3.01,29.8,1.1197,73.51,132.608,1.048,1730.4,1,209.433,76.825,265376.3,113.094
TRIP-1337,VESSEL-002,Panamax Bulk,75000,70000,12500,168.0,HFO,1.0,620.0,1.0,811.2,10.43,54065.5,0.7724,2,1.17,15.2,1.0478,77.78,47.261,1.04,1064.6,0,66.761,19.5,65141.82,239.004
TRIP-1338,VESSEL-004,Feeder Container,22000,18500,9800,180.0,HFO,1.0,620.0,1.0,2120.7,13.77,14336.8,0.775,4,2.93,18.2,1.1023,154.01,177.669,1.032,838.9,1,224.132,46.463,150261.84,802.393
TRIP-1339,VESSEL-005,Neo-Panamax Green,110000,102000,16500,158.0,LNG,1.15,780.0,0.78,1869.6,15.67,99255.7,0.9731,4,3.27,18.1,1.1021,119.31,277.781,1.016,1454.6,1,348.141,70.36,296049.98,971.313
TRIP-1340,VESSEL-002,Panamax Bulk,75000,70000,12500,168.0,HFO,1.0,620.0,1.0,3786.8,13.94,44560.1,0.6366,4,3.09,23.8,1.1107,271.65,381.229,1.04,1053.8,1,475.149,93.92,313842.38,1701.033
TRIP-1341,VESSEL-004,Feeder Container,22000,18500,9800,180.0,Hydrogen,2.98,2800.0,0.08,4151.2,12.0,17839.6,0.9643,1,0.39,7.4,1.0111,345.93,92.325,1.032,852.6,1,113.003,20.678,327708.4,32.771
TRIP-1342,VESSEL-003,Capesize Bulk,180000,170000,21000,162.0,Ammonia,0.46,1100.0,0.15,4138.1,10.57,106808.1,0.6283,2,1.65,17.3,1.0509,391.49,843.342,1.048,1825.2,1,1221.463,378.121,1378609.3,659.59
TRIP-1343,VESSEL-004,Feeder Container,22000,18500,9800,180.0,Methanol,0.5,950.0,0.35,4160.2,11.53,12040.5,0.6508,4,3.51,29.3,1.1189,360.82,475.371,1.032,921.5,1,695.596,220.225,672116.2,869.495
TRIP-1344,VESSEL-002,Panamax Bulk,75000,70000,12500,168.0,Ammonia,0.46,1100.0,0.15,2182.0,10.07,60217.5,0.8602,3,1.24,21.3,1.0819,216.68,263.027,1.04,1105.1,0,405.363,142.336,469649.3,218.896
TRIP-1345,VESSEL-002,Panamax Bulk,75000,70000,12500,168.0,Ammonia,0.46,1100.0,0.15,3905.4,13.08,66581.7,0.9512,2,1.48,16.5,1.0497,298.58,811.265,1.04,1130.9,1,1023.514,212.249,1145115.4,552.698
TRIP-1346,VESSEL-005,Neo-Panamax Green,110000,102000,16500,158.0,Ammonia,0.46,1100.0,0.15,4139.0,10.82,75852.9,0.7437,2,1.37,11.3,1.0419,382.53,694.677,1.016,1459.9,1,972.858,278.181,1094643.8,525.343
TRIP-1347,VESSEL-004,Feeder Container,22000,18500,9800,180.0,Methanol,0.5,950.0,0.35,951.6,12.83,11675.6,0.6311,1,0.71,7.3,1.011,74.17,134.035,1.032,906.6,0,167.097,33.062,174542.15,208.871
TRIP-1348,VESSEL-005,Neo-Panamax Green,110000,102000,16500,158.0,Ammonia,0.46,1100.0,0.15,3562.6,13.81,41189.9,0.4038,3,1.9,13.9,1.0709,257.97,894.463,1.016,1398.7,1,1101.263,206.8,1235889.3,594.682
TRIP-1349,VESSEL-002,Panamax Bulk,75000,70000,12500,168.0,HFO,1.0,620.0,1.0,1775.6,10.6,24903.4,0.3558,3,1.23,18.9,1.0784,167.51,96.156,1.04,1083.8,1,135.887,39.731,103499.94,486.475
TRIP-1350,VESSEL-001,Handysize Bulk,35000,32000,7200,175.0,LNG,1.15,780.0,0.78,1818.3,9.94,20201.2,0.6313,3,2.35,24.4,1.0866,182.93,48.342,1.064,650.9,1,74.929,26.587,71694.62,209.052
TRIP-1351,VESSEL-002,Panamax Bulk,75000,70000,12500,168.0,HFO,1.0,620.0,1.0,3551.8,11.14,69338.3,0.9905,7,2.81,31.7,1.1975,318.83,248.411,1.04,1100.3,1,367.689,119.278,247217.18,1316.327
TRIP-1352,VESSEL-004,Feeder Container,22000,18500,9800,180.0,HFO,1.0,620.0,1.0,2849.3,13.88,13714.7,0.7413,1,0.9,6.9,1.0104,205.28,240.74,1.032,840.2,1,287.855,47.115,189770.1,1030.521
TRIP-1353,VESSEL-002,Panamax Bulk,75000,70000,12500,168.0,Methanol,0.5,950.0,0.35,2816.0,14.4,63260.7,0.9037,5,1.61,35.3,1.153,195.56,645.156,1.04,1117.1,1,860.101,214.945,836345.95,1075.126
TRIP-1354,VESSEL-003,Capesize Bulk,180000,170000,21000,162.0,LNG,1.15,780.0,0.78,1015.8,10.47,148483.3,0.8734,3,2.49,19.8,1.0797,97.02,86.252,1.048,1768.0,0,124.691,38.439,136758.98,347.888
TRIP-1355,VESSEL-003,Capesize Bulk,180000,170000,21000,162.0,HFO,1.0,620.0,1.0,3590.3,12.43,63912.5,0.376,2,0.99,17.6,1.0514,288.84,435.964,1.048,1804.6,1,570.805,134.841,388899.1,2043.482
TRIP-1356,VESSEL-004,Feeder Container,22000,18500,9800,180.0,Hydrogen,2.98,2800.0,0.08,703.7,13.31,6654.9,0.3597,2,1.43,18.0,1.052,52.87,16.793,1.032,929.9,0,22.264,5.471,78139.2,6.457
TRIP-1357,VESSEL-001,Handysize Bulk,35000,32000,7200,175.0,Methanol,0.5,950.0,0.35,1167.1,10.77,28733.5,0.8979,1,0.53,10.9,1.0164,108.37,89.24,1.064,648.1,0,121.02,31.78,132719.0,151.275
TRIP-1358,VESSEL-001,Handysize Bulk,35000,32000,7200,175.0,HFO,1.0,620.0,1.0,2654.7,11.35,21911.5,0.6847,3,2.16,22.1,1.0832,233.89,107.203,1.064,670.0,0,158.37,51.167,115939.4,566.965
TRIP-1359,VESSEL-001,Handysize Bulk,35000,32000,7200,175.0,Methanol,0.5,950.0,0.35,1386.0,9.83,23919.9,0.7475,5,2.48,26.6,1.1399,141.0,85.239,1.064,685.8,0,139.045,53.806,149842.75,173.806
TRIP-1360,VESSEL-003,Capesize Bulk,180000,170000,21000,162.0,HFO,1.0,620.0,1.0,1143.4,14.08,142875.5,0.8404,3,2.54,25.6,1.0884,81.21,200.346,1.048,1795.6,1,251.463,51.117,190907.06,900.238
TRIP-1361,VESSEL-002,Panamax Bulk,75000,70000,12500,168.0,LNG,1.15,780.0,0.78,928.1,12.16,49597.2,0.7085,3,1.73,23.9,1.0858,76.32,62.924,1.04,1125.9,0,82.057,19.133,87754.46,228.939
TRIP-1362,VESSEL-002,Panamax Bulk,75000,70000,12500,168.0,Ammonia,0.46,1100.0,0.15,2079.5,13.58,36468.2,0.521,3,2.28,24.4,1.0866,153.13,419.516,1.04,1119.9,0,561.929,142.413,641871.9,303.442
TRIP-1363,VESSEL-001,Handysize Bulk,35000,32000,7200,175.0,HFO,1.0,620.0,1.0,1249.9,9.72,14935.3,0.4667,2,1.37,18.9,1.0534,128.59,35.073,1.064,713.9,1,57.073,22.0,48635.26,204.321
TRIP-1364,VESSEL-002,Panamax Bulk,75000,70000,12500,168.0,HFO,1.0,620.0,1.0,3530.8,13.9,69761.3,0.9966,3,1.77,23.7,1.0856,254.01,384.99,1.04,1143.6,1,484.373,99.383,319561.26,1734.055
TRIP-1365,VESSEL-005,Neo-Panamax Green,110000,102000,16500,158.0,Hydrogen,2.98,2800.0,0.08,1438.1,16.94,46037.9,0.4514,1,0.46,10.1,1.0151,84.89,84.903,1.016,1455.3,1,97.067,12.164,296287.6,28.149
TRIP-1366,VESSEL-002,Panamax Bulk,75000,70000,12500,168.0,LNG,1.15,780.0,0.78,1312.7,12.41,62614.0,0.8945,3,0.94,25.7,1.0886,105.78,96.907,1.04,1056.7,1,132.711,35.804,122764.58,370.264
TRIP-1367,VESSEL-005,Neo-Panamax Green,110000,102000,16500,158.0,LNG,1.15,780.0,0.78,1021.1,14.11,80738.6,0.7916,3,1.49,12.8,1.0692,72.37,117.926,1.016,1453.3,0,146.409,28.483,143199.02,408.481
TRIP-1368,VESSEL-004,Feeder Container,22000,18500,9800,180.0,Hydrogen,2.98,2800.0,0.08,2729.7,12.34,14820.6,0.8011,2,0.93,12.5,1.0437,221.21,61.985,1.032,903.9,1,79.087,17.102,232743.6,22.935
TRIP-1369,VESSEL-005,Neo-Panamax Green,110000,102000,16500,158.0,Methanol,0.5,950.0,0.35,3764.3,11.88,60588.7,0.594,6,4.38,35.3,1.178,316.86,675.498,1.016,1434.1,1,944.451,268.953,921728.45,1180.564
TRIP-1370,VESSEL-001,Handysize Bulk,35000,32000,7200,175.0,LNG,1.15,780.0,0.78,3175.6,10.91,29901.1,0.9344,1,0.31,8.1,1.0122,291.07,109.236,1.064,674.4,0,148.229,38.993,133368.62,413.559
TRIP-1371,VESSEL-001,Handysize Bulk,35000,32000,7200,175.0,HFO,1.0,620.0,1.0,2313.1,14.43,16857.3,0.5268,3,1.21,14.8,1.0722,160.3,145.239,1.064,717.8,1,186.571,41.332,128924.02,667.924
TRIP-1372,VESSEL-004,Feeder Container,22000,18500,9800,180.0,HFO,1.0,620.0,1.0,635.8,16.54,8528.3,0.461,2,1.52,12.5,1.0437,38.44,71.537,1.032,921.3,1,84.79,13.253,63869.8,303.548
TRIP-1373,VESSEL-002,Panamax Bulk,75000,70000,12500,168.0,LNG,1.15,780.0,0.78,3420.7,13.8,29515.6,0.4217,2,1.01,16.4,1.0496,247.88,277.82,1.04,1145.4,0,361.042,83.222,305362.76,1007.307
TRIP-1374,VESSEL-004,Feeder Container,22000,18500,9800,180.0,Hydrogen,2.98,2800.0,0.08,1496.7,16.65,13988.2,0.7561,2,0.75,18.1,1.0521,89.89,61.262,1.032,851.3,1,70.762,9.5,209433.6,20.521
TRIP-1375,VESSEL-001,Handysize Bulk,35000,32000,7200,175.0,LNG,1.15,780.0,0.78,1936.7,10.94,25106.6,0.7846,2,1.08,16.9,1.0503,177.03,64.705,1.064,722.6,1,96.902,32.197,88833.56,270.357
TRIP-1376,VESSEL-002,Panamax Bulk,75000,70000,12500,168.0,LNG,1.15,780.0,0.78,745.1,15.43,44448.1,0.635,6,4.66,33.2,1.1748,48.29,79.886,1.04,1148.2,0,108.596,28.71,108454.88,302.983
TRIP-1377,VESSEL-002,Panamax Bulk,75000,70000,12500,168.0,Ammonia,0.46,1100.0,0.15,3084.7,13.16,36982.8,0.5283,2,0.73,13.9,1.0458,234.4,585.503,1.04,1105.5,0,725.451,139.948,821746.1,391.744
TRIP-1378,VESSEL-005,Neo-Panamax Green,110000,102000,16500,158.0,Hydrogen,2.98,2800.0,0.08,880.5,13.66,48174.2,0.4723,3,1.51,21.2,1.0818,64.46,33.987,1.016,1462.5,0,43.785,9.798,151598.0,12.698
TRIP-1379,VESSEL-003,Capesize Bulk,180000,170000,21000,162.0,Ammonia,0.46,1100.0,0.15,890.7,12.74,120379.3,0.7081,7,3.13,33.2,1.1998,69.91,268.985,1.048,1782.7,1,367.795,98.81,439574.5,198.609
TRIP-1380,VESSEL-005,Neo-Panamax Green,110000,102000,16500,158.0,Hydrogen,2.98,2800.0,0.08,1517.0,15.33,68693.9,0.6735,4,1.29,25.7,1.1136,98.96,77.566,1.016,1409.8,1,100.447,22.881,305751.6,29.13
TRIP-1381,VESSEL-003,Capesize Bulk,180000,170000,21000,162.0,HFO,1.0,620.0,1.0,2292.8,13.31,138216.1,0.813,2,1.24,18.4,1.0526,172.26,356.644,1.048,1771.0,1,458.398,101.754,319206.76,1641.065
TRIP-1382,VESSEL-004,Feeder Container,22000,18500,9800,180.0,HFO,1.0,620.0,1.0,3754.4,17.27,17973.6,0.9715,3,1.7,22.8,1.0842,217.39,516.16,1.032,908.0,1,631.499,115.339,402829.38,2260.766
TRIP-1383,VESSEL-003,Capesize Bulk,180000,170000,21000,162.0,HFO,1.0,620.0,1.0,3143.5,11.85,109723.1,0.6454,3,1.24,19.6,1.0794,265.27,371.985,1.048,1752.5,1,510.506,138.521,351513.72,1827.611
TRIP-1384,VESSEL-001,Handysize Bulk,35000,32000,7200,175.0,HFO,1.0,620.0,1.0,1020.2,13.45,30759.2,0.9612,1,0.63,6.3,1.0094,75.85,61.71,1.064,708.8,1,77.375,15.665,61222.5,277.002
TRIP-1385,VESSEL-004,Feeder Container,22000,18500,9800,180.0,Methanol,0.5,950.0,0.35,1385.0,14.4,12502.4,0.6758,3,1.7,18.3,1.0775,96.18,248.242,1.032,870.3,0,308.8,60.558,309160.0,386.0
TRIP-1386,VESSEL-004,Feeder Container,22000,18500,9800,180.0,HFO,1.0,620.0,1.0,987.9,12.95,11206.2,0.6057,3,2.15,20.8,1.0812,76.29,70.476,1.032,914.4,1,91.398,20.922,67966.76,327.205
TRIP-1387,VESSEL-002,Panamax Bulk,75000,70000,12500,168.0,HFO,1.0,620.0,1.0,3095.9,14.36,43960.4,0.628,3,1.65,22.6,1.0839,215.59,330.032,1.04,1067.5,0,404.871,74.839,274770.02,1449.438
TRIP-1388,VESSEL-004,Feeder Container,22000,18500,9800,180.0,Hydrogen,2.98,2800.0,0.08,3410.5,15.06,16073.0,0.8688,3,2.68,20.3,1.0805,226.46,117.057,1.032,873.9,1,141.048,23.991,406234.4,40.904
TRIP-1389,VESSEL-003,Capesize Bulk,180000,170000,21000,162.0,LNG,1.15,780.0,0.78,2358.1,12.13,158140.9,0.9302,3,1.28,17.8,1.0767,194.4,272.362,1.048,1816.2,0,362.634,90.272,322354.52,1011.749
TRIP-1390,VESSEL-005,Neo-Panamax Green,110000,102000,16500,158.0,LNG,1.15,780.0,0.78,3917.3,12.03,51132.8,0.5013,4,1.96,29.0,1.1185,325.63,306.154,1.016,1372.2,1,409.865,103.711,344194.7,1143.523
TRIP-1391,VESSEL-002,Panamax Bulk,75000,70000,12500,168.0,HFO,1.0,620.0,1.0,1237.6,10.19,64711.0,0.9244,4,2.19,16.2,1.0993,121.45,71.331,1.04,1123.3,0,103.544,32.213,87947.28,370.688
TRIP-1392,VESSEL-004,Feeder Container,22000,18500,9800,180.0,HFO,1.0,620.0,1.0,816.4,17.59,12415.2,0.6711,5,2.34,24.1,1.1361,46.41,109.049,1.032,862.1,1,139.237,30.188,97626.94,498.468
TRIP-1393,VESSEL-004,Feeder Container,22000,18500,9800,180.0,HFO,1.0,620.0,1.0,1725.4,17.27,8737.8,0.4723,3,1.96,24.9,1.0874,99.91,212.222,1.032,873.5,0,253.886,41.664,173209.32,908.912
TRIP-1394,VESSEL-002,Panamax Bulk,75000,70000,12500,168.0,LNG,1.15,780.0,0.78,620.8,12.22,47548.2,0.6793,1,0.45,8.4,1.0126,50.8,42.203,1.04,1124.0,1,53.36,11.157,60870.8,148.874
TRIP-1395,VESSEL-002,Panamax Bulk,75000,70000,12500,168.0,Ammonia,0.46,1100.0,0.15,1846.0,10.21,60025.2,0.8575,4,2.43,28.6,1.1179,180.8,228.606,1.04,1140.7,1,353.813,125.207,408444.3,191.059
TRIP-1396,VESSEL-005,Neo-Panamax Green,110000,102000,16500,158.0,LNG,1.15,780.0,0.78,972.1,16.55,66060.0,0.6476,3,1.13,19.0,1.0785,58.74,149.169,1.016,1426.1,0,181.291,32.122,170406.98,505.802
TRIP-1397,VESSEL-005,Neo-Panamax Green,110000,102000,16500,158.0,Ammonia,0.46,1100.0,0.15,3603.9,16.6,86973.3,0.8527,3,2.27,18.8,1.0782,217.1,1461.027,1.016,1390.1,0,1713.402,252.375,1913742.2,925.237
TRIP-1398,VESSEL-001,Handysize Bulk,35000,32000,7200,175.0,HFO,1.0,620.0,1.0,2049.4,11.81,24284.4,0.7589,3,0.97,18.1,1.0772,173.53,91.207,1.064,693.3,0,125.298,34.091,95434.76,448.567
TRIP-1399,VESSEL-005,Neo-Panamax Green,110000,102000,16500,158.0,Ammonia,0.46,1100.0,0.15,1937.1,15.85,76030.9,0.7454,3,2.28,24.3,1.0865,122.21,697.931,1.016,1380.4,0,869.756,171.825,985731.6,469.668
TRIP-1400,VESSEL-005,Neo-Panamax Green,110000,102000,16500,158.0,LNG,1.15,780.0,0.78,4199.3,12.88,75668.6,0.7418,3,1.28,14.3,1.0715,326.03,399.312,1.016,1374.2,1,503.617,104.305,417321.26,1405.091
TRIP-1401,VESSEL-005,Neo-Panamax Green,110000,102000,16500,158.0,Hydrogen,2.98,2800.0,0.08,3242.1,11.44,81800.3,0.802,2,1.01,18.9,1.0534,283.4,95.214,1.016,1407.4,1,127.089,31.875,380349.2,36.856
TRIP-1402,VESSEL-005,Neo-Panamax Green,110000,102000,16500,158.0,Hydrogen,2.98,2800.0,0.08,3975.1,14.67,92371.8,0.9056,3,1.33,17.6,1.0764,270.97,196.689,1.016,1445.8,1,250.176,53.487,724992.8,72.551
TRIP-1403,VESSEL-003,Capesize Bulk,180000,170000,21000,162.0,LNG,1.15,780.0,0.78,1429.0,10.31,134967.3,0.7939,3,2.24,19.9,1.0798,138.6,115.441,1.048,1738.3,0,169.136,53.695,171426.08,471.889
TRIP-1404,VESSEL-003,Capesize Bulk,180000,170000,21000,162.0,LNG,1.15,780.0,0.78,750.0,13.02,81949.2,0.4821,2,1.78,13.2,1.0448,57.6,89.356,1.048,1816.7,1,113.802,24.446,123765.56,317.508
TRIP-1405,VESSEL-003,Capesize Bulk,180000,170000,21000,162.0,HFO,1.0,620.0,1.0,3047.1,14.24,80799.1,0.4753,2,1.6,8.9,1.0383,213.98,498.54,1.048,1807.3,1,633.877,135.337,428003.74,2269.28
TRIP-1406,VESSEL-003,Capesize Bulk,180000,170000,21000,162.0,HFO,1.0,620.0,1.0,652.7,13.87,164201.3,0.9659,5,3.33,36.1,1.1542,47.06,114.3,1.048,1768.4,1,149.42,35.12,127640.4,534.924
TRIP-1407,VESSEL-001,Handysize Bulk,35000,32000,7200,175.0,HFO,1.0,620.0,1.0,574.7,11.28,22320.9,0.6975,2,1.37,15.9,1.0488,50.95,22.994,1.064,684.3,0,32.319,9.325,37787.78,115.702
TRIP-1408,VESSEL-004,Feeder Container,22000,18500,9800,180.0,Hydrogen,2.98,2800.0,0.08,3248.4,14.78,7104.0,0.384,2,0.64,13.0,1.0445,219.78,96.151,1.032,920.6,0,113.584,17.433,333835.2,32.939
TRIP-1409,VESSEL-002,Panamax Bulk,75000,70000,12500,168.0,HFO,1.0,620.0,1.0,2646.6,10.16,41046.5,0.5864,2,1.56,16.3,1.0494,260.49,139.771,1.04,1119.6,0,197.502,57.731,146201.24,707.057
TRIP-1410,VESSEL-004,Feeder Container,22000,18500,9800,180.0,Hydrogen,2.98,2800.0,0.08,1800.6,11.54,14679.7,0.7935,2,0.93,10.0,1.04,156.03,35.698,1.032,924.2,0,47.497,11.799,148791.6,13.774
TRIP-1411,VESSEL-001,Handysize Bulk,35000,32000,7200,175.0,Methanol,0.5,950.0,0.35,2254.0,12.15,29243.0,0.9138,5,2.13,31.1,1.1467,185.51,220.131,1.064,638.6,1,331.346,111.215,328028.7,414.183
TRIP-1412,VESSEL-003,Capesize Bulk,180000,170000,21000,162.0,LNG,1.15,780.0,0.78,2693.6,12.74,103716.1,0.6101,3,1.45,19.8,1.0797,211.43,317.544,1.048,1796.9,0,406.883,89.339,356868.74,1135.204
TRIP-1413,VESSEL-003,Capesize Bulk,180000,170000,21000,162.0,Ammonia,0.46,1100.0,0.15,2573.9,10.35,80097.8,0.4712,5,4.15,21.4,1.1321,248.69,483.115,1.048,1771.9,1,739.016,255.901,847917.6,399.069
TRIP-1414,VESSEL-002,Panamax Bulk,75000,70000,12500,168.0,HFO,1.0,620.0,1.0,1301.7,14.92,24886.1,0.3555,4,2.81,31.2,1.1218,87.25,139.656,1.04,1055.7,1,182.068,42.412,132132.16,651.803
TRIP-1415,VESSEL-005,Neo-Panamax Green,110000,102000,16500,158.0,Methanol,0.5,950.0,0.35,2755.2,10.25,69746.5,0.6838,2,0.93,15.0,1.0475,268.8,376.294,1.016,1416.8,0,543.524,167.23,545347.8,679.405
TRIP-1416,VESSEL-002,Panamax Bulk,75000,70000,12500,168.0,Ammonia,0.46,1100.0,0.15,2950.2,11.67,54122.0,0.7732,3,1.47,25.1,1.0877,252.8,467.841,1.04,1129.0,0,664.932,197.091,755175.2,359.063
TRIP-1417,VESSEL-001,Handysize Bulk,35000,32000,7200,175.0,LNG,1.15,780.0,0.78,4198.0,11.3,25737.7,0.8043,4,3.03,32.0,1.123,371.5,150.33,1.064,637.4,1,224.101,73.771,188048.78,625.242
TRIP-1418,VESSEL-002,Panamax Bulk,75000,70000,12500,168.0,Methanol,0.5,950.0,0.35,1415.6,12.52,55465.2,0.7924,3,1.36,16.7,1.0751,113.07,238.81,1.04,1094.2,1,318.873,80.063,322179.35,398.591
TRIP-1419,VESSEL-005,Neo-Panamax Green,110000,102000,16500,158.0,Hydrogen,2.98,2800.0,0.08,1088.2,13.45,55496.4,0.5441,1,0.42,8.7,1.0131,80.91,41.475,1.016,1448.6,1,49.309,7.834,162565.2,14.3
TRIP-1420,VESSEL-002,Panamax Bulk,75000,70000,12500,168.0,Ammonia,0.46,1100.0,0.15,2581.6,11.13,59432.5,0.849,3,1.2,15.9,1.0738,231.95,379.163,1.04,1102.1,0,545.993,166.83,624342.3,294.836
TRIP-1421,VESSEL-001,Handysize Bulk,35000,32000,7200,175.0,LNG,1.15,780.0,0.78,3344.8,9.48,14439.1,0.4512,4,1.31,19.5,1.1042,352.83,77.328,1.064,682.0,1,134.845,57.517,118429.1,376.218
TRIP-1422,VESSEL-003,Capesize Bulk,180000,170000,21000,162.0,LNG,1.15,780.0,0.78,2742.4,13.38,98404.5,0.5788,1,0.31,4.1,1.0062,204.96,353.777,1.048,1770.8,0,428.81,75.033,373971.8,1196.38
TRIP-1423,VESSEL-004,Feeder Container,22000,18500,9800,180.0,HFO,1.0,620.0,1.0,1157.7,15.31,18441.0,0.9968,3,1.12,25.1,1.0877,75.62,125.759,1.032,863.2,1,152.472,26.713,105832.64,545.85
TRIP-1424,VESSEL-002,Panamax Bulk,75000,70000,12500,168.0,Methanol,0.5,950.0,0.35,3589.0,10.65,36523.8,0.5218,3,1.63,25.6,1.0884,337.0,409.773,1.04,1096.5,1,617.698,207.925,606063.1,772.122
TRIP-1425,VESSEL-004,Feeder Container,22000,18500,9800,180.0,Methanol,0.5,950.0,0.35,3802.8,13.44,16454.8,0.8894,2,1.34,18.1,1.0521,282.95,622.319,1.032,880.4,0,770.93,148.611,748183.5,963.662
TRIP-1426,VESSEL-001,Handysize Bulk,35000,32000,7200,175.0,LNG,1.15,780.0,0.78,4177.8,11.41,11560.8,0.3613,3,1.75,25.4,1.0881,366.15,136.7,1.064,641.6,0,193.41,56.71,168609.8,539.614
TRIP-1427,VESSEL-004,Feeder Container,22000,18500,9800,180.0,HFO,1.0,620.0,1.0,1504.7,12.83,16085.7,0.8695,1,0.61,5.6,1.0084,117.28,111.716,1.032,909.8,1,139.252,27.536,97636.24,498.522
TRIP-1428,VESSEL-003,Capesize Bulk,180000,170000,21000,162.0,LNG,1.15,780.0,0.78,2975.1,14.8,130411.9,0.7671,4,2.58,23.9,1.1108,201.02,492.074,1.048,1793.7,0,637.369,145.295,536647.82,1778.26
TRIP-1429,VESSEL-003,Capesize Bulk,180000,170000,21000,162.0,LNG,1.15,780.0,0.78,2750.8,10.48,59561.2,0.3504,3,2.25,17.3,1.0759,262.48,205.055,1.048,1778.6,0,323.841,118.786,292095.98,903.516
TRIP-1430,VESSEL-002,Panamax Bulk,75000,70000,12500,168.0,HFO,1.0,620.0,1.0,3905.1,15.12,63085.3,0.9012,3,1.87,22.4,1.0836,258.27,492.883,1.04,1119.6,1,595.464,102.581,388437.68,2131.761
TRIP-1431,VESSEL-001,Handysize Bulk,35000,32000,7200,175.0,HFO,1.0,620.0,1.0,1952.3,10.89,24683.0,0.7713,5,4.04,24.8,1.1372,179.27,74.092,1.064,695.2,0,116.867,42.775,90207.54,418.384
TRIP-1432,VESSEL-004,Feeder Container,22000,18500,9800,180.0,HFO,1.0,620.0,1.0,1093.4,17.89,17017.9,0.9199,3,1.53,18.1,1.0772,61.12,159.559,1.032,867.5,0,185.523,25.964,130824.26,664.172
TRIP-1433,VESSEL-001,Handysize Bulk,35000,32000,7200,175.0,Methanol,0.5,950.0,0.35,1133.7,9.89,11458.3,0.3581,4,1.25,20.0,1.105,114.63,64.048,1.064,701.7,1,110.373,46.325,118104.35,137.966
TRIP-1434,VESSEL-001,Handysize Bulk,35000,32000,7200,175.0,Methanol,0.5,950.0,0.35,574.1,13.87,31605.6,0.9877,3,1.52,15.9,1.0738,41.39,74.298,1.064,659.6,1,96.547,22.249,104969.65,120.684
TRIP-1435,VESSEL-005,Neo-Panamax Green,110000,102000,16500,158.0,LNG,1.15,780.0,0.78,1704.6,16.39,66603.4,0.653,4,1.24,23.3,1.1099,104.0,256.857,1.016,1405.5,0,304.604,47.747,266591.12,849.845
TRIP-1436,VESSEL-004,Feeder Container,22000,18500,9800,180.0,Hydrogen,2.98,2800.0,0.08,582.0,11.99,18363.0,0.9926,2,1.77,14.9,1.0474,48.54,13.0,1.032,879.1,0,16.32,3.32,61496.0,4.733
TRIP-1437,VESSEL-005,Neo-Panamax Green,110000,102000,16500,158.0,Methanol,0.5,950.0,0.35,3331.2,16.43,60982.6,0.5979,3,2.57,17.6,1.0764,202.75,1144.456,1.016,1401.9,0,1357.35,212.894,1318482.5,1696.688
TRIP-1438,VESSEL-001,Handysize Bulk,35000,32000,7200,175.0,HFO,1.0,620.0,1.0,1536.4,11.6,27644.6,0.8639,4,2.75,22.8,1.1092,132.45,67.608,1.064,668.3,1,99.751,32.143,75095.62,357.109
TRIP-1439,VESSEL-004,Feeder Container,22000,18500,9800,180.0,Hydrogen,2.98,2800.0,0.08,549.6,17.22,10349.4,0.5594,4,3.46,27.1,1.1157,31.92,23.019,1.032,857.1,1,28.136,5.117,90080.8,8.159
TRIP-1440,VESSEL-001,Handysize Bulk,35000,32000,7200,175.0,HFO,1.0,620.0,1.0,3491.8,13.54,17259.1,0.5393,5,2.78,27.3,1.141,257.89,193.644,1.064,706.2,1,259.446,65.802,174106.52,928.817
TRIP-1441,VESSEL-003,Capesize Bulk,180000,170000,21000,162.0,Ammonia,0.46,1100.0,0.15,3439.2,10.7,114638.1,0.6743,4,1.76,23.4,1.1101,321.42,726.57,1.048,1815.5,0,1096.218,369.648,1245339.8,591.958
TRIP-1442,VESSEL-001,Handysize Bulk,35000,32000,7200,175.0,LNG,1.15,780.0,0.78,3060.4,13.86,17593.4,0.5498,4,1.56,22.8,1.1092,220.81,155.045,1.064,674.3,0,201.403,46.358,174844.34,561.914
TRIP-1443,VESSEL-002,Panamax Bulk,75000,70000,12500,168.0,LNG,1.15,780.0,0.78,3124.7,13.62,34321.9,0.4903,5,3.2,32.2,1.1483,229.42,251.649,1.04,1056.9,1,338.097,86.448,282965.66,943.291
TRIP-1444,VESSEL-003,Capesize Bulk,180000,170000,21000,162.0,LNG,1.15,780.0,0.78,2147.7,13.57,139580.4,0.8211,1,0.78,4.3,1.0065,158.27,302.546,1.048,1800.1,0,373.9,71.354,331142.0,1043.181
TRIP-1445,VESSEL-004,Feeder Container,22000,18500,9800,180.0,Methanol,0.5,950.0,0.35,2709.5,12.1,12659.1,0.6843,3,1.51,18.5,1.0777,223.93,343.557,1.032,865.1,1,434.934,91.377,424487.3,543.668
TRIP-1446,VESSEL-002,Panamax Bulk,75000,70000,12500,168.0,Ammonia,0.46,1100.0,0.15,1218.4,15.43,47289.6,0.6756,3,2.46,12.3,1.0685,78.96,329.851,1.04,1118.0,1,395.145,65.294,453909.5,213.378
TRIP-1447,VESSEL-004,Feeder Container,22000,18500,9800,180.0,HFO,1.0,620.0,1.0,3420.8,13.64,17407.9,0.941,4,3.53,22.2,1.1083,250.79,291.48,1.032,895.1,1,369.832,78.352,240595.84,1323.999
TRIP-1448,VESSEL-002,Panamax Bulk,75000,70000,12500,168.0,LNG,1.15,780.0,0.78,1770.0,10.61,64642.5,0.9235,3,2.11,18.8,1.0782,166.82,96.151,1.04,1058.9,0,138.171,42.02,131523.38,385.497
TRIP-1449,VESSEL-001,Handysize Bulk,35000,32000,7200,175.0,LNG,1.15,780.0,0.78,3658.1,12.97,28153.5,0.8798,1,0.51,9.5,1.0143,282.04,175.629,1.064,675.9,0,223.127,47.498,191789.06,622.524
TRIP-1450,VESSEL-005,Neo-Panamax Green,110000,102000,16500,158.0,Hydrogen,2.98,2800.0,0.08,2797.5,11.36,55824.8,0.5473,3,2.5,15.3,1.073,246.26,76.12,1.016,1377.3,1,101.636,25.516,309080.8,29.474
TRIP-1451,VESSEL-002,Panamax Bulk,75000,70000,12500,168.0,HFO,1.0,620.0,1.0,1902.8,14.57,59346.3,0.8478,3,1.24,16.1,1.0741,130.6,220.242,1.04,1127.8,1,276.884,56.642,190918.08,991.245
TRIP-1452,VESSEL-004,Feeder Container,22000,18500,9800,180.0,Methanol,0.5,950.0,0.35,2753.7,13.62,12052.5,0.6515,1,0.89,6.9,1.0104,202.18,439.125,1.032,918.8,1,537.519,98.394,521943.05,671.899
TRIP-1453,VESSEL-004,Feeder Container,22000,18500,9800,180.0,HFO,1.0,620.0,1.0,2451.5,16.58,15010.7,0.8114,3,1.06,21.2,1.0818,147.86,300.148,1.032,925.1,1,359.523,59.375,234204.26,1287.092
TRIP-1454,VESSEL-004,Feeder Container,22000,18500,9800,180.0,HFO,1.0,620.0,1.0,2706.4,15.58,12906.2,0.6976,3,1.44,12.7,1.0691,173.71,285.318,1.032,908.4,1,341.868,56.55,223258.16,1223.887
TRIP-1455,VESSEL-005,Neo-Panamax Green,110000,102000,16500,158.0,LNG,1.15,780.0,0.78,582.7,14.51,51858.4,0.5084,4,2.38,21.2,1.1068,40.16,66.375,1.016,1380.2,1,83.655,17.28,89750.9,233.397
TRIP-1456,VESSEL-005,Neo-Panamax Green,110000,102000,16500,158.0,LNG,1.15,780.0,0.78,3858.6,16.28,96696.1,0.948,3,1.29,23.2,1.0848,237.01,615.258,1.016,1391.4,0,724.364,109.106,594003.92,2020.976
TRIP-1457,VESSEL-002,Panamax Bulk,75000,70000,12500,168.0,Ammonia,0.46,1100.0,0.15,3231.2,10.6,67923.2,0.9703,4,1.37,31.2,1.1218,304.83,442.757,1.04,1094.4,0,663.082,220.325,753140.2,358.064
TRIP-1458,VESSEL-003,Capesize Bulk,180000,170000,21000,162.0,HFO,1.0,620.0,1.0,1433.4,10.3,114699.8,0.6747,5,2.7,32.7,1.1491,139.17,129.094,1.048,1816.0,1,205.293,76.199,162281.66,734.949
TRIP-1459,VESSEL-001,Handysize Bulk,35000,32000,7200,175.0,HFO,1.0,620.0,1.0,547.1,11.51,12775.4,0.3992,3,1.02,17.3,1.0759,47.53,21.156,1.064,626.4,0,29.097,7.941,35790.14,104.167
TRIP-1460,VESSEL-001,Handysize Bulk,35000,32000,7200,175.0,HFO,1.0,620.0,1.0,2210.6,12.13,24859.6,0.7769,4,1.47,17.4,1.1011,182.24,104.226,1.064,630.4,1,151.407,47.181,107122.34,542.037
TRIP-1461,VESSEL-002,Panamax Bulk,75000,70000,12500,168.0,Methanol,0.5,950.0,0.35,4153.2,13.33,46201.1,0.66,4,2.78,25.7,1.1136,311.57,769.101,1.04,1149.7,1,1031.178,262.077,998869.1,1288.973
TRIP-1462,VESSEL-002,Panamax Bulk,75000,70000,12500,168.0,LNG,1.15,780.0,0.78,3617.6,12.11,43978.2,0.6283,4,2.95,23.9,1.1108,298.73,238.509,1.04,1082.4,1,333.529,95.02,279402.62,930.546
TRIP-1463,VESSEL-005,Neo-Panamax Green,110000,102000,16500,158.0,Ammonia,0.46,1100.0,0.15,2084.9,16.19,42893.4,0.4205,3,2.66,21.5,1.0823,128.78,722.597,1.016,1410.7,0,872.808,150.211,989088.8,471.316
TRIP-1464,VESSEL-002,Panamax Bulk,75000,70000,12500,168.0,HFO,1.0,620.0,1.0,2088.1,14.02,45453.2,0.6493,5,2.37,25.0,1.1375,148.94,213.313,1.04,1143.9,1,282.602,69.289,194463.24,1011.715
TRIP-1465,VESSEL-002,Panamax Bulk,75000,70000,12500,168.0,LNG,1.15,780.0,0.78,596.3,10.67,31020.0,0.4431,2,1.53,10.6,1.0409,55.89,29.117,1.04,1122.9,1,41.518,12.401,51634.04,115.835
TRIP-1466,VESSEL-005,Neo-Panamax Green,110000,102000,16500,158.0,LNG,1.15,780.0,0.78,905.6,12.63,55662.1,0.5457,3,1.58,21.7,1.0826,71.7,78.894,1.016,1451.8,1,100.639,21.745,102998.42,280.783
TRIP-1467,VESSEL-002,Panamax Bulk,75000,70000,12500,168.0,HFO,1.0,620.0,1.0,2780.5,13.21,27020.3,0.386,4,1.67,29.9,1.1199,210.48,235.735,1.04,1141.1,1,316.698,80.963,215602.76,1133.779
TRIP-1468,VESSEL-002,Panamax Bulk,75000,70000,12500,168.0,LNG,1.15,780.0,0.78,535.1,11.42,61811.3,0.883,1,0.76,10.1,1.0151,46.86,33.364,1.04,1128.9,1,45.229,11.865,54528.62,126.189
TRIP-1469,VESSEL-001,Handysize Bulk,35000,32000,7200,175.0,Methanol,0.5,950.0,0.35,1496.2,12.02,27514.8,0.8598,4,1.9,26.0,1.114,124.48,141.256,1.064,686.5,0,201.425,60.169,209103.75,251.781
TRIP-1470,VESSEL-005,Neo-Panamax Green,110000,102000,16500,158.0,Ammonia,0.46,1100.0,0.15,3973.2,14.88,40528.8,0.3973,3,2.59,13.5,1.0703,267.02,1156.185,1.016,1465.0,0,1386.289,230.104,1553917.9,748.596
TRIP-1471,VESSEL-003,Capesize Bulk,180000,170000,21000,162.0,Ammonia,0.46,1100.0,0.15,628.7,15.63,85214.3,0.5013,4,2.63,24.7,1.112,40.22,271.203,1.048,1733.4,1,336.737,65.534,405410.7,181.838
TRIP-1472,VESSEL-003,Capesize Bulk,180000,170000,21000,162.0,LNG,1.15,780.0,0.78,3758.8,14.24,85200.1,0.5012,3,2.44,15.8,1.0737,263.96,538.387,1.048,1805.5,1,694.864,156.477,576993.92,1938.671
TRIP-1473,VESSEL-004,Feeder Container,22000,18500,9800,180.0,Methanol,0.5,950.0,0.35,1918.4,12.29,10794.1,0.5835,3,1.98,20.0,1.08,156.09,245.25,1.032,837.9,1,315.744,70.494,311256.8,394.68
TRIP-1474,VESSEL-005,Neo-Panamax Green,110000,102000,16500,158.0,Ammonia,0.46,1100.0,0.15,854.0,14.49,39718.5,0.3894,1,0.57,10.6,1.0159,58.94,235.171,1.016,1401.3,0,274.262,39.091,330688.2,148.101
TRIP-1475,VESSEL-001,Handysize Bulk,35000,32000,7200,175.0,Methanol,0.5,950.0,0.35,2180.6,14.42,24817.3,0.7755,5,3.58,27.0,1.1405,151.22,290.501,1.064,714.4,1,406.905,116.404,399809.75,508.631
TRIP-1476,VESSEL-003,Capesize Bulk,180000,170000,21000,162.0,LNG,1.15,780.0,0.78,808.8,14.47,109660.4,0.6451,4,1.31,28.2,1.1173,55.89,124.075,1.048,1821.1,0,166.77,42.695,169580.6,465.288
TRIP-1477,VESSEL-003,Capesize Bulk,180000,170000,21000,162.0,LNG,1.15,780.0,0.78,3987.8,11.4,121632.1,0.7155,3,1.1,20.8,1.0812,349.81,386.433,1.048,1803.3,0,565.505,179.072,480593.9,1577.759
TRIP-1478,VESSEL-003,Capesize Bulk,180000,170000,21000,162.0,LNG,1.15,780.0,0.78,2529.4,11.54,156649.5,0.9215,2,1.72,15.6,1.0484,219.19,263.885,1.048,1752.1,1,348.565,84.68,306880.7,972.496
TRIP-1479,VESSEL-002,Panamax Bulk,75000,70000,12500,168.0,Methanol,0.5,950.0,0.35,2900.7,13.68,35636.5,0.5091,3,2.38,14.5,1.0717,212.04,544.668,1.04,1120.0,1,712.958,168.29,696560.1,891.197
TRIP-1480,VESSEL-005,Neo-Panamax Green,110000,102000,16500,158.0,Ammonia,0.46,1100.0,0.15,3188.3,14.65,95322.2,0.9345,4,2.12,31.5,1.1222,217.63,1026.021,1.016,1397.7,0,1242.849,216.828,1396133.9,671.138
TRIP-1481,VESSEL-001,Handysize Bulk,35000,32000,7200,175.0,LNG,1.15,780.0,0.78,988.7,12.58,29122.9,0.9101,4,3.15,26.0,1.114,78.59,44.967,1.064,702.1,1,61.992,17.025,61603.76,172.958
TRIP-1482,VESSEL-004,Feeder Container,22000,18500,9800,180.0,HFO,1.0,620.0,1.0,3799.9,12.72,14757.0,0.7977,3,1.53,18.8,1.0782,298.73,273.004,1.032,909.2,0,353.103,80.099,234723.86,1264.109
TRIP-1483,VESSEL-005,Neo-Panamax Green,110000,102000,16500,158.0,LNG,1.15,780.0,0.78,668.3,12.26,59942.1,0.5877,3,2.2,22.8,1.0842,54.51,55.442,1.016,1385.0,1,71.51,16.068,80277.8,199.513
TRIP-1484,VESSEL-001,Handysize Bulk,35000,32000,7200,175.0,Methanol,0.5,950.0,0.35,3648.4,10.27,17261.2,0.5394,3,0.94,18.9,1.0784,355.25,232.807,1.064,634.5,1,353.054,120.247,348651.3,441.317
TRIP-1485,VESSEL-001,Handysize Bulk,35000,32000,7200,175.0,LNG,1.15,780.0,0.78,663.9,14.36,21723.1,0.6788,1,0.84,11.0,1.0165,46.23,37.263,1.064,671.8,0,45.954,8.691,53594.12,128.212
TRIP-1486,VESSEL-002,Panamax Bulk,75000,70000,12500,168.0,Ammonia,0.46,1100.0,0.15,2826.1,13.59,40579.6,0.5797,5,3.89,27.6,1.1414,207.95,579.529,1.04,1078.8,0,776.285,196.756,877663.5,419.194
TRIP-1487,VESSEL-001,Handysize Bulk,35000,32000,7200,175.0,HFO,1.0,620.0,1.0,2393.8,12.78,18464.7,0.577,5,1.61,30.0,1.145,187.31,119.381,1.064,711.4,0,164.591,45.21,119796.42,589.236
TRIP-1488,VESSEL-002,Panamax Bulk,75000,70000,12500,168.0,Methanol,0.5,950.0,0.35,764.7,14.84,26368.5,0.3767,2,0.88,10.9,1.0413,51.53,163.24,1.04,1072.1,0,201.453,38.213,215130.35,251.816
TRIP-1489,VESSEL-005,Neo-Panamax Green,110000,102000,16500,158.0,LNG,1.15,780.0,0.78,1401.5,14.38,52077.6,0.5106,6,3.46,24.7,1.1621,97.46,156.873,1.016,1404.0,0,199.247,42.374,184412.66,555.899
TRIP-1490,VESSEL-005,Neo-Panamax Green,110000,102000,16500,158.0,Hydrogen,2.98,2800.0,0.08,3934.1,15.45,94706.8,0.9285,2,1.11,8.2,1.0373,254.63,217.049,1.016,1457.9,0,258.525,41.476,752870.0,74.972
TRIP-1491,VESSEL-002,Panamax Bulk,75000,70000,12500,168.0,Methanol,0.5,950.0,0.35,644.8,11.48,41250.1,0.5893,2,1.67,8.3,1.0374,56.17,87.02,1.04,1090.6,0,117.519,30.499,135393.05,146.899
TRIP-1492,VESSEL-001,Handysize Bulk,35000,32000,7200,175.0,LNG,1.15,780.0,0.78,1513.1,13.83,20269.8,0.6334,3,1.16,15.6,1.0734,109.41,77.917,1.064,680.6,0,100.791,22.874,96366.98,281.207
TRIP-1493,VESSEL-004,Feeder Container,22000,18500,9800,180.0,HFO,1.0,620.0,1.0,928.5,16.4,17877.6,0.9664,2,0.98,9.7,1.0395,56.62,114.999,1.032,915.0,1,133.153,18.154,93854.86,476.688
TRIP-1494,VESSEL-004,Feeder Container,22000,18500,9800,180.0,HFO,1.0,620.0,1.0,2623.2,14.89,15990.9,0.8644,2,1.4,12.0,1.043,176.17,262.027,1.032,888.5,1,325.164,63.137,212901.68,1164.087
TRIP-1495,VESSEL-003,Capesize Bulk,180000,170000,21000,162.0,Ammonia,0.46,1100.0,0.15,1932.4,11.43,124056.2,0.7297,1,0.54,11.4,1.0171,169.06,472.244,1.048,1759.3,1,622.065,149.821,719271.5,335.915
TRIP-1496,VESSEL-001,Handysize Bulk,35000,32000,7200,175.0,LNG,1.15,780.0,0.78,4039.5,10.94,16197.1,0.5062,4,2.56,21.2,1.1068,369.24,126.113,1.064,648.1,1,188.186,62.073,160035.08,525.039
TRIP-1497,VESSEL-005,Neo-Panamax Green,110000,102000,16500,158.0,Methanol,0.5,950.0,0.35,2395.1,13.64,40587.0,0.3979,4,3.47,17.8,1.1017,175.59,538.853,1.016,1433.1,1,717.949,179.096,706551.55,897.436
TRIP-1498,VESSEL-004,Feeder Container,22000,18500,9800,180.0,HFO,1.0,620.0,1.0,3183.8,17.72,9188.9,0.4967,3,1.29,14.7,1.072,179.67,414.633,1.032,842.1,1,490.265,75.632,315264.3,1755.149
TRIP-1499,VESSEL-002,Panamax Bulk,75000,70000,12500,168.0,Ammonia,0.46,1100.0,0.15,2992.4,14.64,52178.3,0.7454,2,1.15,12.5,1.0437,204.4,741.837,1.04,1073.6,0,907.375,165.538,1021862.5,489.983
TRIP-1500,VESSEL-002,Panamax Bulk,75000,70000,12500,168.0,Ammonia,0.46,1100.0,0.15,528.3,11.92,50492.2,0.7213,4,2.78,27.1,1.1157,44.32,86.317,1.04,1066.3,0,123.498,37.181,159597.8,66.689
TRIP-1501,VESSEL-002,Panamax Bulk,75000,70000,12500,168.0,Methanol,0.5,950.0,0.35,3723.6,9.91,44008.6,0.6287,4,3.17,32.5,1.1238,375.74,378.161,1.04,1088.7,0,604.562,226.401,598083.9,755.702
TRIP-1502,VESSEL-005,Neo-Panamax Green,110000,102000,16500,158.0,LNG,1.15,780.0,0.78,3073.2,10.26,52904.1,0.5187,2,1.47,19.0,1.0535,299.53,175.478,1.016,1449.7,0,253.935,78.457,227069.3,708.479
TRIP-1503,VESSEL-002,Panamax Bulk,75000,70000,12500,168.0,HFO,1.0,620.0,1.0,586.3,9.81,57487.8,0.8213,2,1.79,12.0,1.043,59.77,30.573,1.04,1132.0,1,47.596,17.023,48759.52,170.394
TRIP-1504,VESSEL-002,Panamax Bulk,75000,70000,12500,168.0,HFO,1.0,620.0,1.0,3958.9,12.86,53103.1,0.7586,2,1.33,11.6,1.0424,307.85,349.469,1.04,1071.7,0,438.879,89.41,295854.98,1571.187
TRIP-1505,VESSEL-002,Panamax Bulk,75000,70000,12500,168.0,Methanol,0.5,950.0,0.35,1480.2,14.76,32511.1,0.4644,1,0.77,4.6,1.0069,100.28,319.839,1.04,1105.7,1,370.43,50.591,371158.5,463.038
TRIP-1506,VESSEL-005,Neo-Panamax Green,110000,102000,16500,158.0,LNG,1.15,780.0,0.78,2888.3,14.0,93448.2,0.9162,5,2.34,31.9,1.1479,206.31,338.104,1.016,1439.0,0,435.701,97.597,368846.78,1215.606
TRIP-1507,VESSEL-004,Feeder Container,22000,18500,9800,180.0,Hydrogen,2.98,2800.0,0.08,1945.4,17.86,12412.6,0.671,3,2.43,21.0,1.0815,108.92,89.895,1.032,838.5,1,105.37,15.475,306336.0,30.557
TRIP-1508,VESSEL-002,Panamax Bulk,75000,70000,12500,168.0,Methanol,0.5,950.0,0.35,2573.8,13.85,56383.5,0.8055,1,0.69,7.7,1.0115,185.83,532.987,1.04,1097.0,0,640.703,107.716,632417.85,800.879
TRIP-1509,VESSEL-005,Neo-Panamax Green,110000,102000,16500,158.0,LNG,1.15,780.0,0.78,4063.3,11.75,56690.2,0.5558,4,1.23,31.4,1.1221,345.81,307.164,1.016,1392.7,1,436.828,129.664,365225.84,1218.75
TRIP-1510,VESSEL-001,Handysize Bulk,35000,32000,7200,175.0,HFO,1.0,620.0,1.0,2912.1,10.14,14507.7,0.4534,2,1.77,13.0,1.0445,287.19,88.627,1.064,637.2,1,140.185,51.558,100164.7,501.862
TRIP-1511,VESSEL-002,Panamax Bulk,75000,70000,12500,168.0,Ammonia,0.46,1100.0,0.15,2022.3,12.04,68372.1,0.9767,2,1.13,8.1,1.0372,167.97,358.047,1.04,1063.3,1,463.374,105.327,528961.4,250.222
TRIP-1512,VESSEL-002,Panamax Bulk,75000,70000,12500,168.0,Methanol,0.5,950.0,0.35,3111.0,10.62,66670.1,0.9524,2,1.07,8.6,1.0379,292.94,392.053,1.04,1093.3,1,531.415,139.362,524094.25,664.269
TRIP-1513,VESSEL-001,Handysize Bulk,35000,32000,7200,175.0,LNG,1.15,780.0,0.78,1097.2,12.56,17997.9,0.5624,1,0.79,9.1,1.0136,87.36,45.793,1.064,648.9,1,60.955,15.162,60794.9,170.064
TRIP-1514,VESSEL-005,Neo-Panamax Green,110000,102000,16500,158.0,LNG,1.15,780.0,0.78,3547.8,11.87,50127.8,0.4914,3,2.18,24.0,1.086,298.89,269.27,1.016,1468.7,0,368.212,98.942,316205.36,1027.311
TRIP-1515,VESSEL-004,Feeder Container,22000,18500,9800,180.0,Methanol,0.5,950.0,0.35,3429.4,14.23,6896.7,0.3728,5,3.56,25.4,1.1381,241.0,559.303,1.032,846.3,0,756.895,197.592,734850.25,946.119
TRIP-1516,VESSEL-005,Neo-Panamax Green,110000,102000,16500,158.0,LNG,1.15,780.0,0.78,3003.7,11.92,101333.4,0.9935,5,3.82,30.8,1.1462,251.99,259.443,1.016,1384.9,0,357.76,98.317,308052.8,998.15
TRIP-1517,VESSEL-003,Capesize Bulk,180000,170000,21000,162.0,HFO,1.0,620.0,1.0,948.5,15.22,89188.6,0.5246,3,1.22,20.5,1.0808,62.32,179.569,1.048,1756.4,1,221.793,42.224,172511.66,794.019
TRIP-1518,VESSEL-004,Feeder Container,22000,18500,9800,180.0,HFO,1.0,620.0,1.0,906.6,12.71,17190.7,0.9292,1,0.66,5.0,1.0075,71.33,66.908,1.032,884.5,1,79.017,12.109,60290.54,282.881
TRIP-1519,VESSEL-005,Neo-Panamax Green,110000,102000,16500,158.0,LNG,1.15,780.0,0.78,1164.3,14.32,73809.6,0.7236,3,1.52,25.3,1.0879,81.31,136.261,1.016,1394.2,1,172.896,36.635,159358.88,482.38
TRIP-1520,VESSEL-004,Feeder Container,22000,18500,9800,180.0,HFO,1.0,620.0,1.0,1578.4,13.34,16415.5,0.8873,2,1.45,15.0,1.0475,118.32,127.175,1.032,921.9,1,158.564,31.389,109609.68,567.659
TRIP-1521,VESSEL-002,Panamax Bulk,75000,70000,12500,168.0,Methanol,0.5,950.0,0.35,3403.5,9.86,54735.4,0.7819,6,3.15,27.9,1.1668,345.18,355.21,1.04,1135.3,0,596.869,241.659,590775.55,746.086
TRIP-1522,VESSEL-005,Neo-Panamax Green,110000,102000,16500,158.0,Methanol,0.5,950.0,0.35,3064.4,15.13,59665.8,0.585,1,0.49,6.6,1.0099,202.54,889.925,1.016,1444.9,0,984.802,94.877,964561.9,1231.003
TRIP-1523,VESSEL-004,Feeder Container,22000,18500,9800,180.0,Hydrogen,2.98,2800.0,0.08,3394.1,15.2,8725.0,0.4716,6,3.89,39.7,1.1845,223.3,108.502,1.032,867.7,1,150.519,42.017,432753.2,43.651
TRIP-1524,VESSEL-005,Neo-Panamax Green,110000,102000,16500,158.0,Ammonia,0.46,1100.0,0.15,1284.2,15.53,47079.4,0.4616,3,1.22,20.9,1.0814,82.69,413.901,1.016,1399.2,1,494.676,80.775,568643.6,267.125
TRIP-1525,VESSEL-005,Neo-Panamax Green,110000,102000,16500,158.0,Ammonia,0.46,1100.0,0.15,2893.1,13.25,47687.7,0.4675,7,4.71,28.9,1.1933,218.35,679.826,1.016,1371.7,1,927.085,247.259,1044293.5,500.626
TRIP-1526,VESSEL-004,Feeder Container,22000,18500,9800,180.0,HFO,1.0,620.0,1.0,1438.4,17.32,7644.8,0.4132,4,2.82,21.3,1.1069,83.05,175.465,1.032,904.2,0,211.867,36.402,147157.54,758.484
TRIP-1527,VESSEL-001,Handysize Bulk,35000,32000,7200,175.0,HFO,1.0,620.0,1.0,1052.6,12.25,17305.4,0.5408,3,1.65,20.8,1.0812,85.93,47.8,1.064,717.5,0,67.028,19.228,59307.36,239.96
TRIP-1528,VESSEL-003,Capesize Bulk,180000,170000,21000,162.0,HFO,1.0,620.0,1.0,3770.3,11.45,125192.1,0.7364,5,4.38,35.5,1.1533,329.28,426.027,1.048,1820.6,0,609.685,183.658,417504.7,2182.672
TRIP-1529,VESSEL-003,Capesize Bulk,180000,170000,21000,162.0,LNG,1.15,780.0,0.78,1191.7,14.24,163090.1,0.9594,3,2.24,25.0,1.0875,83.69,190.991,1.048,1794.7,0,242.77,51.779,228860.6,677.328
TRIP-1530,VESSEL-005,Neo-Panamax Green,110000,102000,16500,158.0,Hydrogen,2.98,2800.0,0.08,3207.6,12.68,35794.5,0.3509,4,2.99,21.9,1.1079,252.97,103.353,1.016,1422.2,0,140.521,37.168,422458.8,40.751
TRIP-1531,VESSEL-004,Feeder Container,22000,18500,9800,180.0,HFO,1.0,620.0,1.0,2963.0,11.09,11496.2,0.6214,3,2.5,18.1,1.0772,267.18,155.568,1.032,865.1,0,217.053,61.485,150372.86,777.05
TRIP-1532,VESSEL-004,Feeder Container,22000,18500,9800,180.0,HFO,1.0,620.0,1.0,3274.5,11.23,10787.7,0.5831,5,2.63,37.4,1.1561,291.59,174.753,1.032,873.4,0,263.185,88.432,178974.7,942.202
TRIP-1533,VESSEL-001,Handysize Bulk,35000,32000,7200,175.0,HFO,1.0,620.0,1.0,3996.9,10.82,19072.3,0.596,2,1.06,8.3,1.0374,369.4,143.548,1.064,702.4,0,208.296,64.748,146893.52,745.7
TRIP-1534,VESSEL-002,Panamax Bulk,75000,70000,12500,168.0,HFO,1.0,620.0,1.0,2436.4,12.24,30567.1,0.4367,4,2.53,20.2,1.1053,199.05,179.72,1.04,1085.4,1,250.136,70.416,174334.32,895.487
TRIP-1535,VESSEL-002,Panamax Bulk,75000,70000,12500,168.0,Methanol,0.5,950.0,0.35,1100.8,14.57,46121.1,0.6589,2,1.76,11.1,1.0416,75.55,243.46,1.04,1140.9,1,284.338,40.878,289371.1,355.423
TRIP-1536,VESSEL-005,Neo-Panamax Green,110000,102000,16500,158.0,Hydrogen,2.98,2800.0,0.08,3815.0,13.18,93999.3,0.9216,2,0.84,13.5,1.0453,289.45,152.929,1.016,1460.0,0,183.537,30.608,542903.6,53.226
TRIP-1537,VESSEL-005,Neo-Panamax Green,110000,102000,16500,158.0,Methanol,0.5,950.0,0.35,2586.5,14.96,87326.1,0.8561,3,2.64,20.6,1.0809,172.89,784.113,1.016,1442.9,0,989.592,205.479,969112.4,1236.99
TRIP-1538,VESSEL-001,Handysize Bulk,35000,32000,7200,175.0,LNG,1.15,780.0,0.78,1411.8,9.43,29761.3,0.93,1,0.62,10.8,1.0162,149.71,36.245,1.064,666.7,1,54.447,18.202,55718.66,151.907
TRIP-1539,VESSEL-002,Panamax Bulk,75000,70000,12500,168.0,HFO,1.0,620.0,1.0,2475.5,12.23,51388.5,0.7341,5,3.68,38.5,1.1578,202.41,196.466,1.04,1072.0,1,275.652,79.186,190154.24,986.834
TRIP-1540,VESSEL-002,Panamax Bulk,75000,70000,12500,168.0,HFO,1.0,620.0,1.0,753.3,11.46,30336.8,0.4334,3,1.2,16.8,1.0752,65.73,48.667,1.04,1132.0,0,68.577,19.91,66267.74,245.506
TRIP-1541,VESSEL-004,Feeder Container,22000,18500,9800,180.0,HFO,1.0,620.0,1.0,2996.7,11.52,18362.0,0.9925,4,1.79,27.5,1.1162,260.13,184.135,1.032,838.3,1,252.526,68.391,167866.12,904.043
TRIP-1542,VESSEL-003,Capesize Bulk,180000,170000,21000,162.0,HFO,1.0,620.0,1.0,3520.9,13.49,117462.1,0.691,4,2.16,17.4,1.1011,261.0,546.104,1.048,1806.9,0,728.275,182.171,491030.5,2607.224
TRIP-1543,VESSEL-003,Capesize Bulk,180000,170000,21000,162.0,Ammonia,0.46,1100.0,0.15,2070.2,10.49,95783.5,0.5634,3,1.57,23.1,1.0847,197.35,408.779,1.048,1733.9,1,579.634,170.855,672597.4,313.002
TRIP-1544,VESSEL-002,Panamax Bulk,75000,70000,12500,168.0,LNG,1.15,780.0,0.78,1618.3,12.56,69402.9,0.9915,1,0.4,7.2,1.0108,128.85,125.142,1.04,1081.6,0,150.747,25.605,141332.66,420.584
TRIP-1545,VESSEL-005,Neo-Panamax Green,110000,102000,16500,158.0,Hydrogen,2.98,2800.0,0.08,1595.6,12.37,43829.7,0.4297,5,2.41,34.3,1.1515,128.99,49.952,1.016,1431.2,0,67.859,17.907,219005.2,19.679
TRIP-1546,VESSEL-004,Feeder Container,22000,18500,9800,180.0,Hydrogen,2.98,2800.0,0.08,930.9,13.46,9059.1,0.4897,5,2.82,32.5,1.1488,69.16,23.434,1.032,883.0,1,31.444,8.01,99343.2,9.119
TRIP-1547,VESSEL-001,Handysize Bulk,35000,32000,7200,175.0,LNG,1.15,780.0,0.78,1686.2,9.67,11975.9,0.3742,2,1.09,18.6,1.0529,174.37,39.763,1.064,678.2,1,65.695,25.932,64492.1,183.289
TRIP-1548,VESSEL-002,Panamax Bulk,75000,70000,12500,168.0,Methanol,0.5,950.0,0.35,3490.0,10.09,53360.5,0.7623,4,2.59,16.3,1.0995,345.89,379.641,1.04,1147.4,1,590.073,210.432,579819.35,737.591
TRIP-1549,VESSEL-004,Feeder Container,22000,18500,9800,180.0,Methanol,0.5,950.0,0.35,1711.1,13.97,9387.2,0.5074,6,3.13,36.1,1.1791,122.48,277.697,1.032,918.8,1,362.629,84.932,355797.55,453.286
TRIP-1550,VESSEL-001,Handysize Bulk,35000,32000,7200,175.0,Methanol,0.5,950.0,0.35,4003.1,9.86,31244.7,0.9764,2,1.37,13.9,1.0458,405.99,261.152,1.064,707.6,1,405.799,144.647,398759.05,507.249
TRIP-1551,VESSEL-003,Capesize Bulk,180000,170000,21000,162.0,HFO,1.0,620.0,1.0,2386.0,14.58,142026.7,0.8355,5,4.23,30.5,1.1458,163.65,447.749,1.048,1790.8,1,580.021,132.272,394613.02,2076.475
TRIP-1552,VESSEL-001,Handysize Bulk,35000,32000,7200,175.0,Methanol,0.5,950.0,0.35,3180.2,9.85,17489.3,0.5465,2,1.23,11.0,1.0415,322.86,187.002,1.064,708.9,0,292.424,105.422,295552.8,365.53
TRIP-1553,VESSEL-005,Neo-Panamax Green,110000,102000,16500,158.0,Methanol,0.5,950.0,0.35,2225.4,14.24,42111.9,0.4129,3,2.43,20.8,1.0812,156.28,547.848,1.016,1434.0,1,694.506,146.658,684280.7,868.132
TRIP-1554,VESSEL-003,Capesize Bulk,180000,170000,21000,162.0,HFO,1.0,620.0,1.0,3364.3,13.76,130371.0,0.7669,3,2.2,21.6,1.0824,244.5,553.111,1.048,1826.3,0,752.774,199.663,506219.88,2694.931
TRIP-1555,VESSEL-003,Capesize Bulk,180000,170000,21000,162.0,HFO,1.0,620.0,1.0,1244.4,13.61,169850.6,0.9991,3,1.52,19.4,1.0791,91.43,211.425,1.048,1753.2,0,270.991,59.566,207514.42,970.148
TRIP-1556,VESSEL-005,Neo-Panamax Green,110000,102000,16500,158.0,Hydrogen,2.98,2800.0,0.08,4016.6,12.27,38967.3,0.382,3,2.37,17.9,1.0769,327.35,122.184,1.016,1460.3,1,162.553,40.369,479648.4,47.14
TRIP-1557,VESSEL-001,Handysize Bulk,35000,32000,7200,175.0,HFO,1.0,620.0,1.0,1584.6,12.56,29151.8,0.911,3,1.31,17.1,1.0756,126.16,82.635,1.064,628.2,1,109.746,27.111,81292.52,392.891
TRIP-1558,VESSEL-001,Handysize Bulk,35000,32000,7200,175.0,LNG,1.15,780.0,0.78,3147.3,13.47,29091.1,0.9091,5,2.0,29.5,1.1442,233.65,164.08,1.064,688.0,1,230.182,66.102,192791.96,642.208
TRIP-1559,VESSEL-004,Feeder Container,22000,18500,9800,180.0,HFO,1.0,620.0,1.0,3981.8,12.77,17195.9,0.9295,3,1.8,20.5,1.0808,311.81,296.66,1.032,895.6,1,390.33,93.67,253304.6,1397.381
TRIP-1560,VESSEL-004,Feeder Container,22000,18500,9800,180.0,Hydrogen,2.98,2800.0,0.08,3591.1,11.21,15668.8,0.847,3,2.25,19.3,1.079,320.35,67.97,1.032,895.8,0,92.295,24.325,274226.0,26.766
TRIP-1561,VESSEL-002,Panamax Bulk,75000,70000,12500,168.0,Methanol,0.5,950.0,0.35,2799.3,12.31,55449.7,0.7921,4,3.08,24.7,1.112,227.4,456.493,1.04,1131.3,1,637.741,181.248,625103.95,797.176
TRIP-1562,VESSEL-001,Handysize Bulk,35000,32000,7200,175.0,Methanol,0.5,950.0,0.35,812.2,14.41,26151.4,0.8172,3,1.83,23.7,1.0856,56.36,109.108,1.064,698.9,0,141.372,32.264,152053.4,176.715
TRIP-1563,VESSEL-001,Handysize Bulk,35000,32000,7200,175.0,LNG,1.15,780.0,0.78,1369.0,12.17,13821.9,0.4319,2,0.83,9.7,1.0395,112.49,51.903,1.064,631.8,0,68.789,16.886,71405.42,191.921
TRIP-1564,VESSEL-001,Handysize Bulk,35000,32000,7200,175.0,HFO,1.0,620.0,1.0,2751.7,11.83,15532.3,0.4854,4,2.1,26.0,1.114,232.6,114.917,1.064,676.2,0,169.732,54.815,122983.84,607.641
TRIP-1565,VESSEL-003,Capesize Bulk,180000,170000,21000,162.0,LNG,1.15,780.0,0.78,3930.2,15.5,165099.9,0.9712,2,0.88,11.3,1.0419,253.56,748.298,1.048,1774.1,1,870.981,122.683,714365.18,2430.037
TRIP-1566,VESSEL-005,Neo-Panamax Green,110000,102000,16500,158.0,Hydrogen,2.98,2800.0,0.08,619.1,15.15,89696.3,0.8794,1,0.77,8.3,1.0125,40.86,32.468,1.016,1427.8,0,35.837,3.369,129343.6,10.393
TRIP-1567,VESSEL-005,Neo-Panamax Green,110000,102000,16500,158.0,LNG,1.15,780.0,0.78,3892.8,14.47,92663.8,0.9085,3,1.88,23.7,1.0856,269.03,485.938,1.016,1423.8,1,614.645,128.707,503923.1,1714.86
TRIP-1568,VESSEL-001,Handysize Bulk,35000,32000,7200,175.0,Methanol,0.5,950.0,0.35,3736.7,11.41,11265.0,0.352,5,3.92,25.0,1.1375,327.49,280.534,1.064,663.3,1,424.648,144.114,416665.6,530.81
TRIP-1569,VESSEL-005,Neo-Panamax Green,110000,102000,16500,158.0,Ammonia,0.46,1100.0,0.15,1058.7,11.7,100182.7,0.9822,4,2.35,28.7,1.118,90.49,219.692,1.016,1436.1,1,289.564,69.872,343020.4,156.365
TRIP-1570,VESSEL-002,Panamax Bulk,75000,70000,12500,168.0,Ammonia,0.46,1100.0,0.15,2637.4,14.23,55432.9,0.7919,3,1.27,21.9,1.0829,185.34,624.656,1.04,1059.1,1,770.461,145.805,866757.1,416.049
TRIP-1571,VESSEL-003,Capesize Bulk,180000,170000,21000,162.0,LNG,1.15,780.0,0.78,4065.6,10.62,105105.2,0.6183,3,1.55,21.9,1.0829,382.82,333.727,1.048,1747.9,1,475.016,141.289,405512.48,1325.295
TRIP-1572,VESSEL-005,Neo-Panamax Green,110000,102000,16500,158.0,LNG,1.15,780.0,0.78,2402.4,13.84,92555.3,0.9074,4,1.38,23.6,1.1104,173.58,274.268,1.016,1379.5,1,342.028,67.76,291281.84,954.258
TRIP-1573,VESSEL-002,Panamax Bulk,75000,70000,12500,168.0,Ammonia,0.46,1100.0,0.15,3838.0,10.51,26573.5,0.3796,3,2.16,23.6,1.0854,365.18,447.022,1.04,1129.2,1,689.809,242.787,778039.9,372.497
TRIP-1574,VESSEL-002,Panamax Bulk,75000,70000,12500,168.0,LNG,1.15,780.0,0.78,3851.7,13.59,55745.6,0.7964,3,1.95,12.2,1.0683,283.42,333.172,1.04,1083.2,0,421.347,88.175,352400.66,1175.558
TRIP-1575,VESSEL-003,Capesize Bulk,180000,170000,21000,162.0,LNG,1.15,780.0,0.78,3418.2,12.46,70524.3,0.4148,4,3.48,23.3,1.1099,274.33,366.451,1.048,1737.8,0,510.997,144.546,438077.66,1425.682
TRIP-1576,VESSEL-002,Panamax Bulk,75000,70000,12500,168.0,Methanol,0.5,950.0,0.35,3362.0,11.19,65399.0,0.9343,5,2.14,31.9,1.1479,300.45,468.421,1.04,1059.4,0,676.053,207.632,666000.35,845.066
TRIP-1577,VESSEL-001,Handysize Bulk,35000,32000,7200,175.0,LNG,1.15,780.0,0.78,3841.5,13.07,11714.1,0.3661,1,0.53,4.6,1.0069,293.92,165.14,1.064,702.9,0,215.404,50.264,185765.12,600.977
TRIP-1578,VESSEL-002,Panamax Bulk,75000,70000,12500,168.0,Ammonia,0.46,1100.0,0.15,2059.0,13.67,62352.1,0.8907,5,1.85,34.2,1.1513,150.62,460.664,1.04,1084.8,0,621.523,160.859,707425.3,335.622
TRIP-1579,VESSEL-001,Handysize Bulk,35000,32000,7200,175.0,LNG,1.15,780.0,0.78,1953.4,13.84,31595.1,0.9873,5,3.03,34.3,1.1515,141.14,109.433,1.064,630.5,0,146.372,36.939,131920.16,408.378
TRIP-1580,VESSEL-004,Feeder Container,22000,18500,9800,180.0,Hydrogen,2.98,2800.0,0.08,3963.9,16.65,13219.7,0.7146,4,1.57,22.6,1.1089,238.07,160.76,1.032,900.8,1,198.499,37.739,567097.2,57.565
TRIP-1581,VESSEL-003,Capesize Bulk,180000,170000,21000,162.0,HFO,1.0,620.0,1.0,2081.0,13.55,119105.7,0.7006,6,3.82,29.8,1.1697,153.58,326.429,1.048,1753.0,0,458.183,131.754,323573.46,1640.295
TRIP-1582,VESSEL-001,Handysize Bulk,35000,32000,7200,175.0,Methanol,0.5,950.0,0.35,2791.3,12.21,23815.7,0.7442,4,1.61,22.2,1.1083,228.61,264.647,1.064,684.6,0,395.36,130.713,393342.0,494.2
TRIP-1583,VESSEL-002,Panamax Bulk,75000,70000,12500,168.0,HFO,1.0,620.0,1.0,3746.3,11.08,45868.1,0.6553,1,0.79,8.6,1.0129,338.11,239.373,1.04,1053.2,0,316.448,77.075,219947.76,1132.884
TRIP-1584,VESSEL-005,Neo-Panamax Green,110000,102000,16500,158.0,Hydrogen,2.98,2800.0,0.08,3440.3,11.38,76837.0,0.7533,5,2.9,37.9,1.1569,302.31,98.824,1.016,1420.8,1,144.338,45.514,428646.4,41.858
TRIP-1585,VESSEL-002,Panamax Bulk,75000,70000,12500,168.0,Methanol,0.5,950.0,0.35,1765.5,10.92,32167.7,0.4595,2,0.94,16.2,1.0493,161.68,208.559,1.04,1097.8,0,285.985,77.426,295435.75,357.481
TRIP-1586,VESSEL-002,Panamax Bulk,75000,70000,12500,168.0,HFO,1.0,620.0,1.0,4099.4,13.25,30831.5,0.4405,3,2.61,13.9,1.0709,309.39,354.709,1.04,1126.7,1,446.931,92.222,296347.22,1600.013
TRIP-1587,VESSEL-001,Handysize Bulk,35000,32000,7200,175.0,HFO,1.0,620.0,1.0,807.7,10.92,31132.3,0.9729,3,2.65,25.7,1.0886,73.97,32.292,1.064,673.1,1,46.604,14.312,42144.48,166.842
TRIP-1588,VESSEL-003,Capesize Bulk,180000,170000,21000,162.0,HFO,1.0,620.0,1.0,3237.7,13.65,144162.5,0.848,4,3.19,27.7,1.1165,237.19,534.123,1.048,1783.4,0,698.881,164.758,472806.22,2501.994
TRIP-1589,VESSEL-003,Capesize Bulk,180000,170000,21000,162.0,Ammonia,0.46,1100.0,0.15,3077.8,11.77,148115.1,0.8713,5,2.0,33.0,1.1495,261.5,825.254,1.048,1754.4,0,1222.366,397.112,1384102.6,660.078
TRIP-1590,VESSEL-002,Panamax Bulk,75000,70000,12500,168.0,LNG,1.15,780.0,0.78,527.9,14.6,37905.1,0.5415,2,0.94,17.8,1.0517,36.16,49.5,1.04,1146.7,0,62.104,12.604,72191.12,173.27
TRIP-1591,VESSEL-003,Capesize Bulk,180000,170000,21000,162.0,LNG,1.15,780.0,0.78,3628.9,10.19,69265.8,0.4074,4,3.5,21.7,1.1076,356.12,259.689,1.048,1751.3,1,421.909,162.22,364089.02,1177.126
TRIP-1592,VESSEL-001,Handysize Bulk,35000,32000,7200,175.0,LNG,1.15,780.0,0.78,2956.2,9.03,11928.7,0.3728,3,2.38,16.2,1.0743,327.38,60.768,1.064,707.5,0,115.185,54.417,107594.3,321.366
TRIP-1593,VESSEL-001,Handysize Bulk,35000,32000,7200,175.0,HFO,1.0,620.0,1.0,2829.1,14.38,21848.3,0.6828,4,2.07,28.7,1.118,196.74,183.304,1.064,713.0,1,255.127,71.823,171428.74,913.355
TRIP-1594,VESSEL-004,Feeder Container,22000,18500,9800,180.0,Methanol,0.5,950.0,0.35,3658.9,16.53,10288.0,0.5561,4,2.79,21.5,1.1073,221.35,840.884,1.032,885.6,0,1007.814,166.93,973223.3,1259.767
TRIP-1595,VESSEL-001,Handysize Bulk,35000,32000,7200,175.0,Methanol,0.5,950.0,0.35,1386.0,13.32,11652.2,0.3641,3,2.19,24.3,1.0865,104.05,142.253,1.064,690.1,1,186.801,44.548,190710.95,233.501
TRIP-1596,VESSEL-004,Feeder Container,22000,18500,9800,180.0,Hydrogen,2.98,2800.0,0.08,1429.1,12.27,7569.9,0.4092,2,1.38,9.8,1.0397,116.47,29.33,1.032,927.0,1,38.107,8.777,117999.6,11.051
TRIP-1597,VESSEL-004,Feeder Container,22000,18500,9800,180.0,HFO,1.0,620.0,1.0,3951.9,11.59,12119.5,0.6551,4,1.39,19.8,1.1047,340.97,228.355,1.032,901.4,1,322.354,93.999,211159.48,1154.027
TRIP-1598,VESSEL-005,Neo-Panamax Green,110000,102000,16500,158.0,Hydrogen,2.98,2800.0,0.08,1809.8,15.23,92062.9,0.9026,3,2.01,16.5,1.0748,118.83,96.447,1.016,1427.0,0,120.246,23.799,365688.8,34.871
TRIP-1599,VESSEL-005,Neo-Panamax Green,110000,102000,16500,158.0,Hydrogen,2.98,2800.0,0.08,3889.9,12.62,84714.9,0.8305,3,2.06,13.4,1.0701,308.23,139.962,1.016,1460.4,1,188.165,48.203,551362.0,54.568
TRIP-1600,VESSEL-001,Handysize Bulk,35000,32000,7200,175.0,HFO,1.0,620.0,1.0,3027.3,14.28,13064.4,0.4083,6,2.88,43.8,1.1907,212.0,180.624,1.064,719.4,1,260.85,80.226,174977.0,933.843
TRIP-1601,VESSEL-005,Neo-Panamax Green,110000,102000,16500,158.0,Ammonia,0.46,1100.0,0.15,3576.4,12.34,38074.2,0.3733,4,2.72,22.0,1.108,289.82,711.211,1.016,1377.7,1,990.004,278.793,1113504.4,534.602
TRIP-1602,VESSEL-002,Panamax Bulk,75000,70000,12500,168.0,LNG,1.15,780.0,0.78,2327.8,11.62,24781.3,0.354,3,1.9,22.1,1.0832,200.33,131.668,1.04,1075.1,0,189.123,57.455,171265.94,527.653
TRIP-1603,VESSEL-002,Panamax Bulk,75000,70000,12500,168.0,Methanol,0.5,950.0,0.35,3278.1,9.51,29960.6,0.428,2,1.79,9.8,1.0397,344.7,291.286,1.04,1128.9,0,454.771,163.485,455782.45,568.464
TRIP-1604,VESSEL-004,Feeder Container,22000,18500,9800,180.0,Hydrogen,2.98,2800.0,0.08,726.4,16.97,11118.9,0.601,3,1.27,25.1,1.0877,42.8,29.824,1.032,903.7,0,37.07,7.246,119596.0,10.75
TRIP-1605,VESSEL-002,Panamax Bulk,75000,70000,12500,168.0,HFO,1.0,620.0,1.0,3853.3,9.8,62265.8,0.8895,2,1.13,18.3,1.0524,393.19,203.755,1.04,1064.5,0,296.832,93.077,207785.84,1062.659
TRIP-1606,VESSEL-003,Capesize Bulk,180000,170000,21000,162.0,Ammonia,0.46,1100.0,0.15,3144.9,11.84,101343.6,0.5961,3,1.31,13.4,1.0701,265.62,797.725,1.048,1802.9,0,1067.717,269.992,1213988.7,576.567
TRIP-1607,VESSEL-001,Handysize Bulk,35000,32000,7200,175.0,LNG,1.15,780.0,0.78,4070.5,11.35,12023.1,0.3757,3,1.17,14.4,1.0716,358.63,132.289,1.064,683.0,1,198.27,65.981,167900.6,553.173
TRIP-1608,VESSEL-002,Panamax Bulk,75000,70000,12500,168.0,HFO,1.0,620.0,1.0,1982.3,15.28,42278.2,0.604,4,3.14,26.6,1.1149,129.73,237.832,1.04,1119.9,0,299.215,61.383,209263.3,1071.19
TRIP-1609,VESSEL-002,Panamax Bulk,75000,70000,12500,168.0,Methanol,0.5,950.0,0.35,1629.5,13.35,45499.6,0.65,2,0.86,12.5,1.0437,122.06,301.911,1.04,1149.2,0,388.162,86.251,392503.9,485.202
TRIP-1610,VESSEL-005,Neo-Panamax Green,110000,102000,16500,158.0,Methanol,0.5,950.0,0.35,1550.9,10.82,62537.7,0.6131,1,0.83,11.1,1.0167,143.34,231.964,1.016,1390.9,0,310.529,78.565,324002.55,388.161
TRIP-1611,VESSEL-005,Neo-Panamax Green,110000,102000,16500,158.0,Hydrogen,2.98,2800.0,0.08,1896.2,14.42,99185.1,0.9724,3,2.48,18.3,1.0775,131.5,92.056,1.016,1382.2,0,109.918,17.862,336770.4,31.876
TRIP-1612,VESSEL-003,Capesize Bulk,180000,170000,21000,162.0,Ammonia,0.46,1100.0,0.15,3689.6,12.29,74141.1,0.4361,3,1.54,12.4,1.0686,300.21,967.507,1.048,1783.7,1,1299.726,332.219,1464698.6,701.852
TRIP-1613,VESSEL-002,Panamax Bulk,75000,70000,12500,168.0,Ammonia,0.46,1100.0,0.15,2602.7,15.33,30708.5,0.4387,4,2.46,17.5,1.1013,169.78,655.05,1.04,1108.3,1,860.632,205.582,965945.2,464.741
TRIP-1614,VESSEL-003,Capesize Bulk,180000,170000,21000,162.0,Ammonia,0.46,1100.0,0.15,3183.0,11.01,72549.7,0.4268,3,1.85,15.5,1.0733,289.1,668.204,1.048,1745.5,0,982.897,314.693,1120686.7,530.764
TRIP-1615,VESSEL-002,Panamax Bulk,75000,70000,12500,168.0,Methanol,0.5,950.0,0.35,3386.8,13.14,24944.6,0.3564,4,3.52,19.1,1.1037,257.75,563.766,1.04,1109.5,1,723.646,159.88,706713.7,904.557
TRIP-1616,VESSEL-003,Capesize Bulk,180000,170000,21000,162.0,HFO,1.0,620.0,1.0,3496.6,10.14,166618.7,0.9801,4,3.02,22.6,1.1089,344.83,328.331,1.048,1805.2,0,492.646,164.315,344940.52,1763.673
TRIP-1617,VESSEL-005,Neo-Panamax Green,110000,102000,16500,158.0,Ammonia,0.46,1100.0,0.15,1766.0,14.47,39996.9,0.3921,6,2.51,37.5,1.1812,122.05,485.315,1.016,1454.3,0,628.176,142.861,719993.6,339.215
TRIP-1618,VESSEL-003,Capesize Bulk,180000,170000,21000,162.0,Ammonia,0.46,1100.0,0.15,3272.7,15.77,138511.0,0.8148,3,1.1,15.7,1.0736,207.53,1554.229,1.048,1756.0,1,1960.995,406.766,2192094.5,1058.937
TRIP-1619,VESSEL-003,Capesize Bulk,180000,170000,21000,162.0,Ammonia,0.46,1100.0,0.15,1603.9,12.98,168566.1,0.9916,3,1.33,18.5,1.0777,123.57,537.921,1.048,1750.0,0,670.34,132.419,776874.0,361.984
TRIP-1620,VESSEL-002,Panamax Bulk,75000,70000,12500,168.0,HFO,1.0,620.0,1.0,2265.6,10.27,41245.8,0.5892,3,2.21,20.4,1.0806,220.6,122.341,1.04,1079.5,0,185.811,63.47,138952.82,665.203
TRIP-1621,VESSEL-002,Panamax Bulk,75000,70000,12500,168.0,Methanol,0.5,950.0,0.35,3155.3,14.84,42475.1,0.6068,5,3.45,28.3,1.1425,212.62,714.664,1.04,1106.7,0,994.808,280.144,968817.6,1243.51
TRIP-1622,VESSEL-003,Capesize Bulk,180000,170000,21000,162.0,HFO,1.0,620.0,1.0,2769.7,12.31,59892.2,0.3523,1,0.6,10.4,1.0156,225.0,327.773,1.048,1785.0,0,439.718,111.945,312125.16,1574.19
TRIP-1623,VESSEL-003,Capesize Bulk,180000,170000,21000,162.0,LNG,1.15,780.0,0.78,1789.2,12.95,80533.9,0.4737,4,1.72,20.5,1.1058,138.16,210.433,1.048,1804.9,0,282.2,71.767,259616.0,787.338
TRIP-1624,VESSEL-001,Handysize Bulk,35000,32000,7200,175.0,HFO,1.0,620.0,1.0,1449.8,12.81,27680.9,0.865,3,2.09,18.2,1.0773,113.18,77.822,1.064,695.7,1,102.733,24.911,76944.46,367.784
TRIP-1625,VESSEL-002,Panamax Bulk,75000,70000,12500,168.0,LNG,1.15,780.0,0.78,2166.0,10.59,49102.3,0.7015,3,1.74,24.3,1.0865,204.53,111.192,1.04,1131.9,0,170.742,59.55,156928.76,476.37
TRIP-1626,VESSEL-002,Panamax Bulk,75000,70000,12500,168.0,HFO,1.0,620.0,1.0,1017.2,12.42,38957.5,0.5565,1,0.33,5.3,1.0079,81.9,79.675,1.04,1053.0,1,102.469,22.794,82780.78,366.839
TRIP-1627,VESSEL-001,Handysize Bulk,35000,32000,7200,175.0,LNG,1.15,780.0,0.78,3022.3,10.79,11348.3,0.3546,2,1.58,12.0,1.043,280.1,88.283,1.064,674.0,0,133.06,44.777,121536.8,371.237
TRIP-1628,VESSEL-002,Panamax Bulk,75000,70000,12500,168.0,LNG,1.15,780.0,0.78,2803.2,11.6,59621.7,0.8517,3,2.3,15.3,1.073,241.66,179.004,1.04,1125.4,1,250.904,71.9,214955.12,700.022
TRIP-1629,VESSEL-005,Neo-Panamax Green,110000,102000,16500,158.0,Hydrogen,2.98,2800.0,0.08,4132.7,15.49,62751.3,0.6152,3,2.05,14.3,1.0715,266.8,212.663,1.016,1468.0,0,263.699,51.036,767357.2,76.473
TRIP-1630,VESSEL-003,Capesize Bulk,180000,170000,21000,162.0,LNG,1.15,780.0,0.78,2311.9,14.03,91756.0,0.5397,2,1.17,10.7,1.041,164.78,324.659,1.048,1764.9,0,411.819,87.16,360718.82,1148.975
TRIP-1631,VESSEL-003,Capesize Bulk,180000,170000,21000,162.0,Ammonia,0.46,1100.0,0.15,2462.5,10.46,161149.1,0.9479,3,1.86,20.8,1.0812,235.42,530.929,1.048,1822.2,1,772.473,241.544,884720.3,417.135
TRIP-1632,VESSEL-001,Handysize Bulk,35000,32000,7200,175.0,LNG,1.15,780.0,0.78,597.5,9.12,14271.0,0.446,6,2.8,45.2,1.1928,65.52,12.768,1.064,725.6,1,23.732,10.964,31760.96,66.212
TRIP-1633,VESSEL-003,Capesize Bulk,180000,170000,21000,162.0,Ammonia,0.46,1100.0,0.15,3275.6,11.53,148590.2,0.8741,4,3.5,24.3,1.1115,284.09,843.369,1.048,1797.4,1,1196.333,352.964,1350966.3,646.02
TRIP-1634,VESSEL-002,Panamax Bulk,75000,70000,12500,168.0,Ammonia,0.46,1100.0,0.15,1688.4,10.34,47822.6,0.6832,3,2.67,14.2,1.0713,163.29,205.658,1.04,1104.1,0,315.584,109.926,370892.4,170.415
TRIP-1635,VESSEL-002,Panamax Bulk,75000,70000,12500,168.0,HFO,1.0,620.0,1.0,740.2,15.18,42300.9,0.6043,3,1.16,15.2,1.0728,48.76,87.655,1.04,1111.8,1,108.203,20.548,86335.86,387.367
TRIP-1636,VESSEL-003,Capesize Bulk,180000,170000,21000,162.0,HFO,1.0,620.0,1.0,1858.3,10.11,168399.9,0.9906,4,1.98,24.1,1.1111,183.81,173.886,1.048,1768.8,0,260.903,87.017,201259.86,934.033
TRIP-1637,VESSEL-004,Feeder Container,22000,18500,9800,180.0,Hydrogen,2.98,2800.0,0.08,1729.8,13.18,13571.8,0.7336,4,2.68,30.9,1.1213,131.24,44.145,1.032,884.1,1,57.295,13.15,171726.0,16.616
TRIP-1638,VESSEL-001,Handysize Bulk,35000,32000,7200,175.0,LNG,1.15,780.0,0.78,3911.0,14.11,11365.4,0.3552,1,0.46,8.1,1.0122,277.18,195.39,1.064,674.0,1,230.55,35.16,193079.0,643.235
TRIP-1639,VESSEL-003,Capesize Bulk,180000,170000,21000,162.0,Ammonia,0.46,1100.0,0.15,1513.9,15.61,86080.6,0.5064,5,1.73,32.2,1.1483,96.98,652.29,1.048,1798.2,0,900.636,248.346,1030199.6,486.343
TRIP-1640,VESSEL-001,Handysize Bulk,35000,32000,7200,175.0,LNG,1.15,780.0,0.78,778.5,9.77,19536.9,0.6105,3,2.11,25.2,1.0878,79.68,19.893,1.064,699.9,1,32.527,12.634,38621.06,90.75
TRIP-1641,VESSEL-001,Handysize Bulk,35000,32000,7200,175.0,HFO,1.0,620.0,1.0,2705.6,11.63,22873.1,0.7148,3,2.41,14.6,1.0719,232.64,115.549,1.064,681.5,1,164.729,49.18,115381.98,589.73
TRIP-1642,VESSEL-002,Panamax Bulk,75000,70000,12500,168.0,HFO,1.0,620.0,1.0,2232.3,13.36,42437.8,0.6063,5,4.29,37.9,1.1569,167.09,204.87,1.04,1063.8,1,283.075,78.205,194756.5,1013.409
TRIP-1643,VESSEL-001,Handysize Bulk,35000,32000,7200,175.0,Methanol,0.5,950.0,0.35,3382.7,10.99,21987.8,0.6871,3,2.69,18.4,1.0776,307.8,256.301,1.064,697.4,1,377.304,121.003,371688.8,471.63
TRIP-1644,VESSEL-005,Neo-Panamax Green,110000,102000,16500,158.0,LNG,1.15,780.0,0.78,1955.6,12.88,42848.7,0.4201,4,3.41,20.3,1.1055,151.83,171.563,1.016,1405.5,0,237.247,65.684,214052.66,661.919
TRIP-1645,VESSEL-003,Capesize Bulk,180000,170000,21000,162.0,HFO,1.0,620.0,1.0,3987.8,14.23,154481.3,0.9087,3,1.17,24.3,1.0865,280.24,725.308,1.048,1734.1,1,934.156,208.848,614176.72,3344.278
TRIP-1646,VESSEL-004,Feeder Container,22000,18500,9800,180.0,HFO,1.0,620.0,1.0,2198.8,15.07,7784.3,0.4208,4,1.27,17.0,1.1005,145.91,203.43,1.032,840.7,1,261.357,57.927,173341.34,935.658
TRIP-1647,VESSEL-002,Panamax Bulk,75000,70000,12500,168.0,Methanol,0.5,950.0,0.35,3211.3,14.56,63316.2,0.9045,3,2.46,14.3,1.0715,220.56,752.296,1.04,1143.2,1,950.796,198.5,922506.2,1188.495
TRIP-1648,VESSEL-005,Neo-Panamax Green,110000,102000,16500,158.0,Ammonia,0.46,1100.0,0.15,1842.9,15.88,37661.3,0.3692,4,3.15,30.4,1.1206,116.05,606.257,1.016,1386.9,1,750.481,144.224,850029.1,405.26
TRIP-1649,VESSEL-005,Neo-Panamax Green,110000,102000,16500,158.0,Methanol,0.5,950.0,0.35,3229.9,15.5,51951.9,0.5093,3,2.68,20.1,1.0801,208.38,965.801,1.016,1433.3,1,1216.744,250.943,1180406.8,1520.93
TRIP-1650,VESSEL-002,Panamax Bulk,75000,70000,12500,168.0,HFO,1.0,620.0,1.0,1376.2,13.15,62285.9,0.8898,2,1.33,17.0,1.0505,104.65,131.031,1.04,1075.0,1,161.906,30.875,119631.72,579.623
TRIP-1651,VESSEL-005,Neo-Panamax Green,110000,102000,16500,158.0,LNG,1.15,780.0,0.78,3092.2,11.4,53188.9,0.5215,6,4.36,34.2,1.1763,271.25,218.139,1.016,1386.9,0,343.041,124.902,296571.98,957.084
TRIP-1652,VESSEL-005,Neo-Panamax Green,110000,102000,16500,158.0,Ammonia,0.46,1100.0,0.15,835.9,10.91,65680.1,0.6439,1,0.81,5.6,1.0084,76.62,139.223,1.016,1427.5,0,185.059,45.836,232564.9,99.932
TRIP-1653,VESSEL-005,Neo-Panamax Green,110000,102000,16500,158.0,LNG,1.15,780.0,0.78,790.4,16.71,92364.9,0.9055,4,2.03,32.9,1.1243,47.3,131.483,1.016,1400.2,1,163.023,31.54,151657.94,454.834
TRIP-1654,VESSEL-001,Handysize Bulk,35000,32000,7200,175.0,LNG,1.15,780.0,0.78,1982.1,14.44,12727.6,0.3977,1,0.42,11.3,1.017,137.26,104.862,1.064,635.6,1,123.386,18.524,109491.08,344.247
TRIP-1655,VESSEL-002,Panamax Bulk,75000,70000,12500,168.0,Methanol,0.5,950.0,0.35,3749.4,14.67,48980.0,0.6997,2,1.51,15.5,1.0482,255.58,849.157,1.04,1104.3,1,1049.442,200.285,1016219.9,1311.803
TRIP-1656,VESSEL-004,Feeder Container,22000,18500,9800,180.0,HFO,1.0,620.0,1.0,2818.1,15.78,7501.9,0.4055,2,1.21,16.5,1.0497,178.59,284.828,1.032,904.6,0,349.445,64.617,232455.9,1251.013
TRIP-1657,VESSEL-002,Panamax Bulk,75000,70000,12500,168.0,Methanol,0.5,950.0,0.35,3655.8,15.31,31633.0,0.4519,4,3.06,20.8,1.1062,238.79,847.198,1.04,1078.8,0,1068.286,221.088,1038621.7,1335.358
TRIP-1658,VESSEL-002,Panamax Bulk,75000,70000,12500,168.0,Ammonia,0.46,1100.0,0.15,2874.5,10.25,60745.1,0.8678,5,3.85,22.2,1.1333,280.44,359.645,1.04,1088.1,1,563.436,203.791,639029.6,304.255
TRIP-1659,VESSEL-003,Capesize Bulk,180000,170000,21000,162.0,Ammonia,0.46,1100.0,0.15,3755.9,14.41,61212.7,0.3601,2,0.77,16.1,1.0491,260.65,1326.838,1.048,1816.5,0,1584.261,257.423,1782187.1,855.501
TRIP-1660,VESSEL-003,Capesize Bulk,180000,170000,21000,162.0,HFO,1.0,620.0,1.0,2752.8,11.96,86341.5,0.5079,5,2.42,23.7,1.1356,230.17,320.422,1.048,1813.9,1,466.351,145.929,324137.62,1669.537
TRIP-1661,VESSEL-005,Neo-Panamax Green,110000,102000,16500,158.0,Hydrogen,2.98,2800.0,0.08,1151.3,15.96,78247.6,0.7671,2,1.09,8.8,1.0382,72.14,65.267,1.016,1445.6,1,72.477,7.21,227435.6,21.018
TRIP-1662,VESSEL-004,Feeder Container,22000,18500,9800,180.0,Methanol,0.5,950.0,0.35,1214.6,16.52,14853.8,0.8029,1,0.84,11.6,1.0174,73.52,294.708,1.032,906.7,1,326.545,31.837,321517.75,408.181
TRIP-1663,VESSEL-004,Feeder Container,22000,18500,9800,180.0,HFO,1.0,620.0,1.0,935.7,15.02,11472.1,0.6201,2,1.47,14.7,1.047,62.3,90.093,1.032,846.0,1,108.793,18.7,78751.66,389.479
TRIP-1664,VESSEL-004,Feeder Container,22000,18500,9800,180.0,Methanol,0.5,950.0,0.35,2321.9,14.96,15855.4,0.857,6,2.49,45.1,1.1926,155.21,467.506,1.032,859.9,0,611.217,143.711,596456.15,764.021
TRIP-1665,VESSEL-005,Neo-Panamax Green,110000,102000,16500,158.0,Ammonia,0.46,1100.0,0.15,2556.4,14.3,51014.6,0.5001,4,1.82,25.9,1.1139,178.77,705.559,1.016,1403.9,0,951.173,245.614,1075290.3,513.633
TRIP-1666,VESSEL-003,Capesize Bulk,180000,170000,21000,162.0,LNG,1.15,780.0,0.78,3183.0,13.38,150603.0,0.8859,5,2.02,24.5,1.1368,237.89,442.683,1.048,1778.7,1,604.595,161.912,506584.1,1686.82
TRIP-1667,VESSEL-005,Neo-Panamax Green,110000,102000,16500,158.0,Hydrogen,2.98,2800.0,0.08,592.6,15.07,96007.4,0.9412,3,2.0,16.5,1.0748,39.32,31.195,1.016,1447.2,1,36.965,5.77,128002.0,10.72
TRIP-1668,VESSEL-002,Panamax Bulk,75000,70000,12500,168.0,Ammonia,0.46,1100.0,0.15,2984.1,10.34,31842.5,0.4549,4,3.38,29.8,1.1197,288.6,343.124,1.04,1147.4,0,529.885,186.761,606623.5,286.138
TRIP-1669,VESSEL-005,Neo-Panamax Green,110000,102000,16500,158.0,LNG,1.15,780.0,0.78,3517.0,13.15,78885.9,0.7734,2,1.22,15.3,1.0479,267.45,351.245,1.016,1425.2,0,448.063,96.818,378489.14,1250.096
TRIP-1670,VESSEL-004,Feeder Container,22000,18500,9800,180.0,HFO,1.0,620.0,1.0,1891.9,17.67,10871.0,0.5876,4,2.3,16.5,1.0998,107.07,250.231,1.032,926.0,0,298.343,48.112,200772.66,1068.068
TRIP-1671,VESSEL-001,Handysize Bulk,35000,32000,7200,175.0,LNG,1.15,780.0,0.78,2519.2,10.2,15485.3,0.4839,3,1.93,26.0,1.089,246.98,67.987,1.064,711.9,1,112.869,44.882,101287.82,314.905
TRIP-1672,VESSEL-001,Handysize Bulk,35000,32000,7200,175.0,Methanol,0.5,950.0,0.35,2214.0,14.46,23961.1,0.7488,1,0.9,8.4,1.0126,153.11,294.714,1.064,696.0,0,371.429,76.715,370607.55,464.286
TRIP-1673,VESSEL-004,Feeder Container,22000,18500,9800,180.0,Methanol,0.5,950.0,0.35,1581.8,17.6,8476.2,0.4582,2,1.55,8.7,1.038,89.87,402.751,1.032,842.2,0,462.512,59.761,455186.4,578.14
TRIP-1674,VESSEL-005,Neo-Panamax Green,110000,102000,16500,158.0,Ammonia,0.46,1100.0,0.15,1533.6,16.7,98875.2,0.9694,4,2.59,20.0,1.105,91.83,646.432,1.016,1396.2,1,743.048,96.616,841852.8,401.246
TRIP-1675,VESSEL-005,Neo-Panamax Green,110000,102000,16500,158.0,Hydrogen,2.98,2800.0,0.08,2281.4,12.04,89238.0,0.8749,4,1.65,25.1,1.1126,189.49,75.498,1.016,1401.8,1,106.598,31.1,322974.4,30.913
TRIP-1676,VESSEL-004,Feeder Container,22000,18500,9800,180.0,Hydrogen,2.98,2800.0,0.08,3984.7,12.8,12862.1,0.6952,3,2.56,17.5,1.0763,311.3,95.096,1.032,897.3,1,124.34,29.244,359452.0,36.059
TRIP-1677,VESSEL-003,Capesize Bulk,180000,170000,21000,162.0,LNG,1.15,780.0,0.78,3763.8,13.69,138652.0,0.8156,1,0.5,7.2,1.0108,274.93,538.912,1.048,1821.0,0,639.145,100.233,538033.1,1783.215
TRIP-1678,VESSEL-004,Feeder Container,22000,18500,9800,180.0,HFO,1.0,620.0,1.0,3894.0,13.98,12690.4,0.686,2,0.69,17.4,1.0511,278.54,329.666,1.032,911.5,0,398.944,69.278,263145.28,1428.22
TRIP-1679,VESSEL-001,Handysize Bulk,35000,32000,7200,175.0,Methanol,0.5,950.0,0.35,726.5,10.71,24674.4,0.7711,3,1.14,23.5,1.0853,67.83,53.33,1.064,664.1,0,78.191,24.861,92031.45,97.739
TRIP-1680,VESSEL-001,Handysize Bulk,35000,32000,7200,175.0,Methanol,0.5,950.0,0.35,887.1,12.91,26530.0,0.8291,4,1.64,17.7,1.1016,68.71,95.916,1.064,701.7,1,131.315,35.399,137999.25,164.144
TRIP-1681,VESSEL-001,Handysize Bulk,35000,32000,7200,175.0,Methanol,0.5,950.0,0.35,1475.2,12.16,20105.2,0.6283,4,2.48,17.2,1.1008,121.32,134.903,1.064,662.8,0,190.841,55.938,199048.95,238.551
TRIP-1682,VESSEL-004,Feeder Container,22000,18500,9800,180.0,HFO,1.0,620.0,1.0,1409.1,11.54,18033.8,0.9748,1,0.56,6.9,1.0104,122.11,86.564,1.032,887.9,1,112.708,26.144,81178.96,403.495
TRIP-1683,VESSEL-001,Handysize Bulk,35000,32000,7200,175.0,HFO,1.0,620.0,1.0,1048.3,11.21,20140.8,0.6294,1,0.68,4.5,1.0068,93.51,40.743,1.064,699.4,1,54.423,13.68,46992.26,194.834
TRIP-1684,VESSEL-001,Handysize Bulk,35000,32000,7200,175.0,Methanol,0.5,950.0,0.35,2209.1,11.41,27830.9,0.8697,2,1.47,10.1,1.0401,193.61,188.352,1.064,699.9,1,262.483,74.131,262608.85,328.104
TRIP-1685,VESSEL-003,Capesize Bulk,180000,170000,21000,162.0,Ammonia,0.46,1100.0,0.15,1957.7,11.92,69422.6,0.4084,3,1.56,21.9,1.0829,164.24,479.389,1.048,1804.1,0,675.969,196.58,783065.9,365.023
TRIP-1686,VESSEL-005,Neo-Panamax Green,110000,102000,16500,158.0,Ammonia,0.46,1100.0,0.15,2387.4,14.27,75140.3,0.7367,1,0.63,11.5,1.0172,167.3,695.782,1.016,1403.5,1,822.13,126.348,928843.0,443.95
TRIP-1687,VESSEL-005,Neo-Panamax Green,110000,102000,16500,158.0,Methanol,0.5,950.0,0.35,2330.1,10.98,62114.1,0.609,3,1.81,19.5,1.0793,212.21,358.507,1.016,1372.4,1,496.045,137.538,495742.75,620.056
TRIP-1688,VESSEL-004,Feeder Container,22000,18500,9800,180.0,Methanol,0.5,950.0,0.35,855.6,17.28,10139.5,0.5481,2,0.93,18.8,1.0532,49.51,214.464,1.032,901.4,1,243.657,29.193,242774.15,304.571
TRIP-1689,VESSEL-005,Neo-Panamax Green,110000,102000,16500,158.0,Methanol,0.5,950.0,0.35,2811.9,14.05,80478.2,0.789,4,1.84,22.9,1.1094,200.14,740.11,1.016,1429.3,1,945.263,205.153,922499.85,1181.579
TRIP-1690,VESSEL-005,Neo-Panamax Green,110000,102000,16500,158.0,Methanol,0.5,950.0,0.35,3762.1,14.64,71973.7,0.7056,3,1.01,23.8,1.0857,256.97,1053.754,1.016,1437.4,1,1288.675,234.921,1248741.25,1610.844
TRIP-1691,VESSEL-004,Feeder Container,22000,18500,9800,180.0,Methanol,0.5,950.0,0.35,2277.5,17.38,13360.0,0.7222,2,1.61,16.2,1.0493,131.04,600.849,1.032,839.9,1,698.422,97.573,674800.9,873.028
TRIP-1692,VESSEL-005,Neo-Panamax Green,110000,102000,16500,158.0,Ammonia,0.46,1100.0,0.15,1314.0,11.71,48503.2,0.4755,5,3.65,34.7,1.1521,112.21,241.653,1.016,1449.4,0,339.307,97.654,402237.7,183.226
TRIP-1693,VESSEL-004,Feeder Container,22000,18500,9800,180.0,HFO,1.0,620.0,1.0,2042.0,17.85,14873.2,0.804,4,3.36,18.2,1.1023,114.4,289.312,1.032,860.5,0,328.052,38.74,219192.24,1174.426
TRIP-1694,VESSEL-001,Handysize Bulk,35000,32000,7200,175.0,LNG,1.15,780.0,0.78,3872.9,9.82,19932.5,0.6229,2,1.52,12.3,1.0434,394.39,100.288,1.064,706.5,1,157.423,57.135,136039.94,439.21
TRIP-1695,VESSEL-004,Feeder Container,22000,18500,9800,180.0,HFO,1.0,620.0,1.0,2105.0,17.92,18305.6,0.9895,3,1.45,16.4,1.0746,117.47,312.789,1.032,883.2,1,373.007,60.218,242564.34,1335.365
TRIP-1696,VESSEL-005,Neo-Panamax Green,110000,102000,16500,158.0,Hydrogen,2.98,2800.0,0.08,2371.5,15.67,57079.8,0.5596,4,1.66,16.5,1.0998,151.34,123.163,1.016,1455.2,0,148.563,25.4,444976.4,43.083
TRIP-1697,VESSEL-002,Panamax Bulk,75000,70000,12500,168.0,LNG,1.15,780.0,0.78,3886.0,10.07,43788.0,0.6255,4,3.16,30.8,1.1212,385.9,177.037,1.04,1147.3,0,285.527,108.49,246461.06,796.62
TRIP-1698,VESSEL-004,Feeder Container,22000,18500,9800,180.0,HFO,1.0,620.0,1.0,3499.3,12.36,13821.3,0.7471,3,2.32,22.2,1.0833,283.11,234.746,1.032,857.8,0,320.541,85.795,214535.42,1147.537
TRIP-1699,VESSEL-001,Handysize Bulk,35000,32000,7200,175.0,LNG,1.15,780.0,0.78,4142.8,9.35,30804.0,0.9626,1,0.5,4.9,1.0073,443.08,105.339,1.064,709.4,1,176.089,70.75,150599.42,491.288
TRIP-1700,VESSEL-004,Feeder Container,22000,18500,9800,180.0,Methanol,0.5,950.0,0.35,2149.1,11.96,6686.9,0.3615,5,2.42,23.9,1.1359,179.69,246.911,1.032,926.6,0,353.721,106.81,351834.95,442.151
TRIP-1701,VESSEL-001,Handysize Bulk,35000,32000,7200,175.0,HFO,1.0,620.0,1.0,2061.7,13.84,25778.9,0.8056,4,2.98,16.7,1.1,148.97,127.405,1.064,693.6,1,170.699,43.294,119083.38,611.102
TRIP-1702,VESSEL-005,Neo-Panamax Green,110000,102000,16500,158.0,Hydrogen,2.98,2800.0,0.08,745.9,14.13,45072.0,0.4419,3,2.14,19.9,1.0798,52.79,30.566,1.016,1413.0,1,38.514,7.948,132339.2,11.169
TRIP-1703,VESSEL-001,Handysize Bulk,35000,32000,7200,175.0,Methanol,0.5,950.0,0.35,3745.5,12.63,18062.5,0.5645,2,0.65,10.3,1.0404,296.56,363.733,1.064,654.6,1,470.537,106.804,460260.15,588.171
TRIP-1704,VESSEL-004,Feeder Container,22000,18500,9800,180.0,Hydrogen,2.98,2800.0,0.08,4102.5,12.15,15261.2,0.8249,3,2.04,18.0,1.077,337.65,90.781,1.032,847.8,1,121.125,30.344,350450.0,35.126
TRIP-1705,VESSEL-002,Panamax Bulk,75000,70000,12500,168.0,Ammonia,0.46,1100.0,0.15,2937.9,10.17,45392.4,0.6485,3,1.25,23.5,1.0853,288.88,343.234,1.04,1086.3,0,513.753,170.519,588878.3,277.427
TRIP-1706,VESSEL-002,Panamax Bulk,75000,70000,12500,168.0,Ammonia,0.46,1100.0,0.15,3047.8,9.82,50585.8,0.7227,2,1.34,8.6,1.0379,310.37,338.084,1.04,1059.9,1,489.74,151.656,557964.0,264.46
TRIP-1707,VESSEL-001,Handysize Bulk,35000,32000,7200,175.0,Methanol,0.5,950.0,0.35,3654.7,12.69,28499.8,0.8906,2,1.18,16.1,1.0491,288.0,387.305,1.064,703.4,0,502.716,115.411,495330.2,628.395
TRIP-1708,VESSEL-004,Feeder Container,22000,18500,9800,180.0,Methanol,0.5,950.0,0.35,1476.6,11.18,14772.5,0.7985,1,0.31,11.0,1.0165,132.08,163.946,1.032,869.4,1,220.6,56.654,220870.0,275.75
TRIP-1709,VESSEL-005,Neo-Panamax Green,110000,102000,16500,158.0,LNG,1.15,780.0,0.78,3928.0,11.31,87224.6,0.8551,4,2.99,21.7,1.1076,347.3,295.854,1.016,1376.4,1,411.41,115.556,345399.8,1147.834
TRIP-1710,VESSEL-001,Handysize Bulk,35000,32000,7200,175.0,Methanol,0.5,950.0,0.35,865.9,11.55,28485.9,0.8902,2,0.97,16.4,1.0496,74.97,76.009,1.064,656.6,0,100.461,24.452,113187.95,125.576
TRIP-1711,VESSEL-001,Handysize Bulk,35000,32000,7200,175.0,HFO,1.0,620.0,1.0,1370.3,9.97,21016.2,0.6568,3,1.13,25.3,1.0879,137.44,42.41,1.064,712.0,1,67.646,25.236,55190.52,242.173
TRIP-1712,VESSEL-003,Capesize Bulk,180000,170000,21000,162.0,Ammonia,0.46,1100.0,0.15,3058.9,10.37,119781.5,0.7046,2,1.49,18.5,1.0527,294.98,611.551,1.048,1743.7,1,885.485,273.934,1009033.5,478.162
TRIP-1713,VESSEL-003,Capesize Bulk,180000,170000,21000,162.0,LNG,1.15,780.0,0.78,673.1,15.14,120493.1,0.7088,6,4.78,27.0,1.1655,44.46,114.857,1.048,1822.2,1,145.857,31.0,148768.46,406.941
TRIP-1714,VESSEL-005,Neo-Panamax Green,110000,102000,16500,158.0,Hydrogen,2.98,2800.0,0.08,4043.1,14.62,39628.2,0.3885,2,1.49,15.0,1.0475,276.55,174.914,1.016,1388.8,0,206.971,32.057,608518.8,60.022
TRIP-1715,VESSEL-002,Panamax Bulk,75000,70000,12500,168.0,HFO,1.0,620.0,1.0,3786.8,10.01,48824.9,0.6975,3,2.23,16.2,1.0743,378.3,199.547,1.04,1094.8,0,298.26,98.713,208671.2,1067.771
TRIP-1716,VESSEL-004,Feeder Container,22000,18500,9800,180.0,HFO,1.0,620.0,1.0,3071.2,11.39,18487.3,0.9993,2,0.88,15.6,1.0484,269.64,184.74,1.032,912.0,0,245.835,61.095,168217.7,880.089
TRIP-1717,VESSEL-001,Handysize Bulk,35000,32000,7200,175.0,Methanol,0.5,950.0,0.35,815.4,13.88,15997.5,0.4999,2,1.39,12.1,1.0431,58.75,94.107,1.064,680.9,1,118.354,24.247,125686.3,147.942
TRIP-1718,VESSEL-003,Capesize Bulk,180000,170000,21000,162.0,Ammonia,0.46,1100.0,0.15,2512.8,11.25,101952.9,0.5997,3,1.74,23.3,1.085,223.36,575.962,1.048,1806.8,1,857.151,281.189,977866.1,462.862
TRIP-1719,VESSEL-001,Handysize Bulk,35000,32000,7200,175.0,HFO,1.0,620.0,1.0,4038.7,13.13,27394.5,0.8561,2,0.92,17.8,1.0517,307.59,227.276,1.064,703.2,1,289.112,61.836,192499.44,1035.021
TRIP-1720,VESSEL-001,Handysize Bulk,35000,32000,7200,175.0,HFO,1.0,620.0,1.0,2333.2,11.65,25150.5,0.786,5,3.33,20.8,1.1312,200.27,101.689,1.064,637.4,1,148.603,46.914,105383.86,531.999
TRIP-1721,VESSEL-002,Panamax Bulk,75000,70000,12500,168.0,LNG,1.15,780.0,0.78,3127.6,14.54,53972.9,0.771,3,2.6,14.9,1.0724,215.1,307.808,1.04,1148.9,1,388.259,80.451,322092.02,1083.243
TRIP-1722,VESSEL-005,Neo-Panamax Green,110000,102000,16500,158.0,Ammonia,0.46,1100.0,0.15,4057.4,10.41,50154.5,0.4917,3,1.58,22.7,1.084,389.76,592.166,1.016,1422.5,0,913.562,321.396,1033918.2,493.323
TRIP-1723,VESSEL-005,Neo-Panamax Green,110000,102000,16500,158.0,Ammonia,0.46,1100.0,0.15,4039.6,15.13,46649.4,0.4573,2,1.15,9.3,1.0389,266.99,1234.437,1.016,1430.3,1,1410.357,175.92,1575892.7,761.593
TRIP-1724,VESSEL-004,Feeder Container,22000,18500,9800,180.0,Hydrogen,2.98,2800.0,0.08,3661.7,12.14,7238.5,0.3913,3,2.07,16.3,1.0745,301.62,73.252,1.032,871.2,0,95.309,22.057,282665.2,27.64
TRIP-1725,VESSEL-004,Feeder Container,22000,18500,9800,180.0,Methanol,0.5,950.0,0.35,4140.2,17.77,17898.3,0.9675,5,4.23,24.3,1.1365,232.99,1204.271,1.032,917.1,1,1465.137,260.866,1403180.15,1831.421
TRIP-1726,VESSEL-004,Feeder Container,22000,18500,9800,180.0,Hydrogen,2.98,2800.0,0.08,2106.8,17.33,17411.4,0.9412,1,0.74,6.7,1.01,121.57,97.248,1.032,913.5,0,109.017,11.769,321047.6,31.615
TRIP-1727,VESSEL-004,Feeder Container,22000,18500,9800,180.0,HFO,1.0,620.0,1.0,1844.3,14.56,7681.3,0.4152,1,0.58,10.7,1.016,126.67,159.064,1.032,861.0,1,184.898,25.834,125936.76,661.935
TRIP-1728,VESSEL-001,Handysize Bulk,35000,32000,7200,175.0,Methanol,0.5,950.0,0.35,1672.2,13.95,21712.8,0.6785,5,1.6,20.6,1.1309,119.87,203.714,1.064,686.0,1,281.088,77.374,280283.6,351.36
TRIP-1729,VESSEL-005,Neo-Panamax Green,110000,102000,16500,158.0,Hydrogen,2.98,2800.0,0.08,4011.7,16.65,82313.1,0.807,2,1.43,17.5,1.0513,240.94,249.858,1.016,1408.0,1,292.937,43.079,844723.6,84.952
TRIP-1730,VESSEL-001,Handysize Bulk,35000,32000,7200,175.0,HFO,1.0,620.0,1.0,3939.8,9.75,26988.4,0.8434,3,2.04,22.7,1.084,404.08,121.896,1.064,641.3,1,190.008,68.112,131054.96,680.229
TRIP-1731,VESSEL-003,Capesize Bulk,180000,170000,21000,162.0,Ammonia,0.46,1100.0,0.15,1968.4,13.65,123138.1,0.7243,7,5.8,47.5,1.2212,144.21,685.181,1.048,1783.7,0,952.989,267.808,1087787.9,514.614
TRIP-1732,VESSEL-004,Feeder Container,22000,18500,9800,180.0,HFO,1.0,620.0,1.0,1470.7,17.98,14486.0,0.783,2,1.23,8.7,1.038,81.8,210.453,1.032,873.9,1,238.427,27.974,159124.74,853.569
TRIP-1733,VESSEL-004,Feeder Container,22000,18500,9800,180.0,Hydrogen,2.98,2800.0,0.08,3253.5,12.4,16303.8,0.8813,5,2.14,28.1,1.1421,262.38,75.909,1.032,932.2,0,106.701,30.792,314562.8,30.943
TRIP-1734,VESSEL-005,Neo-Panamax Green,110000,102000,16500,158.0,LNG,1.15,780.0,0.78,3480.3,15.6,68093.3,0.6676,3,2.7,18.1,1.0772,223.1,476.816,1.016,1384.9,0,560.931,84.115,466526.18,1564.997
TRIP-1735,VESSEL-001,Handysize Bulk,35000,32000,7200,175.0,HFO,1.0,620.0,1.0,4035.3,10.82,20783.4,0.6495,2,1.68,10.5,1.0407,372.95,146.837,1.064,645.1,0,220.227,73.39,154290.74,788.413
TRIP-1736,VESSEL-001,Handysize Bulk,35000,32000,7200,175.0,Methanol,0.5,950.0,0.35,1221.6,11.22,30623.3,0.957,4,3.16,32.8,1.1242,108.88,102.747,1.064,654.2,0,151.527,48.78,161700.65,189.409
TRIP-1737,VESSEL-001,Handysize Bulk,35000,32000,7200,175.0,LNG,1.15,780.0,0.78,1506.0,12.01,25912.8,0.8098,5,3.5,20.9,1.1314,125.4,61.001,1.064,639.6,1,85.728,24.727,80117.84,239.181
TRIP-1738,VESSEL-003,Capesize Bulk,180000,170000,21000,162.0,HFO,1.0,620.0,1.0,2683.8,15.97,71784.2,0.4223,4,3.44,29.3,1.1189,168.05,544.619,1.048,1794.4,0,684.805,140.186,464079.1,2451.602
TRIP-1739,VESSEL-005,Neo-Panamax Green,110000,102000,16500,158.0,Hydrogen,2.98,2800.0,0.08,3273.6,10.97,94124.4,0.9228,4,2.77,24.6,1.1119,298.41,90.934,1.016,1385.0,1,127.013,36.079,380136.4,36.834
TRIP-1740,VESSEL-004,Feeder Container,22000,18500,9800,180.0,HFO,1.0,620.0,1.0,2832.6,14.51,13537.5,0.7318,4,2.77,30.4,1.1206,195.22,260.997,1.032,863.5,1,331.369,70.372,216748.78,1186.301
TRIP-1741,VESSEL-004,Feeder Container,22000,18500,9800,180.0,Methanol,0.5,950.0,0.35,1909.3,14.36,9698.1,0.5242,3,1.01,18.5,1.0777,132.96,328.705,1.032,933.5,1,424.894,96.189,414949.3,531.118
TRIP-1742,VESSEL-004,Feeder Container,22000,18500,9800,180.0,HFO,1.0,620.0,1.0,1532.4,12.51,15876.8,0.8582,2,1.0,14.4,1.0466,122.49,107.901,1.032,904.3,0,135.049,27.148,99530.38,483.475
TRIP-1743,VESSEL-005,Neo-Panamax Green,110000,102000,16500,158.0,Hydrogen,2.98,2800.0,0.08,3944.2,15.84,47044.7,0.4612,3,2.56,14.9,1.0724,249.0,204.126,1.016,1430.5,1,254.245,50.119,736386.0,73.731
TRIP-1744,VESSEL-004,Feeder Container,22000,18500,9800,180.0,Hydrogen,2.98,2800.0,0.08,1633.7,17.64,13006.4,0.703,4,1.31,24.2,1.1113,92.61,74.176,1.032,882.6,0,89.317,15.141,265887.6,25.902
TRIP-1745,VESSEL-001,Handysize Bulk,35000,32000,7200,175.0,HFO,1.0,620.0,1.0,1846.2,13.38,14376.8,0.4493,2,1.62,11.6,1.0424,137.98,97.727,1.064,669.9,1,122.657,24.93,89297.34,439.112
TRIP-1746,VESSEL-004,Feeder Container,22000,18500,9800,180.0,Methanol,0.5,950.0,0.35,2393.2,14.62,14382.8,0.7774,1,0.34,7.1,1.0107,163.69,452.266,1.032,909.0,1,515.134,62.868,500677.3,643.918
TRIP-1747,VESSEL-002,Panamax Bulk,75000,70000,12500,168.0,HFO,1.0,620.0,1.0,3516.3,11.71,34682.1,0.4955,4,1.7,28.1,1.1171,300.28,241.048,1.04,1123.2,1,343.581,102.533,232270.22,1230.02
TRIP-1748,VESSEL-004,Feeder Container,22000,18500,9800,180.0,HFO,1.0,620.0,1.0,2505.0,13.83,8338.4,0.4507,4,2.46,16.6,1.0999,181.13,196.582,1.032,837.0,1,244.714,48.132,163022.68,876.076
TRIP-1749,VESSEL-001,Handysize Bulk,35000,32000,7200,175.0,LNG,1.15,780.0,0.78,4075.7,14.49,31484.0,0.9839,2,1.79,13.0,1.0445,281.28,250.089,1.064,711.2,1,312.097,62.008,256685.66,870.751
TRIP-1750,VESSEL-003,Capesize Bulk,180000,170000,21000,162.0,Ammonia,0.46,1100.0,0.15,3170.1,14.79,78995.1,0.4647,3,1.06,13.6,1.0704,214.34,1212.946,1.048,1740.8,1,1461.685,248.739,1642853.5,789.31
TRIP-1751,VESSEL-005,Neo-Panamax Green,110000,102000,16500,158.0,Ammonia,0.46,1100.0,0.15,2536.9,13.27,59367.9,0.582,4,2.84,24.8,1.1122,191.18,615.568,1.016,1416.4,0,831.194,215.626,943313.4,448.845
TRIP-1752,VESSEL-003,Capesize Bulk,180000,170000,21000,162.0,LNG,1.15,780.0,0.78,3010.8,14.47,108821.6,0.6401,5,3.11,26.7,1.1401,208.07,461.342,1.048,1807.0,0,610.492,149.15,515683.76,1703.273
TRIP-1753,VESSEL-005,Neo-Panamax Green,110000,102000,16500,158.0,LNG,1.15,780.0,0.78,838.8,10.5,91091.6,0.8931,1,0.52,11.7,1.0175,79.89,54.939,1.016,1468.3,0,75.852,20.913,88164.56,211.627
TRIP-1754,VESSEL-005,Neo-Panamax Green,110000,102000,16500,158.0,Ammonia,0.46,1100.0,0.15,3385.6,15.32,65137.1,0.6386,4,2.59,30.2,1.1203,220.99,1110.382,1.016,1389.6,0,1381.137,270.755,1548250.7,745.814
TRIP-1755,VESSEL-005,Neo-Panamax Green,110000,102000,16500,158.0,LNG,1.15,780.0,0.78,3874.3,11.71,35885.3,0.3518,3,1.7,22.2,1.0833,330.85,275.943,1.016,1403.3,1,394.183,118.24,331962.74,1099.771
TRIP-1756,VESSEL-004,Feeder Container,22000,18500,9800,180.0,Hydrogen,2.98,2800.0,0.08,1644.7,17.49,15421.5,0.8336,3,2.54,18.3,1.0775,94.04,75.561,1.032,902.2,1,90.968,15.407,266010.4,26.381
TRIP-1757,VESSEL-002,Panamax Bulk,75000,70000,12500,168.0,Ammonia,0.46,1100.0,0.15,2766.4,9.85,67828.5,0.969,2,1.63,13.7,1.0455,280.85,327.219,1.04,1127.2,0,508.808,181.589,583438.8,274.756
TRIP-1758,VESSEL-002,Panamax Bulk,75000,70000,12500,168.0,LNG,1.15,780.0,0.78,1185.8,11.1,67706.6,0.9672,4,1.3,19.4,1.1041,106.83,71.22,1.04,1083.9,1,102.892,31.672,99505.76,287.069
TRIP-1759,VESSEL-005,Neo-Panamax Green,110000,102000,16500,158.0,Hydrogen,2.98,2800.0,0.08,3259.4,14.0,56397.7,0.5529,2,1.54,16.9,1.0503,232.81,134.888,1.016,1452.2,0,160.326,25.438,477912.8,46.495
TRIP-1760,VESSEL-003,Capesize Bulk,180000,170000,21000,162.0,LNG,1.15,780.0,0.78,3362.6,12.67,149926.4,0.8819,2,0.78,12.3,1.0434,265.4,418.959,1.048,1818.3,0,538.331,119.372,459398.18,1501.943
TRIP-1761,VESSEL-004,Feeder Container,22000,18500,9800,180.0,HFO,1.0,620.0,1.0,969.1,11.62,12129.3,0.6556,1,0.41,6.0,1.009,83.4,56.296,1.032,861.6,0,71.747,15.451,60283.14,256.854
TRIP-1762,VESSEL-002,Panamax Bulk,75000,70000,12500,168.0,Ammonia,0.46,1100.0,0.15,707.7,15.41,36163.5,0.5166,4,2.69,32.3,1.1235,45.92,183.618,1.04,1075.2,0,236.405,52.787,283795.5,127.659
TRIP-1763,VESSEL-003,Capesize Bulk,180000,170000,21000,162.0,LNG,1.15,780.0,0.78,966.1,10.51,88427.8,0.5202,2,0.73,18.5,1.0527,91.92,75.749,1.048,1757.9,1,113.53,37.781,123553.4,316.749
TRIP-1764,VESSEL-005,Neo-Panamax Green,110000,102000,16500,158.0,Methanol,0.5,950.0,0.35,3747.4,14.94,90650.9,0.8887,3,2.5,19.5,1.0793,250.83,1141.687,1.016,1397.7,1,1384.105,242.418,1339399.75,1730.131
TRIP-1765,VESSEL-004,Feeder Container,22000,18500,9800,180.0,Methanol,0.5,950.0,0.35,1970.8,17.34,6958.0,0.3761,5,2.25,38.8,1.1582,113.66,477.659,1.032,929.4,1,614.666,137.007,595232.7,768.333
TRIP-1766,VESSEL-002,Panamax Bulk,75000,70000,12500,168.0,HFO,1.0,620.0,1.0,4134.4,14.16,53169.3,0.7596,4,3.54,17.0,1.1005,291.98,442.577,1.04,1063.9,1,581.24,138.663,379618.8,2080.839
TRIP-1767,VESSEL-001,Handysize Bulk,35000,32000,7200,175.0,Methanol,0.5,950.0,0.35,1432.8,9.18,26126.7,0.8165,5,3.11,20.7,1.1311,156.08,78.107,1.064,666.3,1,136.75,58.643,143162.5,170.938
TRIP-1768,VESSEL-003,Capesize Bulk,180000,170000,21000,162.0,HFO,1.0,620.0,1.0,1990.2,11.07,120471.4,0.7087,2,1.53,13.4,1.0451,179.78,208.776,1.048,1761.0,0,277.859,69.083,211772.58,994.735
TRIP-1769,VESSEL-002,Panamax Bulk,75000,70000,12500,168.0,Ammonia,0.46,1100.0,0.15,1315.1,13.5,54966.7,0.7852,3,2.53,16.9,1.0754,97.41,279.879,1.04,1071.1,0,351.626,71.747,410538.6,189.878
TRIP-1770,VESSEL-001,Handysize Bulk,35000,32000,7200,175.0,LNG,1.15,780.0,0.78,2214.3,9.51,17567.0,0.549,3,1.88,16.2,1.0743,232.84,52.803,1.064,692.7,1,88.866,36.063,82565.48,247.936
TRIP-1771,VESSEL-003,Capesize Bulk,180000,170000,21000,162.0,Ammonia,0.46,1100.0,0.15,2317.9,14.93,133739.3,0.7867,4,2.39,17.9,1.1018,155.25,979.975,1.048,1741.6,0,1228.337,248.362,1390670.7,663.302
TRIP-1772,VESSEL-001,Handysize Bulk,35000,32000,7200,175.0,LNG,1.15,780.0,0.78,2509.4,13.05,25550.2,0.7984,3,1.09,18.1,1.0772,192.29,119.686,1.064,634.7,0,160.692,41.006,143089.76,448.331
TRIP-1773,VESSEL-002,Panamax Bulk,75000,70000,12500,168.0,Ammonia,0.46,1100.0,0.15,2623.4,12.95,58293.0,0.8328,2,1.31,16.3,1.0494,202.58,519.616,1.04,1063.8,0,662.246,142.63,752220.6,357.613
TRIP-1774,VESSEL-005,Neo-Panamax Green,110000,102000,16500,158.0,Hydrogen,2.98,2800.0,0.08,3353.7,12.77,55354.4,0.5427,5,3.79,36.9,1.1554,262.62,115.177,1.016,1460.9,1,165.547,50.37,488031.6,48.009
TRIP-1775,VESSEL-001,Handysize Bulk,35000,32000,7200,175.0,LNG,1.15,780.0,0.78,3919.7,9.0,21734.4,0.6792,2,1.37,15.1,1.0476,435.52,86.43,1.064,642.0,0,142.932,56.502,129236.96,398.78
TRIP-1776,VESSEL-005,Neo-Panamax Green,110000,102000,16500,158.0,Ammonia,0.46,1100.0,0.15,997.5,13.39,70122.8,0.6875,3,0.99,24.3,1.0865,74.5,252.945,1.016,1404.3,1,310.774,57.829,366351.4,167.818
TRIP-1777,VESSEL-005,Neo-Panamax Green,110000,102000,16500,158.0,Hydrogen,2.98,2800.0,0.08,2004.9,12.2,50799.4,0.498,1,0.85,7.1,1.0107,164.34,62.138,1.016,1468.9,1,79.239,17.101,246369.2,22.979
TRIP-1778,VESSEL-003,Capesize Bulk,180000,170000,21000,162.0,HFO,1.0,620.0,1.0,3889.5,11.46,87850.2,0.5168,3,2.11,15.9,1.0738,339.4,416.623,1.048,1782.3,0,588.486,171.863,404361.32,2106.78
TRIP-1779,VESSEL-002,Panamax Bulk,75000,70000,12500,168.0,Methanol,0.5,950.0,0.35,2942.1,10.98,43109.8,0.6159,2,1.76,9.4,1.0391,267.95,365.629,1.04,1098.0,1,519.67,154.041,512936.5,649.587
TRIP-1780,VESSEL-005,Neo-Panamax Green,110000,102000,16500,158.0,Hydrogen,2.98,2800.0,0.08,2545.2,15.93,61610.1,0.604,4,1.4,30.6,1.1209,159.77,138.13,1.016,1385.7,1,173.55,35.42,510440.0,50.33
TRIP-1781,VESSEL-004,Feeder Container,22000,18500,9800,180.0,HFO,1.0,620.0,1.0,3777.8,13.29,7364.2,0.3981,2,1.36,15.1,1.0476,284.26,270.346,1.032,862.1,0,336.178,65.832,224230.36,1203.517
TRIP-1782,VESSEL-003,Capesize Bulk,180000,170000,21000,162.0,HFO,1.0,620.0,1.0,1217.7,15.5,71383.9,0.4199,6,1.85,35.7,1.1785,78.56,232.63,1.048,1781.6,0,333.648,101.018,246361.76,1194.46
TRIP-1783,VESSEL-002,Panamax Bulk,75000,70000,12500,168.0,Methanol,0.5,950.0,0.35,1735.2,12.83,66675.8,0.9525,2,1.08,15.8,1.0487,135.25,319.167,1.04,1106.6,0,396.347,77.18,400279.65,495.434
TRIP-1784,VESSEL-004,Feeder Container,22000,18500,9800,180.0,Hydrogen,2.98,2800.0,0.08,4001.4,15.25,18277.6,0.988,6,5.23,24.2,1.1613,262.39,144.448,1.032,908.1,0,194.474,50.026,560327.2,56.397
TRIP-1785,VESSEL-002,Panamax Bulk,75000,70000,12500,168.0,LNG,1.15,780.0,0.78,2992.5,12.4,69774.9,0.9968,1,0.37,11.3,1.017,241.33,225.815,1.04,1113.0,0,280.009,54.194,242157.02,781.225
TRIP-1786,VESSEL-003,Capesize Bulk,180000,170000,21000,162.0,HFO,1.0,620.0,1.0,937.3,11.13,104863.9,0.6168,2,1.13,11.7,1.0425,84.21,97.144,1.048,1776.8,0,135.075,37.931,123246.5,483.568
TRIP-1787,VESSEL-002,Panamax Bulk,75000,70000,12500,168.0,Methanol,0.5,950.0,0.35,867.3,15.12,29407.8,0.4201,5,3.02,35.3,1.153,57.36,194.403,1.04,1071.5,1,251.886,57.483,258541.7,314.858
TRIP-1788,VESSEL-004,Feeder Container,22000,18500,9800,180.0,Hydrogen,2.98,2800.0,0.08,3819.4,12.19,7298.8,0.3945,2,0.97,11.1,1.0416,313.32,77.098,1.032,864.5,1,101.3,24.202,294940.0,29.377
TRIP-1789,VESSEL-003,Capesize Bulk,180000,170000,21000,162.0,Ammonia,0.46,1100.0,0.15,3353.2,11.98,104545.0,0.615,3,2.57,19.0,1.0785,279.9,874.937,1.048,1764.8,0,1196.305,321.368,1355435.5,646.005
TRIP-1790,VESSEL-004,Feeder Container,22000,18500,9800,180.0,Hydrogen,2.98,2800.0,0.08,3557.5,16.27,11389.1,0.6156,3,1.47,22.4,1.0836,218.65,134.724,1.032,908.6,1,165.397,30.673,474411.6,47.965
TRIP-1791,VESSEL-004,Feeder Container,22000,18500,9800,180.0,Hydrogen,2.98,2800.0,0.08,3009.7,16.52,16377.3,0.8853,4,2.93,31.2,1.1218,182.19,124.745,1.032,849.0,0,151.71,26.965,440588.0,43.996
TRIP-1792,VESSEL-003,Capesize Bulk,180000,170000,21000,162.0,HFO,1.0,620.0,1.0,2412.0,12.47,163540.4,0.962,3,1.98,15.8,1.0737,193.42,341.095,1.048,1768.3,1,424.716,83.621,298323.92,1520.483
TRIP-1793,VESSEL-001,Handysize Bulk,35000,32000,7200,175.0,Methanol,0.5,950.0,0.35,966.0,12.75,22827.3,0.7134,2,0.95,17.8,1.0517,75.76,99.128,1.064,643.3,1,130.074,30.946,136820.3,162.593
TRIP-1794,VESSEL-001,Handysize Bulk,35000,32000,7200,175.0,Methanol,0.5,950.0,0.35,1597.1,14.27,16735.9,0.523,2,0.75,10.6,1.0409,111.92,195.951,1.064,690.2,1,252.175,56.224,252816.25,315.219
TRIP-1795,VESSEL-001,Handysize Bulk,35000,32000,7200,175.0,HFO,1.0,620.0,1.0,3401.2,9.67,27884.0,0.8714,1,0.53,4.6,1.0069,351.73,104.186,1.064,705.2,0,161.794,57.608,118062.28,579.223
TRIP-1796,VESSEL-004,Feeder Container,22000,18500,9800,180.0,Methanol,0.5,950.0,0.35,2432.3,12.29,10939.1,0.5913,1,0.73,8.3,1.0125,197.91,311.518,1.032,916.9,0,398.9,87.382,394755.0,498.625
TRIP-1797,VESSEL-002,Panamax Bulk,75000,70000,12500,168.0,Ammonia,0.46,1100.0,0.15,3505.8,15.02,59894.1,0.8556,3,1.24,21.5,1.0823,233.41,939.183,1.04,1121.3,0,1168.832,229.649,1309465.2,631.169
TRIP-1798,VESSEL-005,Neo-Panamax Green,110000,102000,16500,158.0,Ammonia,0.46,1100.0,0.15,4046.7,12.62,44841.3,0.4396,3,1.92,22.5,1.0837,320.66,856.421,1.016,1376.8,1,1139.242,282.821,1277666.2,615.191
TRIP-1799,VESSEL-004,Feeder Container,22000,18500,9800,180.0,Methanol,0.5,950.0,0.35,700.8,11.15,12806.4,0.6922,3,2.19,13.7,1.0706,62.85,75.585,1.032,903.5,1,109.19,33.605,115030.5,136.488
TRIP-1800,VESSEL-005,Neo-Panamax Green,110000,102000,16500,158.0,LNG,1.15,780.0,0.78,2175.6,12.32,95203.4,0.9334,3,0.97,17.1,1.0756,176.59,198.001,1.016,1455.0,1,258.544,60.543,226164.32,721.338
TRIP-1801,VESSEL-004,Feeder Container,22000,18500,9800,180.0,HFO,1.0,620.0,1.0,4030.6,13.89,8838.9,0.4778,3,2.26,22.0,1.083,290.18,321.099,1.032,921.4,1,422.29,101.191,273119.8,1511.798
TRIP-1802,VESSEL-004,Feeder Container,22000,18500,9800,180.0,Hydrogen,2.98,2800.0,0.08,595.9,12.54,14274.0,0.7716,4,3.48,27.3,1.1159,47.52,13.883,1.032,885.3,1,18.563,4.68,63276.4,5.383
TRIP-1803,VESSEL-005,Neo-Panamax Green,110000,102000,16500,158.0,Ammonia,0.46,1100.0,0.15,1027.9,14.38,83367.9,0.8173,2,1.46,12.7,1.044,71.48,310.115,1.016,1458.9,1,371.384,61.269,433022.4,200.547
TRIP-1804,VESSEL-001,Handysize Bulk,35000,32000,7200,175.0,Methanol,0.5,950.0,0.35,1038.3,14.48,14805.8,0.4627,5,4.15,20.6,1.1309,71.71,129.191,1.064,701.2,1,174.719,45.528,179233.05,218.399
TRIP-1805,VESSEL-003,Capesize Bulk,180000,170000,21000,162.0,Ammonia,0.46,1100.0,0.15,1354.5,15.84,91163.3,0.5363,4,2.21,23.2,1.1098,85.51,605.597,1.048,1774.4,0,734.833,129.236,847816.3,396.81
TRIP-1806,VESSEL-004,Feeder Container,22000,18500,9800,180.0,Methanol,0.5,950.0,0.35,2615.4,12.13,8652.3,0.4677,2,1.11,16.9,1.0503,215.61,317.039,1.032,924.4,1,412.459,95.42,403136.05,515.574
TRIP-1807,VESSEL-005,Neo-Panamax Green,110000,102000,16500,158.0,LNG,1.15,780.0,0.78,3567.9,16.98,88907.5,0.8716,6,2.34,35.4,1.1781,210.12,608.051,1.016,1428.1,1,796.915,188.864,646093.7,2223.393
TRIP-1808,VESSEL-001,Handysize Bulk,35000,32000,7200,175.0,Methanol,0.5,950.0,0.35,1835.7,10.54,24187.4,0.7559,4,3.51,31.9,1.1228,174.17,130.052,1.064,642.3,0,196.661,66.609,204577.95,245.826
TRIP-1809,VESSEL-005,Neo-Panamax Green,110000,102000,16500,158.0,LNG,1.15,780.0,0.78,1911.7,11.54,58079.5,0.5694,6,1.82,46.7,1.195,165.66,139.875,1.016,1468.0,1,211.03,71.155,189103.4,588.774
TRIP-1810,VESSEL-004,Feeder Container,22000,18500,9800,180.0,Hydrogen,2.98,2800.0,0.08,3997.6,11.18,9172.8,0.4958,1,0.63,4.6,1.0069,357.57,69.531,1.032,862.6,0,92.811,23.28,275670.8,26.915
TRIP-1811,VESSEL-001,Handysize Bulk,35000,32000,7200,175.0,LNG,1.15,780.0,0.78,3524.9,10.34,21679.5,0.6775,3,1.14,18.0,1.077,340.9,102.551,1.064,686.1,0,159.248,56.697,141963.44,444.302
TRIP-1812,VESSEL-002,Panamax Bulk,75000,70000,12500,168.0,Ammonia,0.46,1100.0,0.15,4189.8,13.0,55323.3,0.7903,1,0.35,4.6,1.0069,322.29,827.887,1.04,1089.8,1,1019.028,191.141,1140180.8,550.275
TRIP-1813,VESSEL-004,Feeder Container,22000,18500,9800,180.0,Hydrogen,2.98,2800.0,0.08,1694.6,16.16,17260.0,0.933,1,0.33,10.8,1.0162,104.86,67.895,1.032,907.0,0,75.432,7.537,227009.6,21.875
TRIP-1814,VESSEL-001,Handysize Bulk,35000,32000,7200,175.0,HFO,1.0,620.0,1.0,1318.5,13.34,28116.3,0.8786,2,0.77,13.1,1.0446,98.84,76.993,1.064,650.6,1,101.248,24.255,76023.76,362.468
TRIP-1815,VESSEL-002,Panamax Bulk,75000,70000,12500,168.0,LNG,1.15,780.0,0.78,1056.3,10.77,58679.2,0.8383,4,2.55,30.1,1.1201,98.08,57.96,1.04,1050.5,0,85.189,27.229,90197.42,237.677
TRIP-1816,VESSEL-001,Handysize Bulk,35000,32000,7200,175.0,Methanol,0.5,950.0,0.35,3798.8,13.74,29979.1,0.9368,4,3.17,25.7,1.1136,276.48,476.964,1.064,628.8,0,636.181,159.217,622121.95,795.226
TRIP-1817,VESSEL-001,Handysize Bulk,35000,32000,7200,175.0,LNG,1.15,780.0,0.78,1355.0,11.21,23000.0,0.7188,3,1.34,18.5,1.0777,120.87,46.794,1.064,673.9,1,67.718,20.924,66070.04,188.933
TRIP-1818,VESSEL-002,Panamax Bulk,75000,70000,12500,168.0,LNG,1.15,780.0,0.78,566.7,11.08,32341.3,0.462,1,0.39,4.6,1.0069,51.15,29.986,1.04,1139.7,1,41.157,11.171,51352.46,114.828
TRIP-1819,VESSEL-001,Handysize Bulk,35000,32000,7200,175.0,HFO,1.0,620.0,1.0,2493.1,12.75,30432.6,0.951,5,1.87,29.9,1.1449,195.54,135.206,1.064,671.7,0,190.201,54.995,135674.62,680.92
TRIP-1820,VESSEL-002,Panamax Bulk,75000,70000,12500,168.0,Methanol,0.5,950.0,0.35,1711.7,15.13,28403.5,0.4058,3,1.72,22.8,1.0842,113.13,382.732,1.04,1094.3,0,477.485,94.753,477360.75,596.856
TRIP-1821,VESSEL-002,Panamax Bulk,75000,70000,12500,168.0,HFO,1.0,620.0,1.0,2650.1,14.81,47882.7,0.684,2,0.86,10.6,1.0409,178.94,304.682,1.04,1093.1,0,368.337,63.655,252118.94,1318.646
TRIP-1822,VESSEL-003,Capesize Bulk,180000,170000,21000,162.0,LNG,1.15,780.0,0.78,2128.1,12.3,128370.1,0.7551,3,1.92,15.4,1.0731,173.02,242.41,1.048,1737.9,0,329.941,87.531,296853.98,920.535
TRIP-1823,VESSEL-004,Feeder Container,22000,18500,9800,180.0,Hydrogen,2.98,2800.0,0.08,3359.9,11.64,10519.5,0.5686,4,2.67,30.5,1.1207,288.65,64.428,1.032,862.2,0,90.255,25.827,268514.0,26.174
TRIP-1824,VESSEL-001,Handysize Bulk,35000,32000,7200,175.0,HFO,1.0,620.0,1.0,1012.5,9.54,31490.2,0.9841,2,0.98,8.8,1.0382,106.13,30.971,1.064,641.2,0,48.579,17.608,47868.98,173.913
TRIP-1825,VESSEL-002,Panamax Bulk,75000,70000,12500,168.0,Methanol,0.5,950.0,0.35,2987.3,11.29,53682.8,0.7669,7,2.68,33.0,1.1995,264.6,407.299,1.04,1065.6,1,601.986,194.687,591136.7,752.482
TRIP-1826,VESSEL-002,Panamax Bulk,75000,70000,12500,168.0,HFO,1.0,620.0,1.0,2607.4,12.86,66028.9,0.9433,2,1.01,13.8,1.0457,202.75,240.398,1.04,1065.5,1,305.492,65.094,208655.04,1093.661
TRIP-1827,VESSEL-004,Feeder Container,22000,18500,9800,180.0,Hydrogen,2.98,2800.0,0.08,1926.0,14.04,14068.8,0.7605,3,0.9,23.3,1.085,137.18,56.111,1.032,922.9,1,68.095,11.984,201966.0,19.748
TRIP-1828,VESSEL-002,Panamax Bulk,75000,70000,12500,168.0,Methanol,0.5,950.0,0.35,2773.5,9.54,53203.3,0.76,2,1.73,12.5,1.0437,290.72,269.554,1.04,1052.5,0,415.635,146.081,418603.25,519.544
TRIP-1829,VESSEL-003,Capesize Bulk,180000,170000,21000,162.0,Ammonia,0.46,1100.0,0.15,2746.1,14.43,141406.8,0.8318,2,1.71,14.1,1.0461,190.3,1096.347,1.048,1809.0,1,1326.776,230.429,1494453.6,716.459
TRIP-1830,VESSEL-003,Capesize Bulk,180000,170000,21000,162.0,LNG,1.15,780.0,0.78,1543.0,12.89,142510.9,0.8383,2,1.71,14.3,1.0464,119.71,196.94,1.048,1740.5,0,244.083,47.143,229884.74,680.992
TRIP-1831,VESSEL-002,Panamax Bulk,75000,70000,12500,168.0,HFO,1.0,620.0,1.0,1357.6,9.82,30575.6,0.4368,3,2.19,13.9,1.0709,138.25,64.462,1.04,1123.8,0,103.105,38.643,87675.1,369.116
TRIP-1832,VESSEL-004,Feeder Container,22000,18500,9800,180.0,Hydrogen,2.98,2800.0,0.08,4021.7,15.62,18241.6,0.986,3,2.01,24.5,1.0868,257.47,152.247,1.032,917.1,1,190.555,38.308,544854.0,55.261
TRIP-1833,VESSEL-003,Capesize Bulk,180000,170000,21000,162.0,LNG,1.15,780.0,0.78,3174.5,10.82,113421.8,0.6672,6,4.9,28.7,1.1681,293.39,273.822,1.048,1802.0,1,435.467,161.645,374664.26,1214.953
TRIP-1834,VESSEL-003,Capesize Bulk,180000,170000,21000,162.0,LNG,1.15,780.0,0.78,687.0,11.41,70985.1,0.4176,5,1.65,21.8,1.1327,60.21,61.805,1.048,1753.9,1,88.648,26.843,104145.44,247.328
TRIP-1835,VESSEL-003,Capesize Bulk,180000,170000,21000,162.0,Ammonia,0.46,1100.0,0.15,2616.4,15.0,159340.2,0.9373,4,3.0,18.6,1.1029,174.43,1157.224,1.048,1746.4,1,1459.098,301.874,1640007.8,787.913
TRIP-1836,VESSEL-001,Handysize Bulk,35000,32000,7200,175.0,LNG,1.15,780.0,0.78,2232.5,9.86,15491.0,0.4841,4,3.45,27.3,1.1159,226.42,56.302,1.064,676.6,0,91.682,35.38,89261.96,255.793
TRIP-1837,VESSEL-001,Handysize Bulk,35000,32000,7200,175.0,HFO,1.0,620.0,1.0,1099.9,14.4,21105.4,0.6595,2,0.92,14.3,1.0464,76.38,71.061,1.064,720.7,1,87.471,16.41,67482.02,313.146
TRIP-1838,VESSEL-002,Panamax Bulk,75000,70000,12500,168.0,Ammonia,0.46,1100.0,0.15,1103.6,12.01,34656.9,0.4951,3,2.34,16.1,1.0741,91.89,172.984,1.04,1101.3,1,229.677,56.693,271894.7,124.026
TRIP-1839,VESSEL-003,Capesize Bulk,180000,170000,21000,162.0,HFO,1.0,620.0,1.0,2914.3,14.05,135329.1,0.7961,3,1.08,24.8,1.0872,207.42,503.062,1.048,1780.8,0,671.168,168.106,455624.16,2402.781
TRIP-1840,VESSEL-002,Panamax Bulk,75000,70000,12500,168.0,HFO,1.0,620.0,1.0,1629.3,14.72,38908.6,0.5558,2,1.65,12.1,1.0431,110.69,179.238,1.04,1107.3,1,209.15,29.912,148923.0,748.757
TRIP-1841,VESSEL-004,Feeder Container,22000,18500,9800,180.0,Methanol,0.5,950.0,0.35,3093.5,16.65,11649.2,0.6297,3,1.61,25.9,1.0889,185.8,733.598,1.032,895.2,0,859.159,125.561,832001.05,1073.949
TRIP-1842,VESSEL-002,Panamax Bulk,75000,70000,12500,168.0,HFO,1.0,620.0,1.0,1846.3,11.73,61867.1,0.8838,3,2.3,18.9,1.0784,157.4,139.685,1.04,1138.5,1,188.052,48.367,135842.24,673.226
TRIP-1843,VESSEL-001,Handysize Bulk,35000,32000,7200,175.0,LNG,1.15,780.0,0.78,3711.3,9.94,28924.7,0.9039,4,2.79,26.2,1.1143,373.37,105.237,1.064,646.3,1,172.961,67.724,148159.58,482.561
TRIP-1844,VESSEL-004,Feeder Container,22000,18500,9800,180.0,HFO,1.0,620.0,1.0,3591.5,11.82,8328.8,0.4502,4,2.36,31.5,1.1222,303.85,205.847,1.032,837.0,0,283.365,77.518,191486.3,1014.447
TRIP-1845,VESSEL-003,Capesize Bulk,180000,170000,21000,162.0,Ammonia,0.46,1100.0,0.15,3994.7,13.77,167976.5,0.9881,2,1.77,18.4,1.0526,290.1,1506.553,1.048,1767.4,0,1820.984,314.431,2042582.4,983.331
TRIP-1846,VESSEL-003,Capesize Bulk,180000,170000,21000,162.0,LNG,1.15,780.0,0.78,4118.0,12.02,127916.2,0.7524,3,1.61,18.5,1.0777,342.6,447.668,1.048,1737.6,1,619.507,171.839,518215.46,1728.425
TRIP-1847,VESSEL-004,Feeder Container,22000,18500,9800,180.0,Hydrogen,2.98,2800.0,0.08,4161.3,13.72,11975.9,0.6473,4,2.23,23.8,1.1107,303.3,112.875,1.032,884.0,1,145.301,32.426,418142.8,42.137
TRIP-1848,VESSEL-004,Feeder Container,22000,18500,9800,180.0,Methanol,0.5,950.0,0.35,1717.0,13.87,16865.2,0.9116,6,2.42,29.6,1.1694,123.79,300.667,1.032,880.4,1,426.342,125.675,416324.9,532.928
TRIP-1849,VESSEL-001,Handysize Bulk,35000,32000,7200,175.0,HFO,1.0,620.0,1.0,1953.7,11.74,20290.1,0.6341,3,1.85,21.7,1.0826,166.41,83.379,1.064,697.1,0,114.902,31.523,88989.24,411.349
TRIP-1850,VESSEL-004,Feeder Container,22000,18500,9800,180.0,HFO,1.0,620.0,1.0,917.1,16.88,7905.7,0.4273,1,0.81,4.6,1.0069,54.33,106.617,1.032,932.3,0,115.257,8.64,87259.34,412.62
TRIP-1851,VESSEL-002,Panamax Bulk,75000,70000,12500,168.0,Ammonia,0.46,1100.0,0.15,2667.8,10.05,51146.7,0.7307,3,1.46,17.2,1.0758,265.45,310.553,1.04,1082.1,1,447.412,136.859,511403.2,241.602
TRIP-1852,VESSEL-003,Capesize Bulk,180000,170000,21000,162.0,LNG,1.15,780.0,0.78,1959.8,11.96,100555.3,0.5915,2,1.51,12.0,1.043,163.86,202.653,1.048,1818.0,1,266.124,63.471,242576.72,742.486
TRIP-1853,VESSEL-005,Neo-Panamax Green,110000,102000,16500,158.0,LNG,1.15,780.0,0.78,1941.3,14.97,70202.0,0.6883,3,1.48,20.7,1.0811,129.68,246.155,1.016,1379.3,0,289.842,43.687,255076.76,808.659
TRIP-1854,VESSEL-001,Handysize Bulk,35000,32000,7200,175.0,LNG,1.15,780.0,0.78,767.5,12.18,20072.6,0.6273,5,3.33,22.3,1.1335,63.01,30.606,1.064,677.1,1,45.004,14.398,48353.12,125.561
TRIP-1855,VESSEL-002,Panamax Bulk,75000,70000,12500,168.0,Methanol,0.5,950.0,0.35,1591.2,13.29,58428.2,0.8347,3,1.24,15.1,1.0727,119.73,305.521,1.04,1056.7,0,390.633,85.112,394851.35,488.291
TRIP-1856,VESSEL-005,Neo-Panamax Green,110000,102000,16500,158.0,Hydrogen,2.98,2800.0,0.08,2454.1,12.48,91207.0,0.8942,1,0.89,4.6,1.0069,196.64,87.647,1.016,1439.6,0,112.727,25.08,344635.6,32.691
TRIP-1857,VESSEL-005,Neo-Panamax Green,110000,102000,16500,158.0,Methanol,0.5,950.0,0.35,3675.5,14.74,44047.0,0.4318,2,1.03,15.0,1.0475,249.36,974.301,1.016,1370.1,1,1198.462,224.161,1163038.9,1498.077
TRIP-1858,VESSEL-004,Feeder Container,22000,18500,9800,180.0,Methanol,0.5,950.0,0.35,3948.6,12.83,10380.6,0.5611,4,3.18,20.6,1.1059,307.76,547.309,1.032,888.4,1,730.044,182.735,704841.8,912.555
TRIP-1859,VESSEL-005,Neo-Panamax Green,110000,102000,16500,158.0,Methanol,0.5,950.0,0.35,1934.9,11.12,69571.7,0.6821,2,1.67,18.9,1.0534,174.0,310.891,1.016,1426.9,1,434.959,124.068,437711.05,543.699
TRIP-1860,VESSEL-005,Neo-Panamax Green,110000,102000,16500,158.0,Ammonia,0.46,1100.0,0.15,536.6,11.1,40406.6,0.3961,2,1.07,10.7,1.041,48.34,86.859,1.016,1376.5,1,121.236,34.377,157859.6,65.467
TRIP-1861,VESSEL-003,Capesize Bulk,180000,170000,21000,162.0,LNG,1.15,780.0,0.78,3617.4,14.78,60389.8,0.3552,6,4.38,40.9,1.1864,244.75,537.041,1.048,1823.4,0,757.241,220.2,630147.98,2112.702
TRIP-1862,VESSEL-005,Neo-Panamax Green,110000,102000,16500,158.0,Ammonia,0.46,1100.0,0.15,3108.4,14.58,76828.7,0.7532,1,0.51,7.5,1.0112,213.2,949.496,1.016,1396.1,0,1126.525,177.029,1268177.5,608.324
TRIP-1863,VESSEL-002,Panamax Bulk,75000,70000,12500,168.0,Ammonia,0.46,1100.0,0.15,733.0,11.7,46951.6,0.6707,5,3.8,34.6,1.1519,62.65,113.966,1.04,1067.3,1,167.683,53.717,203701.3,90.549
TRIP-1864,VESSEL-002,Panamax Bulk,75000,70000,12500,168.0,Methanol,0.5,950.0,0.35,2944.7,14.91,26649.5,0.3807,1,0.78,10.6,1.0159,197.5,635.223,1.04,1139.3,0,804.055,168.832,787602.25,1005.069
TRIP-1865,VESSEL-005,Neo-Panamax Green,110000,102000,16500,158.0,Methanol,0.5,950.0,0.35,1303.4,16.42,56682.3,0.5557,2,0.76,8.7,1.038,79.38,442.557,1.016,1378.8,1,486.108,43.551,486302.6,607.635
TRIP-1866,VESSEL-003,Capesize Bulk,180000,170000,21000,162.0,LNG,1.15,780.0,0.78,3126.1,13.18,70819.9,0.4166,3,1.05,23.8,1.0857,237.19,375.172,1.048,1763.8,0,489.165,113.993,421048.7,1364.77
TRIP-1867,VESSEL-003,Capesize Bulk,180000,170000,21000,162.0,LNG,1.15,780.0,0.78,1812.8,15.41,96956.3,0.5703,3,2.22,12.9,1.0694,117.64,309.537,1.048,1789.3,0,391.266,81.729,344687.48,1091.632
TRIP-1868,VESSEL-002,Panamax Bulk,75000,70000,12500,168.0,Methanol,0.5,950.0,0.35,3148.7,14.28,35747.9,0.5107,4,2.06,18.9,1.1034,220.5,644.505,1.04,1059.2,1,813.529,169.024,792102.55,1016.911
TRIP-1869,VESSEL-003,Capesize Bulk,180000,170000,21000,162.0,Ammonia,0.46,1100.0,0.15,2485.5,14.94,107660.3,0.6333,2,0.8,13.3,1.0449,166.37,1013.284,1.048,1776.4,1,1254.24,240.956,1414664.0,677.29
TRIP-1870,VESSEL-005,Neo-Panamax Green,110000,102000,16500,158.0,Methanol,0.5,950.0,0.35,3359.5,10.9,101767.2,0.9977,5,2.74,30.0,1.145,308.21,558.602,1.016,1422.2,0,821.406,262.804,809335.7,1026.757
TRIP-1871,VESSEL-004,Feeder Container,22000,18500,9800,180.0,HFO,1.0,620.0,1.0,1492.6,17.8,13115.2,0.7089,2,1.7,12.0,1.043,83.85,205.903,1.032,864.7,0,237.555,31.652,163084.1,850.447
TRIP-1872,VESSEL-001,Handysize Bulk,35000,32000,7200,175.0,Methanol,0.5,950.0,0.35,759.4,14.11,29945.0,0.9358,2,0.79,13.9,1.0458,53.82,100.527,1.064,701.0,0,129.869,29.342,141125.55,162.336
TRIP-1873,VESSEL-002,Panamax Bulk,75000,70000,12500,168.0,Ammonia,0.46,1100.0,0.15,4008.5,13.51,57634.1,0.8233,3,1.52,21.6,1.0824,296.71,862.196,1.04,1130.8,0,1124.128,261.932,1260290.8,607.029
TRIP-1874,VESSEL-001,Handysize Bulk,35000,32000,7200,175.0,LNG,1.15,780.0,0.78,2437.2,9.87,31556.3,0.9861,1,0.9,10.0,1.015,246.93,69.422,1.064,709.8,0,103.744,34.322,98670.32,289.446
TRIP-1875,VESSEL-003,Capesize Bulk,180000,170000,21000,162.0,LNG,1.15,780.0,0.78,2859.8,13.09,144825.4,0.8519,3,2.26,15.2,1.0728,218.47,377.627,1.048,1796.2,0,482.86,105.233,416130.8,1347.179
TRIP-1876,VESSEL-001,Handysize Bulk,35000,32000,7200,175.0,Methanol,0.5,950.0,0.35,2716.6,13.08,31421.4,0.9819,2,0.99,11.5,1.0422,207.69,312.267,1.064,658.6,1,397.958,85.691,391310.1,497.448
TRIP-1877,VESSEL-003,Capesize Bulk,180000,170000,21000,162.0,LNG,1.15,780.0,0.78,1054.7,12.99,62462.9,0.3674,2,1.4,13.6,1.0454,81.19,121.344,1.048,1760.2,1,153.125,31.781,154437.5,427.219
TRIP-1878,VESSEL-004,Feeder Container,22000,18500,9800,180.0,Methanol,0.5,950.0,0.35,667.5,12.65,17233.5,0.9315,2,1.5,15.8,1.0487,52.77,97.65,1.032,862.9,0,123.992,26.342,133592.4,154.99
TRIP-1879,VESSEL-002,Panamax Bulk,75000,70000,12500,168.0,HFO,1.0,620.0,1.0,2409.4,11.38,33405.0,0.4772,5,1.63,35.3,1.153,211.72,155.257,1.04,1107.2,1,240.97,85.713,168651.4,862.673
TRIP-1880,VESSEL-003,Capesize Bulk,180000,170000,21000,162.0,HFO,1.0,620.0,1.0,1221.2,15.84,145299.4,0.8547,4,1.38,21.4,1.1071,77.1,271.743,1.048,1741.6,1,337.381,65.638,244176.22,1207.824
TRIP-1881,VESSEL-005,Neo-Panamax Green,110000,102000,16500,158.0,Hydrogen,2.98,2800.0,0.08,2700.0,14.48,63262.8,0.6202,3,1.18,18.6,1.0779,186.46,121.558,1.016,1439.1,0,150.562,29.004,450573.6,43.663
TRIP-1882,VESSEL-004,Feeder Container,22000,18500,9800,180.0,HFO,1.0,620.0,1.0,2718.5,15.69,9913.7,0.5359,6,4.66,31.7,1.1725,173.26,280.116,1.032,881.2,0,381.935,101.819,252599.7,1367.327
TRIP-1883,VESSEL-005,Neo-Panamax Green,110000,102000,16500,158.0,Hydrogen,2.98,2800.0,0.08,2588.2,12.03,60191.8,0.5901,5,4.34,21.4,1.1321,215.15,79.832,1.016,1431.5,0,112.316,32.484,343484.8,32.572
TRIP-1884,VESSEL-003,Capesize Bulk,180000,170000,21000,162.0,HFO,1.0,620.0,1.0,3393.9,15.19,61967.3,0.3645,3,1.79,20.4,1.0806,223.43,613.564,1.048,1797.8,1,765.933,152.369,509878.46,2742.04
TRIP-1885,VESSEL-001,Handysize Bulk,35000,32000,7200,175.0,Methanol,0.5,950.0,0.35,4151.6,12.16,28352.0,0.886,2,0.74,16.0,1.049,341.41,403.544,1.064,723.9,0,544.394,140.85,534924.3,680.493
TRIP-1886,VESSEL-003,Capesize Bulk,180000,170000,21000,162.0,LNG,1.15,780.0,0.78,4063.3,14.17,164830.4,0.9696,3,1.99,14.6,1.0719,286.75,646.327,1.048,1799.5,0,793.52,147.193,658445.6,2213.921
TRIP-1887,VESSEL-004,Feeder Container,22000,18500,9800,180.0,HFO,1.0,620.0,1.0,3577.9,13.17,7074.4,0.3824,2,0.68,8.8,1.0382,271.67,250.49,1.032,859.2,0,318.059,67.569,212996.58,1138.651
TRIP-1888,VESSEL-004,Feeder Container,22000,18500,9800,180.0,HFO,1.0,620.0,1.0,3627.0,16.95,14374.4,0.777,1,0.68,5.7,1.0086,213.98,460.615,1.032,845.6,1,506.691,46.076,325448.42,1813.954
TRIP-1889,VESSEL-005,Neo-Panamax Green,110000,102000,16500,158.0,LNG,1.15,780.0,0.78,4101.1,11.7,61343.7,0.6014,5,1.55,39.6,1.1594,350.52,310.922,1.016,1406.9,1,462.138,151.216,384967.64,1289.365
TRIP-1890,VESSEL-003,Capesize Bulk,180000,170000,21000,162.0,HFO,1.0,620.0,1.0,1507.3,14.7,100032.5,0.5884,3,2.35,18.4,1.0776,102.54,270.577,1.048,1814.7,1,350.422,79.845,252261.64,1254.511
TRIP-1891,VESSEL-005,Neo-Panamax Green,110000,102000,16500,158.0,LNG,1.15,780.0,0.78,2679.9,16.84,39494.1,0.3872,3,0.97,15.1,1.0727,159.14,398.458,1.016,1460.6,0,447.176,48.718,377797.28,1247.621
TRIP-1892,VESSEL-004,Feeder Container,22000,18500,9800,180.0,HFO,1.0,620.0,1.0,1216.8,14.48,9292.7,0.5023,2,1.45,8.4,1.0376,84.03,105.952,1.032,839.1,1,132.18,26.228,93251.6,473.204
TRIP-1893,VESSEL-005,Neo-Panamax Green,110000,102000,16500,158.0,Hydrogen,2.98,2800.0,0.08,3347.5,12.89,92481.1,0.9067,2,1.78,17.9,1.0518,259.7,127.911,1.016,1422.9,1,164.613,36.702,485416.4,47.738
TRIP-1894,VESSEL-003,Capesize Bulk,180000,170000,21000,162.0,HFO,1.0,620.0,1.0,2712.8,14.7,133644.9,0.7861,2,0.86,8.5,1.0377,184.54,511.383,1.048,1754.1,0,620.363,108.98,424125.06,2220.9
TRIP-1895,VESSEL-004,Feeder Container,22000,18500,9800,180.0,Hydrogen,2.98,2800.0,0.08,2655.7,12.98,8664.9,0.4684,3,1.12,12.0,1.068,204.6,61.861,1.032,925.8,0,83.947,22.086,250851.6,24.345
TRIP-1896,VESSEL-003,Capesize Bulk,180000,170000,21000,162.0,HFO,1.0,620.0,1.0,1711.2,15.94,141053.6,0.8297,4,3.05,20.8,1.1062,107.35,383.283,1.048,1731.4,0,467.344,84.061,329253.28,1673.092
TRIP-1897,VESSEL-005,Neo-Panamax Green,110000,102000,16500,158.0,Hydrogen,2.98,2800.0,0.08,3433.6,12.07,54608.5,0.5354,5,3.84,32.1,1.1482,284.47,105.153,1.016,1394.3,1,142.771,37.618,424258.8,41.404
TRIP-1898,VESSEL-001,Handysize Bulk,35000,32000,7200,175.0,HFO,1.0,620.0,1.0,3084.4,10.68,15807.2,0.494,5,3.4,25.1,1.1377,288.8,105.214,1.064,712.2,1,168.1,62.886,117472.0,601.798
TRIP-1899,VESSEL-005,Neo-Panamax Green,110000,102000,16500,158.0,Ammonia,0.46,1100.0,0.15,2697.2,14.23,82150.6,0.8054,5,3.38,37.6,1.1564,189.54,794.605,1.016,1428.7,0,1058.428,263.823,1193270.8,571.551
TRIP-1900,VESSEL-004,Feeder Container,22000,18500,9800,180.0,Hydrogen,2.98,2800.0,0.08,4190.2,16.76,13611.6,0.7358,4,1.86,20.5,1.1058,250.01,173.005,1.032,867.6,1,200.916,27.911,573864.8,58.266
TRIP-1901,VESSEL-005,Neo-Panamax Green,110000,102000,16500,158.0,LNG,1.15,780.0,0.78,3317.7,12.83,89163.7,0.8742,4,3.0,18.4,1.1026,258.59,323.002,1.016,1379.9,1,423.884,100.882,355129.52,1182.636
TRIP-1902,VESSEL-003,Capesize Bulk,180000,170000,21000,162.0,LNG,1.15,780.0,0.78,1079.7,15.47,95517.6,0.5619,4,2.49,30.5,1.1207,69.79,185.386,1.048,1738.1,1,239.243,53.857,221609.54,667.488
TRIP-1903,VESSEL-005,Neo-Panamax Green,110000,102000,16500,158.0,Methanol,0.5,950.0,0.35,2755.5,14.58,38360.5,0.3761,4,2.09,19.7,1.1045,188.99,704.28,1.016,1423.8,0,884.168,179.888,868959.6,1105.21
TRIP-1904,VESSEL-004,Feeder Container,22000,18500,9800,180.0,Hydrogen,2.98,2800.0,0.08,3392.2,13.51,6518.3,0.3523,4,1.51,32.7,1.124,251.09,83.255,1.032,894.8,1,113.892,30.637,330197.6,33.029
TRIP-1905,VESSEL-002,Panamax Bulk,75000,70000,12500,168.0,LNG,1.15,780.0,0.78,2426.1,12.3,33189.1,0.4741,3,1.42,16.6,1.0749,197.24,158.683,1.04,1093.9,1,215.738,57.055,187525.64,601.909
TRIP-1906,VESSEL-003,Capesize Bulk,180000,170000,21000,162.0,LNG,1.15,780.0,0.78,624.8,12.09,143274.3,0.8428,3,2.65,25.7,1.0886,51.68,70.228,1.048,1758.2,0,96.822,26.594,115021.16,270.133
TRIP-1907,VESSEL-002,Panamax Bulk,75000,70000,12500,168.0,HFO,1.0,620.0,1.0,515.2,10.57,31129.6,0.4447,5,3.99,21.5,1.1322,48.74,28.4,1.04,1109.9,1,43.143,14.743,45998.66,154.452
TRIP-1908,VESSEL-003,Capesize Bulk,180000,170000,21000,162.0,LNG,1.15,780.0,0.78,2172.1,12.41,80583.5,0.474,5,3.84,22.6,1.1339,175.03,234.63,1.048,1814.9,1,325.43,90.8,288835.4,907.95
TRIP-1909,VESSEL-002,Panamax Bulk,75000,70000,12500,168.0,LNG,1.15,780.0,0.78,1776.3,11.5,30247.1,0.4321,4,1.85,16.1,1.0991,154.46,100.458,1.04,1083.9,1,151.11,50.652,137115.8,421.597
TRIP-1910,VESSEL-001,Handysize Bulk,35000,32000,7200,175.0,LNG,1.15,780.0,0.78,1612.0,13.52,22971.4,0.7179,2,1.03,14.8,1.0472,119.23,80.962,1.064,649.1,1,99.316,18.354,90716.48,277.092
TRIP-1911,VESSEL-004,Feeder Container,22000,18500,9800,180.0,Hydrogen,2.98,2800.0,0.08,1767.7,17.44,7033.0,0.3802,1,0.46,10.9,1.0164,101.36,72.786,1.032,837.7,0,79.862,7.076,239413.6,23.16
TRIP-1912,VESSEL-004,Feeder Container,22000,18500,9800,180.0,Hydrogen,2.98,2800.0,0.08,1791.7,15.36,15334.5,0.8289,5,3.63,28.4,1.1426,116.65,63.421,1.032,876.6,1,81.137,17.716,238483.6,23.53
TRIP-1913,VESSEL-001,Handysize Bulk,35000,32000,7200,175.0,LNG,1.15,780.0,0.78,3177.2,11.29,15852.8,0.4954,3,1.8,20.7,1.0811,281.42,105.356,1.064,646.8,0,150.823,45.467,135391.94,420.796
TRIP-1914,VESSEL-002,Panamax Bulk,75000,70000,12500,168.0,HFO,1.0,620.0,1.0,2541.6,10.66,59474.2,0.8496,3,2.04,23.9,1.0858,238.42,157.536,1.04,1096.7,1,232.934,75.398,163669.08,833.904
TRIP-1915,VESSEL-005,Neo-Panamax Green,110000,102000,16500,158.0,LNG,1.15,780.0,0.78,1930.8,14.57,57789.8,0.5666,3,1.76,17.3,1.0759,132.52,225.038,1.016,1400.8,0,278.266,53.228,246047.48,776.362
TRIP-1916,VESSEL-002,Panamax Bulk,75000,70000,12500,168.0,Methanol,0.5,950.0,0.35,1468.1,14.3,34227.4,0.489,2,1.66,16.5,1.0497,102.66,299.653,1.04,1057.5,1,391.627,91.974,391295.65,489.534
TRIP-1917,VESSEL-003,Capesize Bulk,180000,170000,21000,162.0,Ammonia,0.46,1100.0,0.15,3698.0,11.52,161048.5,0.9473,4,2.3,21.5,1.1073,321.01,966.973,1.048,1818.2,1,1325.299,358.326,1492828.9,715.661
TRIP-1918,VESSEL-005,Neo-Panamax Green,110000,102000,16500,158.0,LNG,1.15,780.0,0.78,3210.5,16.32,79411.7,0.7785,1,0.66,9.5,1.0143,196.72,494.462,1.016,1372.0,1,569.062,74.6,468368.36,1587.683
TRIP-1919,VESSEL-001,Handysize Bulk,35000,32000,7200,175.0,LNG,1.15,780.0,0.78,2648.6,13.65,25042.7,0.7826,4,1.89,29.4,1.1191,194.04,137.697,1.064,657.5,0,184.447,46.75,161618.66,514.607
TRIP-1920,VESSEL-004,Feeder Container,22000,18500,9800,180.0,Methanol,0.5,950.0,0.35,3280.9,13.23,10549.6,0.5702,4,1.75,32.5,1.1238,247.99,484.586,1.032,842.4,0,666.747,182.161,649209.65,833.434
TRIP-1921,VESSEL-005,Neo-Panamax Green,110000,102000,16500,158.0,Methanol,0.5,950.0,0.35,1998.3,15.06,99406.8,0.9746,1,0.66,6.3,1.0094,132.69,630.966,1.016,1413.3,1,706.893,75.927,696048.35,883.616
TRIP-1922,VESSEL-002,Panamax Bulk,75000,70000,12500,168.0,LNG,1.15,780.0,0.78,1441.9,13.4,64542.6,0.922,1,0.61,7.8,1.0117,107.6,124.895,1.04,1080.7,1,151.053,26.158,137071.34,421.438
TRIP-1923,VESSEL-001,Handysize Bulk,35000,32000,7200,175.0,LNG,1.15,780.0,0.78,4107.9,9.89,25602.2,0.8001,3,1.21,25.9,1.0889,415.36,112.573,1.064,678.8,1,177.253,64.68,151507.34,494.536
TRIP-1924,VESSEL-001,Handysize Bulk,35000,32000,7200,175.0,LNG,1.15,780.0,0.78,1595.0,10.59,13850.4,0.4328,3,2.18,14.5,1.0717,150.61,45.798,1.064,636.6,0,68.847,23.049,71450.66,192.083
TRIP-1925,VESSEL-004,Feeder Container,22000,18500,9800,180.0,Methanol,0.5,950.0,0.35,1569.1,15.95,17168.6,0.928,3,1.56,12.0,1.068,98.38,364.653,1.032,891.9,1,426.789,62.136,416749.55,533.486
TRIP-1926,VESSEL-004,Feeder Container,22000,18500,9800,180.0,Methanol,0.5,950.0,0.35,1189.1,12.74,9432.3,0.5099,4,2.05,32.8,1.1242,93.34,160.598,1.032,905.5,0,228.459,67.861,232836.05,285.574
TRIP-1927,VESSEL-004,Feeder Container,22000,18500,9800,180.0,Methanol,0.5,950.0,0.35,2133.2,13.06,17363.7,0.9386,2,1.31,9.5,1.0393,163.34,333.11,1.032,890.2,1,415.428,82.318,405956.6,519.285
TRIP-1928,VESSEL-005,Neo-Panamax Green,110000,102000,16500,158.0,Ammonia,0.46,1100.0,0.15,2201.0,14.79,38647.5,0.3789,3,1.73,25.7,1.0886,148.82,629.701,1.016,1383.9,1,772.252,142.551,873977.2,417.016
TRIP-1929,VESSEL-001,Handysize Bulk,35000,32000,7200,175.0,Methanol,0.5,950.0,0.35,1082.3,11.81,27057.8,0.8456,4,1.37,24.2,1.1113,91.64,98.309,1.064,700.2,0,143.351,45.042,153933.45,179.189
TRIP-1930,VESSEL-001,Handysize Bulk,35000,32000,7200,175.0,HFO,1.0,620.0,1.0,3894.4,11.58,25440.5,0.795,3,1.32,24.1,1.0861,336.3,168.057,1.064,642.2,1,232.374,64.317,157321.88,831.899
TRIP-1931,VESSEL-002,Panamax Bulk,75000,70000,12500,168.0,HFO,1.0,620.0,1.0,1063.5,13.55,33403.5,0.4772,2,1.07,9.8,1.0397,78.49,97.161,1.04,1129.8,1,124.053,26.892,96162.86,444.11
TRIP-1932,VESSEL-001,Handysize Bulk,35000,32000,7200,175.0,HFO,1.0,620.0,1.0,1450.7,12.16,17886.1,0.5589,3,2.37,13.3,1.0699,119.3,65.204,1.064,653.6,0,89.027,23.823,72946.74,318.717
TRIP-1933,VESSEL-002,Panamax Bulk,75000,70000,12500,168.0,LNG,1.15,780.0,0.78,1903.1,15.1,28137.4,0.402,5,2.53,34.3,1.1515,126.03,184.095,1.04,1060.1,1,244.176,60.081,209707.28,681.251
TRIP-1934,VESSEL-005,Neo-Panamax Green,110000,102000,16500,158.0,LNG,1.15,780.0,0.78,2556.1,11.85,55786.8,0.5469,5,3.99,21.2,1.1318,215.7,196.09,1.016,1457.9,0,258.193,62.103,230390.54,720.358
TRIP-1935,VESSEL-002,Panamax Bulk,75000,70000,12500,168.0,Methanol,0.5,950.0,0.35,1605.2,14.53,27384.8,0.3912,1,0.72,9.0,1.0135,110.47,329.742,1.04,1114.5,1,383.341,53.599,383423.95,479.176
TRIP-1936,VESSEL-005,Neo-Panamax Green,110000,102000,16500,158.0,Methanol,0.5,950.0,0.35,3286.7,11.2,84848.2,0.8318,6,2.48,26.8,1.1652,293.46,555.315,1.016,1383.9,0,804.924,249.609,793677.8,1006.155
TRIP-1937,VESSEL-005,Neo-Panamax Green,110000,102000,16500,158.0,Ammonia,0.46,1100.0,0.15,2808.1,16.16,66198.8,0.649,3,1.04,17.6,1.0764,173.77,1027.392,1.016,1429.4,0,1252.523,225.131,1406775.3,676.362
TRIP-1938,VESSEL-002,Panamax Bulk,75000,70000,12500,168.0,HFO,1.0,620.0,1.0,646.7,10.25,42919.9,0.6131,2,1.08,13.3,1.0449,63.09,34.994,1.04,1104.4,0,51.008,16.014,55374.96,182.609
TRIP-1939,VESSEL-004,Feeder Container,22000,18500,9800,180.0,Hydrogen,2.98,2800.0,0.08,3571.7,14.56,10277.0,0.5555,3,1.5,25.3,1.0879,245.31,106.839,1.032,918.5,1,129.808,22.969,374762.4,37.644
TRIP-1940,VESSEL-005,Neo-Panamax Green,110000,102000,16500,158.0,LNG,1.15,780.0,0.78,1717.7,14.39,94151.1,0.9231,3,2.53,22.6,1.0839,119.37,212.772,1.016,1468.1,1,258.702,45.93,226287.56,721.779
TRIP-1941,VESSEL-003,Capesize Bulk,180000,170000,21000,162.0,LNG,1.15,780.0,0.78,1445.0,15.4,120457.0,0.7086,3,1.83,13.4,1.0701,93.83,255.09,1.048,1804.4,1,313.044,57.954,279174.32,873.393
TRIP-1942,VESSEL-002,Panamax Bulk,75000,70000,12500,168.0,Ammonia,0.46,1100.0,0.15,4043.3,14.55,40055.6,0.5722,2,0.65,17.6,1.0514,277.89,948.638,1.04,1125.2,0,1143.309,194.671,1281389.9,617.387
TRIP-1943,VESSEL-003,Capesize Bulk,180000,170000,21000,162.0,LNG,1.15,780.0,0.78,2368.6,13.01,164592.7,0.9682,3,1.71,16.7,1.0751,182.06,317.501,1.048,1783.4,0,407.293,89.792,357188.54,1136.347
TRIP-1944,VESSEL-005,Neo-Panamax Green,110000,102000,16500,158.0,Methanol,0.5,950.0,0.35,3748.4,14.98,79083.9,0.7753,5,3.17,33.7,1.1506,250.23,1117.876,1.016,1371.1,1,1438.599,320.723,1391169.05,1798.249
TRIP-1945,VESSEL-005,Neo-Panamax Green,110000,102000,16500,158.0,Hydrogen,2.98,2800.0,0.08,3854.6,10.14,71689.3,0.7028,2,1.02,11.6,1.0424,380.14,86.846,1.016,1405.6,0,129.261,42.415,390930.8,37.486
TRIP-1946,VESSEL-002,Panamax Bulk,75000,70000,12500,168.0,Ammonia,0.46,1100.0,0.15,4164.3,11.78,29990.6,0.4284,4,2.5,24.1,1.1111,353.51,617.212,1.04,1114.9,0,871.306,254.094,982186.6,470.505
TRIP-1947,VESSEL-002,Panamax Bulk,75000,70000,12500,168.0,LNG,1.15,780.0,0.78,1174.7,11.93,69271.0,0.9896,3,0.92,13.7,1.0706,98.47,81.92,1.04,1108.7,0,111.254,29.334,110528.12,310.399
TRIP-1948,VESSEL-002,Panamax Bulk,75000,70000,12500,168.0,LNG,1.15,780.0,0.78,571.9,12.77,60671.3,0.8667,3,2.29,13.5,1.0703,44.78,44.409,1.04,1140.3,0,57.683,13.274,68742.74,160.936
TRIP-1949,VESSEL-005,Neo-Panamax Green,110000,102000,16500,158.0,LNG,1.15,780.0,0.78,3014.9,14.12,47304.6,0.4638,3,1.1,24.8,1.0872,213.52,321.499,1.016,1437.3,0,385.216,63.717,329468.48,1074.753
TRIP-1950,VESSEL-002,Panamax Bulk,75000,70000,12500,168.0,LNG,1.15,780.0,0.78,3859.1,12.73,32612.3,0.4659,3,1.76,23.4,1.0851,303.15,269.796,1.04,1095.1,1,367.876,98.08,306193.28,1026.374
TRIP-1951,VESSEL-004,Feeder Container,22000,18500,9800,180.0,Methanol,0.5,950.0,0.35,812.5,17.07,15443.4,0.8348,4,2.82,20.8,1.1062,47.6,211.974,1.032,835.5,1,255.447,43.473,253974.65,319.309
TRIP-1952,VESSEL-002,Panamax Bulk,75000,70000,12500,168.0,Ammonia,0.46,1100.0,0.15,1562.3,15.01,60406.3,0.8629,4,1.48,16.6,1.0999,104.08,418.676,1.04,1110.9,0,521.454,102.778,597349.4,281.585
TRIP-1953,VESSEL-002,Panamax Bulk,75000,70000,12500,168.0,Methanol,0.5,950.0,0.35,1692.0,13.62,63179.7,0.9026,2,1.24,15.2,1.0478,124.23,346.688,1.04,1070.3,1,432.322,85.634,429955.9,540.403
TRIP-1954,VESSEL-005,Neo-Panamax Green,110000,102000,16500,158.0,Hydrogen,2.98,2800.0,0.08,1036.8,16.35,44687.0,0.4381,4,3.5,27.3,1.1159,63.41,56.826,1.016,1411.1,1,71.455,14.629,224574.0,20.722
TRIP-1955,VESSEL-002,Panamax Bulk,75000,70000,12500,168.0,HFO,1.0,620.0,1.0,3947.2,15.49,44114.4,0.6302,3,2.57,16.7,1.0751,254.82,489.879,1.04,1126.1,1,605.81,115.931,394852.2,2168.8
TRIP-1956,VESSEL-004,Feeder Container,22000,18500,9800,180.0,HFO,1.0,620.0,1.0,1391.4,14.32,17138.2,0.9264,4,2.82,19.8,1.1047,97.16,130.264,1.032,862.3,0,166.655,36.391,119126.1,596.625
TRIP-1957,VESSEL-002,Panamax Bulk,75000,70000,12500,168.0,Methanol,0.5,950.0,0.35,1625.0,11.45,66919.3,0.956,5,2.25,26.3,1.1395,141.92,238.237,1.04,1112.8,1,343.985,105.748,346035.75,429.981
TRIP-1958,VESSEL-002,Panamax Bulk,75000,70000,12500,168.0,Ammonia,0.46,1100.0,0.15,3771.7,15.03,33432.0,0.4776,3,2.4,21.4,1.0821,250.94,921.713,1.04,1067.6,1,1197.157,275.444,1336122.7,646.465
TRIP-1959,VESSEL-001,Handysize Bulk,35000,32000,7200,175.0,HFO,1.0,620.0,1.0,891.7,10.34,28134.9,0.8792,2,1.2,17.1,1.0506,86.24,31.288,1.064,640.7,1,47.793,16.505,42881.66,171.099
TRIP-1960,VESSEL-002,Panamax Bulk,75000,70000,12500,168.0,LNG,1.15,780.0,0.78,2104.4,14.21,54203.7,0.7743,2,1.45,18.9,1.0534,148.09,197.97,1.04,1123.7,0,247.557,49.587,216844.46,690.684
TRIP-1961,VESSEL-001,Handysize Bulk,35000,32000,7200,175.0,HFO,1.0,620.0,1.0,1326.4,12.96,22808.7,0.7128,5,3.59,24.7,1.1371,102.35,70.313,1.064,658.2,0,97.035,26.722,77911.7,347.385
TRIP-1962,VESSEL-005,Neo-Panamax Green,110000,102000,16500,158.0,LNG,1.15,780.0,0.78,3153.9,14.09,77722.8,0.762,1,0.36,6.9,1.0104,223.84,360.642,1.016,1385.5,0,421.758,61.116,357971.24,1176.705
TRIP-1963,VESSEL-005,Neo-Panamax Green,110000,102000,16500,158.0,Hydrogen,2.98,2800.0,0.08,3523.0,15.71,85599.1,0.8392,4,2.96,20.6,1.1059,224.25,196.836,1.016,1469.3,0,239.484,42.648,699555.2,69.45
TRIP-1964,VESSEL-001,Handysize Bulk,35000,32000,7200,175.0,LNG,1.15,780.0,0.78,2827.5,14.44,27733.8,0.8667,3,2.65,21.7,1.0826,195.81,167.761,1.064,720.5,0,213.937,46.176,184620.86,596.884
TRIP-1965,VESSEL-004,Feeder Container,22000,18500,9800,180.0,Hydrogen,2.98,2800.0,0.08,3999.9,16.98,8277.0,0.4474,3,2.57,16.7,1.0751,235.57,158.658,1.032,905.6,1,200.973,42.315,574024.4,58.282
TRIP-1966,VESSEL-003,Capesize Bulk,180000,170000,21000,162.0,HFO,1.0,620.0,1.0,2986.9,10.19,166942.2,0.982,3,1.15,22.1,1.0832,293.12,283.369,1.048,1786.3,1,420.455,137.086,295682.1,1505.229
TRIP-1967,VESSEL-005,Neo-Panamax Green,110000,102000,16500,158.0,LNG,1.15,780.0,0.78,1665.6,10.46,56582.7,0.5547,1,0.31,6.6,1.0099,159.24,99.759,1.016,1442.8,1,136.59,36.831,131040.2,381.086
TRIP-1968,VESSEL-002,Panamax Bulk,75000,70000,12500,168.0,HFO,1.0,620.0,1.0,1868.1,12.64,48221.6,0.6889,2,1.06,11.8,1.0427,147.79,156.63,1.04,1109.2,1,205.025,48.395,146365.5,733.99
TRIP-1969,VESSEL-002,Panamax Bulk,75000,70000,12500,168.0,Methanol,0.5,950.0,0.35,3836.1,14.37,34134.7,0.4876,1,0.84,5.3,1.0079,266.95,790.427,1.04,1083.7,0,960.546,170.119,936268.7,1200.683
TRIP-1970,VESSEL-001,Handysize Bulk,35000,32000,7200,175.0,LNG,1.15,780.0,0.78,2274.0,12.91,14521.9,0.4538,3,1.45,22.9,1.0844,176.14,97.56,1.064,718.6,1,134.729,37.169,118338.62,375.894
TRIP-1971,VESSEL-004,Feeder Container,22000,18500,9800,180.0,Methanol,0.5,950.0,0.35,3631.0,14.67,9153.7,0.4948,4,2.15,26.0,1.114,247.51,647.912,1.032,859.8,1,804.771,156.859,775832.45,1005.964
TRIP-1972,VESSEL-005,Neo-Panamax Green,110000,102000,16500,158.0,Ammonia,0.46,1100.0,0.15,1206.9,10.1,53502.1,0.5245,3,1.27,22.7,1.084,119.5,167.209,1.016,1394.1,1,261.852,94.643,312537.2,141.4
TRIP-1973,VESSEL-002,Panamax Bulk,75000,70000,12500,168.0,Methanol,0.5,950.0,0.35,3717.2,15.42,69995.5,0.9999,4,2.13,28.8,1.1182,241.06,998.374,1.04,1145.7,0,1269.81,271.436,1230069.5,1587.262
TRIP-1974,VESSEL-002,Panamax Bulk,75000,70000,12500,168.0,HFO,1.0,620.0,1.0,2543.1,12.81,68184.9,0.9741,4,1.97,23.4,1.1101,198.52,234.3,1.04,1097.0,0,309.669,75.369,215744.78,1108.615
TRIP-1975,VESSEL-004,Feeder Container,22000,18500,9800,180.0,Methanol,0.5,950.0,0.35,2854.8,15.19,13451.8,0.7271,3,1.47,20.6,1.0809,187.94,575.949,1.032,847.3,0,703.578,127.629,684199.1,879.472
TRIP-1976,VESSEL-001,Handysize Bulk,35000,32000,7200,175.0,HFO,1.0,620.0,1.0,2823.1,14.36,16125.8,0.5039,4,3.45,26.3,1.1144,196.59,174.534,1.064,651.9,1,231.406,56.872,156721.72,828.433
TRIP-1977,VESSEL-005,Neo-Panamax Green,110000,102000,16500,158.0,Hydrogen,2.98,2800.0,0.08,2628.9,10.16,95910.3,0.9403,1,0.65,5.2,1.0078,258.75,62.893,1.016,1373.1,1,88.261,25.368,271630.8,25.596
TRIP-1978,VESSEL-004,Feeder Container,22000,18500,9800,180.0,Hydrogen,2.98,2800.0,0.08,2009.8,12.47,15361.1,0.8303,3,2.52,18.4,1.0776,161.17,46.902,1.032,896.6,1,61.014,14.112,182139.2,17.694
TRIP-1979,VESSEL-005,Neo-Panamax Green,110000,102000,16500,158.0,Ammonia,0.46,1100.0,0.15,1390.6,13.93,74446.7,0.7299,4,2.94,19.6,1.1044,99.83,385.574,1.016,1371.3,1,483.649,98.075,556513.9,261.17
TRIP-1980,VESSEL-001,Handysize Bulk,35000,32000,7200,175.0,Methanol,0.5,950.0,0.35,2299.2,10.7,12416.6,0.388,2,1.08,11.0,1.0415,214.88,153.234,1.064,643.5,0,219.015,65.781,225814.25,273.769
TRIP-1981,VESSEL-003,Capesize Bulk,180000,170000,21000,162.0,HFO,1.0,620.0,1.0,2277.1,12.02,95881.2,0.564,4,2.17,29.7,1.1196,189.44,271.601,1.048,1741.5,0,383.364,111.763,277185.68,1372.443
TRIP-1982,VESSEL-004,Feeder Container,22000,18500,9800,180.0,Hydrogen,2.98,2800.0,0.08,3101.2,17.82,9734.9,0.5262,5,3.56,33.6,1.1504,174.03,138.014,1.032,856.4,1,167.593,29.579,480560.4,48.602
TRIP-1983,VESSEL-002,Panamax Bulk,75000,70000,12500,168.0,LNG,1.15,780.0,0.78,624.5,13.7,69855.4,0.9979,1,0.35,9.9,1.0149,45.58,57.534,1.04,1063.6,1,66.34,8.806,70995.2,185.089
TRIP-1984,VESSEL-002,Panamax Bulk,75000,70000,12500,168.0,HFO,1.0,620.0,1.0,3994.9,14.7,51169.8,0.731,3,1.12,14.4,1.0716,271.76,457.705,1.04,1148.9,1,586.044,128.339,382597.28,2098.038
TRIP-1985,VESSEL-004,Feeder Container,22000,18500,9800,180.0,Methanol,0.5,950.0,0.35,1636.7,15.93,11431.4,0.6179,2,1.61,8.7,1.038,102.74,354.317,1.032,863.0,1,405.205,50.888,396244.75,506.506
TRIP-1986,VESSEL-003,Capesize Bulk,180000,170000,21000,162.0,HFO,1.0,620.0,1.0,1649.0,11.81,162666.1,0.9569,3,1.75,19.9,1.0798,139.63,208.922,1.048,1810.9,0,282.217,73.295,214474.54,1010.337
TRIP-1987,VESSEL-001,Handysize Bulk,35000,32000,7200,175.0,Methanol,0.5,950.0,0.35,580.1,12.97,13005.5,0.4064,3,2.45,20.2,1.0803,44.73,57.082,1.064,647.3,1,77.418,20.336,86797.1,96.773
TRIP-1988,VESSEL-004,Feeder Container,22000,18500,9800,180.0,Hydrogen,2.98,2800.0,0.08,2656.1,11.2,11384.6,0.6154,4,3.14,26.4,1.1146,237.15,47.663,1.032,845.1,1,67.008,19.345,198922.4,19.432
TRIP-1989,VESSEL-003,Capesize Bulk,180000,170000,21000,162.0,LNG,1.15,780.0,0.78,1618.0,15.43,155819.4,0.9166,4,3.24,27.5,1.1162,104.86,301.431,1.048,1755.1,0,383.206,81.775,338400.68,1069.145
TRIP-1990,VESSEL-005,Neo-Panamax Green,110000,102000,16500,158.0,LNG,1.15,780.0,0.78,849.6,14.53,64720.1,0.6345,4,3.12,28.3,1.1175,58.47,100.156,1.016,1390.2,1,129.405,29.249,125435.9,361.04
TRIP-1991,VESSEL-003,Capesize Bulk,180000,170000,21000,162.0,LNG,1.15,780.0,0.78,3590.4,11.83,103569.8,0.6092,3,0.92,16.9,1.0754,303.5,364.878,1.048,1779.9,0,496.971,132.093,427137.38,1386.549
TRIP-1992,VESSEL-004,Feeder Container,22000,18500,9800,180.0,Methanol,0.5,950.0,0.35,2405.5,15.03,13626.5,0.7366,2,1.79,9.9,1.0398,160.05,476.142,1.032,909.2,1,561.033,84.891,544281.35,701.291
TRIP-1993,VESSEL-004,Feeder Container,22000,18500,9800,180.0,Methanol,0.5,950.0,0.35,2826.9,17.53,12340.3,0.667,3,1.81,14.0,1.071,161.26,749.406,1.032,909.2,1,863.898,114.492,832003.1,1079.872
TRIP-1994,VESSEL-002,Panamax Bulk,75000,70000,12500,168.0,LNG,1.15,780.0,0.78,1804.8,12.79,28620.0,0.4089,1,0.59,11.3,1.017,141.11,125.486,1.04,1050.2,0,158.672,33.186,147514.16,442.695
TRIP-1995,VESSEL-005,Neo-Panamax Green,110000,102000,16500,158.0,Methanol,0.5,950.0,0.35,2760.0,10.07,36374.5,0.3566,4,3.06,29.3,1.1189,274.08,334.783,1.016,1406.1,0,516.363,181.58,519544.85,645.454
TRIP-1996,VESSEL-001,Handysize Bulk,35000,32000,7200,175.0,HFO,1.0,620.0,1.0,1722.0,13.44,16933.4,0.5292,3,1.68,17.8,1.0767,128.12,93.848,1.064,676.4,1,120.481,26.633,87948.22,431.322
TRIP-1997,VESSEL-001,Handysize Bulk,35000,32000,7200,175.0,Methanol,0.5,950.0,0.35,3553.8,9.83,13390.3,0.4184,1,0.7,4.4,1.0066,361.53,201.479,1.064,704.6,1,314.922,113.443,312425.9,393.653
TRIP-1998,VESSEL-005,Neo-Panamax Green,110000,102000,16500,158.0,Hydrogen,2.98,2800.0,0.08,1259.9,15.57,86537.2,0.8484,3,2.63,16.8,1.0752,80.92,69.295,1.016,1467.0,1,85.291,15.996,263314.8,24.734
TRIP-1999,VESSEL-004,Feeder Container,22000,18500,9800,180.0,HFO,1.0,620.0,1.0,3841.6,14.72,18125.7,0.9798,3,2.53,17.7,1.0766,260.98,384.372,1.032,857.0,1,479.019,94.647,308291.78,1714.888
TRIP-2000,VESSEL-001,Handysize Bulk,35000,32000,7200,175.0,Methanol,0.5,950.0,0.35,699.9,12.77,11664.3,0.3645,3,1.24,20.9,1.0814,54.81,66.036,1.064,681.2,1,87.889,21.853,96744.55,109.861
TRIP-2001,VESSEL-005,Neo-Panamax Green,110000,102000,16500,158.0,LNG,1.15,780.0,0.78,4192.9,14.48,90695.4,0.8892,4,2.54,19.3,1.1039,289.56,521.766,1.016,1438.1,1,645.173,123.407,527734.94,1800.033
TRIP-2002,VESSEL-005,Neo-Panamax Green,110000,102000,16500,158.0,Methanol,0.5,950.0,0.35,2563.4,10.44,93709.2,0.9187,2,1.01,11.2,1.0418,245.54,384.021,1.016,1415.5,0,535.904,151.883,538108.8,669.88
TRIP-2003,VESSEL-004,Feeder Container,22000,18500,9800,180.0,Methanol,0.5,950.0,0.35,1015.8,12.18,7531.6,0.4071,2,1.1,17.5,1.0513,83.4,122.38,1.032,862.4,1,160.513,38.133,163787.35,200.641
TRIP-2004,VESSEL-004,Feeder Container,22000,18500,9800,180.0,Methanol,0.5,950.0,0.35,809.5,12.18,15510.3,0.8384,3,1.89,17.4,1.0761,66.46,107.602,1.032,918.5,0,146.344,38.742,154826.8,182.93
TRIP-2005,VESSEL-005,Neo-Panamax Green,110000,102000,16500,158.0,LNG,1.15,780.0,0.78,659.3,11.52,84994.0,0.8333,4,3.21,30.2,1.1203,57.23,51.255,1.016,1385.3,1,72.628,21.373,81149.84,202.632
TRIP-2006,VESSEL-002,Panamax Bulk,75000,70000,12500,168.0,HFO,1.0,620.0,1.0,4020.2,15.19,55837.1,0.7977,3,2.63,24.5,1.0868,264.66,499.776,1.04,1062.9,0,631.096,131.32,415029.52,2259.324
TRIP-2007,VESSEL-003,Capesize Bulk,180000,170000,21000,162.0,HFO,1.0,620.0,1.0,567.9,14.4,140874.1,0.8287,3,0.93,26.0,1.089,39.44,103.793,1.048,1742.2,0,136.612,32.819,124199.44,489.071
TRIP-2008,VESSEL-001,Handysize Bulk,35000,32000,7200,175.0,HFO,1.0,620.0,1.0,3380.7,12.34,14532.3,0.4541,2,0.85,14.1,1.0461,273.96,152.406,1.064,667.0,1,206.369,53.963,141198.78,738.801
TRIP-2009,VESSEL-005,Neo-Panamax Green,110000,102000,16500,158.0,Ammonia,0.46,1100.0,0.15,1704.4,13.38,59519.2,0.5835,2,1.25,16.9,1.0503,127.38,420.583,1.016,1401.1,0,523.057,102.474,604362.7,282.451
TRIP-2010,VESSEL-005,Neo-Panamax Green,110000,102000,16500,158.0,LNG,1.15,780.0,0.78,1611.6,13.63,68609.6,0.6726,5,1.77,37.4,1.1561,118.24,168.759,1.016,1407.7,1,218.666,49.907,195059.48,610.078
TRIP-2011,VESSEL-003,Capesize Bulk,180000,170000,21000,162.0,Ammonia,0.46,1100.0,0.15,3139.5,11.54,73295.1,0.4311,3,1.3,19.1,1.0787,272.05,724.884,1.048,1736.8,1,1014.252,289.368,1150677.2,547.696
TRIP-2012,VESSEL-001,Handysize Bulk,35000,32000,7200,175.0,HFO,1.0,620.0,1.0,567.4,10.43,30177.4,0.943,3,2.21,18.0,1.077,54.4,20.554,1.064,628.5,0,30.555,10.001,36694.1,109.387
TRIP-2013,VESSEL-003,Capesize Bulk,180000,170000,21000,162.0,HFO,1.0,620.0,1.0,1677.8,13.31,115496.7,0.6794,2,0.63,11.0,1.0415,126.06,252.62,1.048,1774.9,1,323.867,71.247,235797.54,1159.444
TRIP-2014,VESSEL-004,Feeder Container,22000,18500,9800,180.0,Methanol,0.5,950.0,0.35,907.4,11.37,15383.9,0.8316,4,3.07,28.3,1.1175,79.81,104.957,1.032,929.2,1,151.126,46.169,154869.7,188.907
TRIP-2015,VESSEL-004,Feeder Container,22000,18500,9800,180.0,Hydrogen,2.98,2800.0,0.08,2033.0,17.23,6703.1,0.3623,2,0.84,17.2,1.0508,117.99,81.352,1.032,903.6,1,95.163,13.811,277756.4,27.597
TRIP-2016,VESSEL-004,Feeder Container,22000,18500,9800,180.0,HFO,1.0,620.0,1.0,3319.2,16.6,10884.3,0.5883,2,0.98,9.0,1.0385,199.95,387.508,1.032,848.3,1,437.059,49.551,282276.58,1564.671
TRIP-2017,VESSEL-001,Handysize Bulk,35000,32000,7200,175.0,Methanol,0.5,950.0,0.35,873.4,14.17,24634.8,0.7698,6,2.33,41.6,1.1874,61.64,112.21,1.064,629.5,0,160.067,47.857,169813.65,200.084
TRIP-2018,VESSEL-003,Capesize Bulk,180000,170000,21000,162.0,HFO,1.0,620.0,1.0,1090.1,14.8,103089.8,0.6064,2,1.7,9.2,1.0388,73.66,199.269,1.048,1816.7,1,256.124,56.855,193796.88,916.924
TRIP-2019,VESSEL-003,Capesize Bulk,180000,170000,21000,162.0,Ammonia,0.46,1100.0,0.15,2308.5,14.9,139745.4,0.822,5,1.86,38.2,1.1573,154.93,980.368,1.048,1814.6,1,1336.877,356.509,1505564.7,721.914
TRIP-2020,VESSEL-001,Handysize Bulk,35000,32000,7200,175.0,Methanol,0.5,950.0,0.35,2604.8,12.08,18592.9,0.581,2,1.13,11.1,1.0416,215.63,232.356,1.064,638.3,0,315.667,83.311,317633.65,394.584
TRIP-2021,VESSEL-003,Capesize Bulk,180000,170000,21000,162.0,Ammonia,0.46,1100.0,0.15,4001.4,11.32,92684.4,0.5452,2,1.41,10.0,1.04,353.48,915.805,1.048,1739.3,0,1295.321,379.516,1464353.1,699.473
TRIP-2022,VESSEL-005,Neo-Panamax Green,110000,102000,16500,158.0,Methanol,0.5,950.0,0.35,697.9,10.13,78927.3,0.7738,6,3.99,34.8,1.1772,68.89,95.136,1.016,1413.0,1,146.051,50.915,163248.45,182.564
TRIP-2023,VESSEL-001,Handysize Bulk,35000,32000,7200,175.0,HFO,1.0,620.0,1.0,2581.5,12.44,15026.8,0.4696,2,0.62,14.9,1.0474,207.52,118.741,1.064,690.8,1,155.237,36.496,109496.94,555.748
TRIP-2024,VESSEL-001,Handysize Bulk,35000,32000,7200,175.0,LNG,1.15,780.0,0.78,2928.1,13.92,23221.5,0.7257,2,1.65,14.0,1.046,210.35,156.184,1.064,668.1,1,199.298,43.114,168702.44,556.041
TRIP-2025,VESSEL-002,Panamax Bulk,75000,70000,12500,168.0,Methanol,0.5,950.0,0.35,681.5,13.87,27930.0,0.399,4,2.38,29.8,1.1197,49.13,127.821,1.04,1081.3,1,176.313,48.492,186747.35,220.391
TRIP-2026,VESSEL-002,Panamax Bulk,75000,70000,12500,168.0,HFO,1.0,620.0,1.0,1667.5,14.67,60582.1,0.8655,3,0.98,12.2,1.0683,113.67,196.48,1.04,1097.7,0,237.69,41.21,171117.8,850.93
TRIP-2027,VESSEL-001,Handysize Bulk,35000,32000,7200,175.0,LNG,1.15,780.0,0.78,2844.4,13.66,23077.4,0.7212,2,1.59,17.5,1.0513,208.23,145.95,1.064,678.3,0,191.506,45.556,167124.68,534.302
TRIP-2028,VESSEL-001,Handysize Bulk,35000,32000,7200,175.0,HFO,1.0,620.0,1.0,3757.8,9.05,14492.8,0.4529,2,1.76,14.6,1.0469,415.23,91.089,1.064,649.7,1,157.575,66.486,110946.5,564.118
TRIP-2029,VESSEL-005,Neo-Panamax Green,110000,102000,16500,158.0,LNG,1.15,780.0,0.78,597.1,16.89,91873.7,0.9007,5,3.66,21.6,1.1324,35.35,101.362,1.016,1437.1,1,121.49,20.128,119262.2,338.957
TRIP-2030,VESSEL-002,Panamax Bulk,75000,70000,12500,168.0,Methanol,0.5,950.0,0.35,1087.8,15.31,58696.1,0.8385,2,0.79,16.4,1.0496,71.05,277.425,1.04,1055.9,1,337.276,59.851,339662.2,421.595
TRIP-2031,VESSEL-004,Feeder Container,22000,18500,9800,180.0,Methanol,0.5,950.0,0.35,2265.8,12.49,10805.1,0.5841,3,2.1,19.8,1.0797,181.41,299.217,1.032,869.1,0,409.926,110.709,405229.7,512.408
TRIP-2032,VESSEL-004,Feeder Container,22000,18500,9800,180.0,Methanol,0.5,950.0,0.35,1765.8,11.09,8641.1,0.4671,2,1.76,15.2,1.0478,159.22,178.892,1.032,863.7,1,245.922,67.03,244925.9,307.402
TRIP-2033,VESSEL-004,Feeder Container,22000,18500,9800,180.0,HFO,1.0,620.0,1.0,2414.0,12.4,18152.2,0.9812,5,2.54,37.2,1.1558,194.68,171.45,1.032,839.4,1,243.76,72.31,162431.2,872.661
TRIP-2034,VESSEL-005,Neo-Panamax Green,110000,102000,16500,158.0,Hydrogen,2.98,2800.0,0.08,3700.5,12.15,66564.0,0.6526,4,2.14,30.4,1.1206,304.57,118.243,1.016,1374.7,1,159.498,41.255,471094.4,46.254
TRIP-2035,VESSEL-003,Capesize Bulk,180000,170000,21000,162.0,HFO,1.0,620.0,1.0,2515.7,12.7,117023.0,0.6884,2,0.81,16.5,1.0497,198.09,345.617,1.048,1770.0,1,473.545,127.928,328597.9,1695.291
TRIP-2036,VESSEL-001,Handysize Bulk,35000,32000,7200,175.0,LNG,1.15,780.0,0.78,1668.5,14.36,27135.6,0.848,3,0.99,15.7,1.0736,116.19,97.478,1.064,697.8,1,125.374,27.896,111041.72,349.793
TRIP-2037,VESSEL-004,Feeder Container,22000,18500,9800,180.0,HFO,1.0,620.0,1.0,2131.8,13.79,6789.5,0.367,5,4.07,28.2,1.1423,154.59,163.024,1.032,836.2,0,224.66,61.636,155089.2,804.283
TRIP-2038,VESSEL-001,Handysize Bulk,35000,32000,7200,175.0,HFO,1.0,620.0,1.0,1224.1,12.08,26822.1,0.8382,3,0.93,23.8,1.0857,101.33,58.066,1.064,704.0,0,82.519,24.453,68911.78,295.418
TRIP-2039,VESSEL-005,Neo-Panamax Green,110000,102000,16500,158.0,Ammonia,0.46,1100.0,0.15,2447.0,16.69,61691.4,0.6048,3,1.97,25.7,1.0886,146.61,944.543,1.016,1469.8,1,1122.228,177.685,1258950.8,606.003
TRIP-2040,VESSEL-001,Handysize Bulk,35000,32000,7200,175.0,LNG,1.15,780.0,0.78,2845.2,12.3,15702.6,0.4907,1,0.5,10.0,1.015,231.32,111.85,1.064,706.8,0,153.678,41.828,137618.84,428.762
TRIP-2041,VESSEL-001,Handysize Bulk,35000,32000,7200,175.0,Methanol,0.5,950.0,0.35,1345.2,11.91,19966.3,0.6239,4,1.81,31.5,1.1222,112.95,117.882,1.064,678.9,1,168.978,51.096,173779.1,211.223
TRIP-2042,VESSEL-001,Handysize Bulk,35000,32000,7200,175.0,Methanol,0.5,950.0,0.35,2239.0,13.22,19248.5,0.6015,2,0.62,15.3,1.0479,169.36,240.405,1.064,684.8,1,318.764,78.359,316075.8,398.455
TRIP-2043,VESSEL-003,Capesize Bulk,180000,170000,21000,162.0,Ammonia,0.46,1100.0,0.15,3316.6,11.44,151247.7,0.8897,2,1.37,17.1,1.0506,289.91,843.758,1.048,1818.9,0,1190.495,346.737,1349044.5,642.867
TRIP-2044,VESSEL-002,Panamax Bulk,75000,70000,12500,168.0,HFO,1.0,620.0,1.0,2397.3,13.38,42927.2,0.6132,4,2.34,16.2,1.0993,179.17,221.055,1.04,1051.3,1,282.933,61.878,194668.46,1012.9
TRIP-2045,VESSEL-005,Neo-Panamax Green,110000,102000,16500,158.0,Hydrogen,2.98,2800.0,0.08,1690.4,10.45,55323.7,0.5424,3,2.09,22.5,1.0837,161.76,38.873,1.016,1394.6,0,55.869,16.996,185433.2,16.202
TRIP-2046,VESSEL-003,Capesize Bulk,180000,170000,21000,162.0,Ammonia,0.46,1100.0,0.15,2003.2,15.85,136088.8,0.8005,3,1.78,17.8,1.0767,126.38,957.674,1.048,1812.8,1,1145.473,187.799,1295020.3,618.555
TRIP-2047,VESSEL-005,Neo-Panamax Green,110000,102000,16500,158.0,Ammonia,0.46,1100.0,0.15,2055.6,15.42,92348.1,0.9054,4,1.34,25.0,1.1125,133.31,727.98,1.016,1374.5,0,902.395,174.415,1021634.5,487.293
TRIP-2048,VESSEL-001,Handysize Bulk,35000,32000,7200,175.0,LNG,1.15,780.0,0.78,1529.2,11.14,24539.9,0.7669,2,0.63,10.5,1.0407,137.27,52.754,1.064,686.4,1,73.747,20.993,70772.66,205.754
TRIP-2049,VESSEL-002,Panamax Bulk,75000,70000,12500,168.0,LNG,1.15,780.0,0.78,2011.9,12.06,41106.5,0.5872,2,1.44,16.3,1.0494,166.82,130.206,1.04,1132.3,1,179.327,49.121,159125.06,500.322
TRIP-2050,VESSEL-001,Handysize Bulk,35000,32000,7200,175.0,HFO,1.0,620.0,1.0,3239.5,11.34,31840.0,0.995,4,1.26,24.5,1.1118,285.67,140.358,1.064,678.8,0,200.203,59.845,141875.86,716.727
TRIP-2051,VESSEL-004,Feeder Container,22000,18500,9800,180.0,HFO,1.0,620.0,1.0,1190.8,17.69,11599.0,0.627,3,0.96,19.2,1.0788,67.31,159.27,1.032,893.4,0,195.011,35.741,136706.82,698.139
TRIP-2052,VESSEL-004,Feeder Container,22000,18500,9800,180.0,Methanol,0.5,950.0,0.35,3618.1,17.69,6489.8,0.3508,3,1.73,15.3,1.073,204.53,907.072,1.032,878.7,1,1056.104,149.032,1014598.8,1320.13
TRIP-2053,VESSEL-002,Panamax Bulk,75000,70000,12500,168.0,Ammonia,0.46,1100.0,0.15,3447.6,10.96,40081.8,0.5726,3,1.36,23.4,1.0851,314.56,459.002,1.04,1055.5,1,649.718,190.716,733939.8,350.848
TRIP-2054,VESSEL-001,Handysize Bulk,35000,32000,7200,175.0,HFO,1.0,620.0,1.0,1058.6,13.13,20392.9,0.6373,4,2.31,17.3,1.1009,80.62,56.552,1.064,697.9,0,80.672,24.12,67766.64,288.806
TRIP-2055,VESSEL-002,Panamax Bulk,75000,70000,12500,168.0,LNG,1.15,780.0,0.78,1539.6,14.92,46481.1,0.664,4,3.33,16.0,1.099,103.19,155.447,1.04,1118.8,1,193.708,38.261,170342.24,540.445
TRIP-2056,VESSEL-003,Capesize Bulk,180000,170000,21000,162.0,HFO,1.0,620.0,1.0,1780.3,13.69,102760.6,0.6045,2,0.93,15.4,1.0481,130.04,278.29,1.048,1767.0,0,356.269,77.979,260386.78,1275.443
TRIP-2057,VESSEL-002,Panamax Bulk,75000,70000,12500,168.0,LNG,1.15,780.0,0.78,2577.1,13.22,54742.0,0.782,5,3.33,38.2,1.1573,194.94,210.226,1.04,1108.2,1,298.071,87.845,251745.38,831.618
TRIP-2058,VESSEL-002,Panamax Bulk,75000,70000,12500,168.0,LNG,1.15,780.0,0.78,2832.6,12.07,35378.8,0.5054,4,3.52,23.7,1.1105,234.68,179.852,1.04,1128.6,1,259.324,79.472,221522.72,723.514
TRIP-2059,VESSEL-001,Handysize Bulk,35000,32000,7200,175.0,HFO,1.0,620.0,1.0,969.8,12.86,13634.8,0.4261,2,0.72,14.9,1.0474,75.41,47.141,1.064,668.2,1,61.706,14.565,51507.72,220.907
TRIP-2060,VESSEL-004,Feeder Container,22000,18500,9800,180.0,HFO,1.0,620.0,1.0,3885.9,13.04,17545.4,0.9484,3,1.68,21.8,1.0827,298.0,303.103,1.032,900.3,0,374.811,71.708,248182.82,1341.823
TRIP-2061,VESSEL-004,Feeder Container,22000,18500,9800,180.0,Hydrogen,2.98,2800.0,0.08,2740.8,16.87,8655.3,0.4679,3,1.74,18.4,1.0776,162.47,107.833,1.032,924.0,1,129.756,21.923,374616.8,37.629
TRIP-2062,VESSEL-005,Neo-Panamax Green,110000,102000,16500,158.0,Ammonia,0.46,1100.0,0.15,617.0,13.52,57728.5,0.566,3,2.08,21.7,1.0826,45.64,154.791,1.016,1370.7,1,181.668,26.877,224334.8,98.101
TRIP-2063,VESSEL-001,Handysize Bulk,35000,32000,7200,175.0,Methanol,0.5,950.0,0.35,1552.5,11.86,31204.3,0.9751,4,2.58,27.9,1.1168,130.9,146.493,1.064,667.8,0,210.072,63.579,217318.4,262.59
TRIP-2064,VESSEL-001,Handysize Bulk,35000,32000,7200,175.0,HFO,1.0,620.0,1.0,3635.1,13.62,21097.3,0.6593,3,1.9,25.9,1.0889,266.89,210.087,1.064,721.2,0,268.658,58.571,184317.96,961.796
TRIP-2065,VESSEL-001,Handysize Bulk,35000,32000,7200,175.0,HFO,1.0,620.0,1.0,2851.0,12.22,26284.2,0.8214,4,2.23,28.4,1.1176,233.31,137.858,1.064,640.4,1,191.584,53.726,132032.08,685.871
TRIP-2066,VESSEL-001,Handysize Bulk,35000,32000,7200,175.0,LNG,1.15,780.0,0.78,2233.2,13.41,16058.3,0.5018,5,3.26,24.2,1.1363,166.53,104.642,1.064,654.4,1,143.88,39.238,125476.4,401.425
TRIP-2067,VESSEL-001,Handysize Bulk,35000,32000,7200,175.0,HFO,1.0,620.0,1.0,1900.2,12.23,20766.6,0.649,2,1.42,15.9,1.0488,155.37,88.327,1.064,653.5,1,119.738,31.411,87487.56,428.662
TRIP-2068,VESSEL-003,Capesize Bulk,180000,170000,21000,162.0,HFO,1.0,620.0,1.0,3978.8,11.8,123495.0,0.7264,4,1.35,22.4,1.1086,337.19,476.337,1.048,1738.6,1,674.024,197.687,452894.88,2413.006
TRIP-2069,VESSEL-002,Panamax Bulk,75000,70000,12500,168.0,HFO,1.0,620.0,1.0,2065.4,15.24,25398.9,0.3628,2,1.02,9.8,1.0397,135.52,231.629,1.04,1082.9,1,276.373,44.744,190601.26,989.415
TRIP-2070,VESSEL-002,Panamax Bulk,75000,70000,12500,168.0,Ammonia,0.46,1100.0,0.15,3689.5,12.05,36755.1,0.5251,3,1.96,20.6,1.0809,306.18,586.653,1.04,1121.9,0,812.424,225.771,917416.4,438.709
TRIP-2071,VESSEL-004,Feeder Container,22000,18500,9800,180.0,Methanol,0.5,950.0,0.35,3170.7,16.67,8025.1,0.4338,1,0.53,4.5,1.0068,190.2,720.09,1.032,886.2,0,792.97,72.88,769121.5,991.213
TRIP-2072,VESSEL-004,Feeder Container,22000,18500,9800,180.0,Methanol,0.5,950.0,0.35,2332.8,17.43,17474.7,0.9446,2,1.58,14.4,1.0466,133.84,649.676,1.032,911.3,1,758.253,108.577,731640.35,947.816
TRIP-2073,VESSEL-001,Handysize Bulk,35000,32000,7200,175.0,HFO,1.0,620.0,1.0,1095.9,9.13,22830.1,0.7134,2,1.12,12.9,1.0443,120.03,28.834,1.064,653.4,0,46.909,18.075,46833.58,167.934
TRIP-2074,VESSEL-003,Capesize Bulk,180000,170000,21000,162.0,LNG,1.15,780.0,0.78,538.0,12.46,73206.8,0.4306,4,2.91,23.1,1.1097,43.18,57.921,1.048,1742.6,0,78.338,20.417,100603.64,218.563
TRIP-2075,VESSEL-001,Handysize Bulk,35000,32000,7200,175.0,Methanol,0.5,950.0,0.35,2558.3,12.87,12827.4,0.4009,2,1.34,15.1,1.0476,198.78,247.492,1.064,717.1,0,339.673,92.181,340439.35,424.591
TRIP-2076,VESSEL-004,Feeder Container,22000,18500,9800,180.0,HFO,1.0,620.0,1.0,3082.9,15.01,12327.2,0.6663,3,1.13,18.8,1.0782,205.39,299.548,1.032,886.2,0,347.038,47.49,230963.56,1242.396
TRIP-2077,VESSEL-003,Capesize Bulk,180000,170000,21000,162.0,Ammonia,0.46,1100.0,0.15,1073.2,11.36,104719.6,0.616,3,1.45,18.8,1.0782,94.47,251.852,1.048,1752.5,0,342.489,90.637,416237.9,184.944
TRIP-2078,VESSEL-001,Handysize Bulk,35000,32000,7200,175.0,HFO,1.0,620.0,1.0,2270.8,9.93,30559.4,0.955,2,1.49,17.6,1.0514,228.68,74.764,1.064,663.1,0,116.675,41.911,90088.5,417.697
TRIP-2079,VESSEL-005,Neo-Panamax Green,110000,102000,16500,158.0,Methanol,0.5,950.0,0.35,1158.2,15.56,64584.6,0.6332,1,0.53,7.1,1.0107,74.43,360.004,1.016,1393.0,0,405.241,45.237,413978.95,506.551
TRIP-2080,VESSEL-001,Handysize Bulk,35000,32000,7200,175.0,LNG,1.15,780.0,0.78,575.6,13.78,23914.1,0.7473,3,2.27,12.8,1.0692,41.77,30.243,1.064,668.3,1,37.827,7.584,42755.06,105.537
TRIP-2081,VESSEL-005,Neo-Panamax Green,110000,102000,16500,158.0,Methanol,0.5,950.0,0.35,1620.7,13.33,85418.4,0.8374,4,1.97,23.3,1.1099,121.58,388.383,1.016,1417.9,1,513.128,124.745,511971.6,641.41
TRIP-2082,VESSEL-004,Feeder Container,22000,18500,9800,180.0,HFO,1.0,620.0,1.0,2166.3,13.02,10891.9,0.5888,4,1.23,31.3,1.122,166.38,155.6,1.032,875.3,0,203.749,48.149,142124.38,729.421
TRIP-2083,VESSEL-003,Capesize Bulk,180000,170000,21000,162.0,Ammonia,0.46,1100.0,0.15,1047.9,11.1,158339.9,0.9314,3,2.5,24.8,1.0872,94.41,253.462,1.048,1809.3,0,365.154,111.692,441169.4,197.183
TRIP-2084,VESSEL-001,Handysize Bulk,35000,32000,7200,175.0,LNG,1.15,780.0,0.78,814.6,12.9,27533.6,0.8604,3,2.38,24.1,1.0861,63.15,38.518,1.064,628.9,1,50.676,12.158,52777.28,141.386
TRIP-2085,VESSEL-001,Handysize Bulk,35000,32000,7200,175.0,HFO,1.0,620.0,1.0,897.2,12.38,25622.5,0.8007,1,0.77,7.1,1.0107,72.47,44.31,1.064,636.7,1,57.477,13.167,48885.74,205.768
TRIP-2086,VESSEL-005,Neo-Panamax Green,110000,102000,16500,158.0,Ammonia,0.46,1100.0,0.15,1379.5,13.77,89874.4,0.8811,4,3.31,27.3,1.1159,100.18,387.384,1.016,1402.8,1,504.296,116.912,579225.6,272.32
TRIP-2087,VESSEL-005,Neo-Panamax Green,110000,102000,16500,158.0,Hydrogen,2.98,2800.0,0.08,3430.0,15.01,59811.2,0.5864,2,0.9,13.7,1.0455,228.51,164.544,1.016,1469.7,1,199.854,35.31,584091.2,57.958
TRIP-2088,VESSEL-001,Handysize Bulk,35000,32000,7200,175.0,LNG,1.15,780.0,0.78,3509.0,13.71,23008.8,0.719,3,2.26,24.1,1.0861,255.94,181.274,1.064,665.1,0,243.309,62.035,207531.02,678.832
TRIP-2089,VESSEL-003,Capesize Bulk,180000,170000,21000,162.0,LNG,1.15,780.0,0.78,3227.7,15.49,135473.4,0.7969,2,1.44,15.1,1.0476,208.37,589.01,1.048,1747.8,0,707.023,118.013,590977.94,1972.594
TRIP-2090,VESSEL-004,Feeder Container,22000,18500,9800,180.0,Methanol,0.5,950.0,0.35,630.6,13.43,16592.3,0.8969,6,4.13,33.9,1.1759,46.95,103.196,1.032,896.8,0,142.563,39.367,151234.85,178.204
TRIP-2091,VESSEL-005,Neo-Panamax Green,110000,102000,16500,158.0,LNG,1.15,780.0,0.78,3172.4,16.9,51298.4,0.5029,3,2.07,14.9,1.0724,187.72,489.519,1.016,1417.0,1,593.568,104.049,487483.04,1656.055
TRIP-2092,VESSEL-005,Neo-Panamax Green,110000,102000,16500,158.0,Ammonia,0.46,1100.0,0.15,3830.4,13.52,36822.5,0.361,4,1.62,23.0,1.1095,283.31,911.397,1.016,1447.1,1,1257.861,346.464,1408147.1,679.245
TRIP-2093,VESSEL-002,Panamax Bulk,75000,70000,12500,168.0,Ammonia,0.46,1100.0,0.15,3883.6,14.9,31706.0,0.4529,5,2.63,27.9,1.1419,260.64,926.773,1.04,1096.0,0,1183.391,256.618,1325480.1,639.031
TRIP-2094,VESSEL-001,Handysize Bulk,35000,32000,7200,175.0,Methanol,0.5,950.0,0.35,3328.7,11.42,17065.7,0.5333,2,1.7,17.8,1.0517,291.48,262.238,1.064,716.9,1,382.608,120.37,376727.6,478.26
TRIP-2095,VESSEL-002,Panamax Bulk,75000,70000,12500,168.0,HFO,1.0,620.0,1.0,2665.7,15.43,39653.2,0.5665,4,3.41,28.8,1.1182,172.76,323.078,1.04,1117.5,0,437.509,114.431,295005.58,1566.282
TRIP-2096,VESSEL-005,Neo-Panamax Green,110000,102000,16500,158.0,Methanol,0.5,950.0,0.35,1567.2,16.51,54432.6,0.5337,2,0.77,12.0,1.043,94.92,534.956,1.016,1438.1,1,608.431,73.475,602509.45,760.539
TRIP-2097,VESSEL-003,Capesize Bulk,180000,170000,21000,162.0,HFO,1.0,620.0,1.0,4106.3,11.19,63437.4,0.3732,1,0.88,10.6,1.0159,366.96,403.797,1.048,1821.2,1,542.885,139.088,371588.7,1943.528
TRIP-2098,VESSEL-004,Feeder Container,22000,18500,9800,180.0,HFO,1.0,620.0,1.0,1271.8,11.92,16066.4,0.8685,3,2.44,14.7,1.072,106.69,81.483,1.032,858.2,0,106.757,25.274,81989.34,382.19
TRIP-2099,VESSEL-002,Panamax Bulk,75000,70000,12500,168.0,Methanol,0.5,950.0,0.35,1558.9,10.38,33756.0,0.4822,4,3.4,22.9,1.1094,150.18,167.363,1.04,1062.8,1,260.028,92.665,266276.6,325.035
TRIP-2100,VESSEL-002,Panamax Bulk,75000,70000,12500,168.0,HFO,1.0,620.0,1.0,2371.4,9.59,58659.5,0.838,5,3.23,28.9,1.1434,247.28,118.636,1.04,1116.6,1,190.726,72.09,137500.12,682.799
TRIP-2101,VESSEL-004,Feeder Container,22000,18500,9800,180.0,Hydrogen,2.98,2800.0,0.08,3976.7,14.61,6759.4,0.3654,3,1.06,12.3,1.0685,272.19,114.502,1.032,839.1,1,146.667,32.165,421967.6,42.533
TRIP-2102,VESSEL-003,Capesize Bulk,180000,170000,21000,162.0,LNG,1.15,780.0,0.78,571.8,13.19,116551.4,0.6856,2,0.66,17.9,1.0518,43.35,73.629,1.048,1802.5,1,97.922,24.293,111379.16,273.202
TRIP-2103,VESSEL-004,Feeder Container,22000,18500,9800,180.0,HFO,1.0,620.0,1.0,2176.6,17.15,13726.7,0.742,2,1.49,17.9,1.0518,126.92,280.814,1.032,857.5,1,330.482,49.668,216198.84,1183.126
TRIP-2104,VESSEL-003,Capesize Bulk,180000,170000,21000,162.0,Ammonia,0.46,1100.0,0.15,1922.0,11.71,105905.1,0.623,5,3.81,31.8,1.1477,164.13,480.106,1.048,1757.5,1,684.009,203.903,787409.9,369.365
TRIP-2105,VESSEL-001,Handysize Bulk,35000,32000,7200,175.0,HFO,1.0,620.0,1.0,1748.1,13.52,28112.6,0.8785,6,1.88,41.7,1.1876,129.3,104.849,1.064,722.6,1,155.337,50.488,109558.94,556.106
TRIP-2106,VESSEL-004,Feeder Container,22000,18500,9800,180.0,Hydrogen,2.98,2800.0,0.08,3518.8,17.06,13726.6,0.742,2,0.87,12.7,1.044,206.26,150.741,1.032,901.8,0,168.747,18.006,488291.6,48.937
TRIP-2107,VESSEL-005,Neo-Panamax Green,110000,102000,16500,158.0,Methanol,0.5,950.0,0.35,636.3,12.76,88446.6,0.8671,4,2.76,32.0,1.123,49.87,140.709,1.016,1441.3,1,182.949,42.24,198301.55,228.686
TRIP-2108,VESSEL-002,Panamax Bulk,75000,70000,12500,168.0,Ammonia,0.46,1100.0,0.15,3710.4,12.05,56829.1,0.8118,6,5.23,31.5,1.1723,307.92,633.171,1.04,1092.2,0,937.252,304.081,1054727.2,506.116
TRIP-2109,VESSEL-003,Capesize Bulk,180000,170000,21000,162.0,LNG,1.15,780.0,0.78,2796.0,15.29,99373.9,0.5846,4,3.08,19.1,1.1037,182.86,471.696,1.048,1760.5,1,568.95,97.254,478781.0,1587.371
TRIP-2110,VESSEL-003,Capesize Bulk,180000,170000,21000,162.0,Ammonia,0.46,1100.0,0.15,3407.6,15.28,97915.7,0.576,2,1.53,13.0,1.0445,223.01,1432.216,1.048,1740.7,0,1697.882,265.666,1907170.2,916.856
TRIP-2111,VESSEL-001,Handysize Bulk,35000,32000,7200,175.0,Methanol,0.5,950.0,0.35,1205.1,10.16,14412.8,0.4504,2,1.27,14.5,1.0467,118.61,73.585,1.064,710.3,1,117.582,43.997,124952.9,146.977
TRIP-2112,VESSEL-004,Feeder Container,22000,18500,9800,180.0,Hydrogen,2.98,2800.0,0.08,3890.1,13.33,14898.2,0.8053,1,0.82,5.7,1.0086,291.83,103.171,1.032,879.6,1,116.575,13.404,337710.0,33.807
TRIP-2113,VESSEL-001,Handysize Bulk,35000,32000,7200,175.0,HFO,1.0,620.0,1.0,2154.5,13.91,30760.7,0.9613,4,2.14,22.0,1.108,154.89,139.393,1.064,669.2,1,184.589,45.196,127695.18,660.829
TRIP-2114,VESSEL-002,Panamax Bulk,75000,70000,12500,168.0,Methanol,0.5,950.0,0.35,2115.3,9.62,53175.8,0.7597,3,2.37,19.7,1.0796,219.89,209.034,1.04,1138.6,1,346.44,137.406,348368.0,433.05
TRIP-2115,VESSEL-005,Neo-Panamax Green,110000,102000,16500,158.0,Methanol,0.5,950.0,0.35,600.2,15.28,38242.5,0.3749,1,0.56,5.9,1.0089,39.28,168.439,1.016,1468.4,0,205.009,36.57,223758.55,256.261
TRIP-2116,VESSEL-005,Neo-Panamax Green,110000,102000,16500,158.0,Ammonia,0.46,1100.0,0.15,2252.7,12.35,82026.2,0.8042,3,1.97,22.8,1.0842,182.4,499.731,1.016,1379.0,1,665.756,166.025,756831.6,359.508
TRIP-2117,VESSEL-001,Handysize Bulk,35000,32000,7200,175.0,LNG,1.15,780.0,0.78,909.3,11.33,25329.8,0.7916,2,1.42,16.6,1.0499,80.26,32.639,1.064,681.1,1,45.413,12.774,48672.14,126.702
TRIP-2118,VESSEL-001,Handysize Bulk,35000,32000,7200,175.0,LNG,1.15,780.0,0.78,1326.4,9.6,31358.3,0.9799,2,1.15,11.6,1.0424,138.17,35.694,1.064,724.4,0,54.752,19.058,60456.56,152.758
TRIP-2119,VESSEL-004,Feeder Container,22000,18500,9800,180.0,HFO,1.0,620.0,1.0,2676.8,16.79,18482.3,0.999,2,1.2,15.8,1.0487,159.43,349.868,1.032,911.4,0,406.989,57.121,268133.18,1457.021
TRIP-2120,VESSEL-002,Panamax Bulk,75000,70000,12500,168.0,Methanol,0.5,950.0,0.35,1484.4,10.42,54823.8,0.7832,3,2.59,15.4,1.0731,142.46,173.076,1.04,1059.5,0,251.63,78.554,262798.5,314.538
TRIP-2121,VESSEL-003,Capesize Bulk,180000,170000,21000,162.0,HFO,1.0,620.0,1.0,1511.3,11.1,84796.4,0.4988,1,0.41,9.2,1.0138,136.15,151.162,1.048,1779.9,0,211.85,60.688,170847.0,758.423
TRIP-2122,VESSEL-005,Neo-Panamax Green,110000,102000,16500,158.0,LNG,1.15,780.0,0.78,3154.9,13.57,59641.3,0.5847,3,1.81,25.8,1.0887,232.49,320.417,1.016,1464.0,1,401.277,80.86,337496.06,1119.563
TRIP-2123,VESSEL-002,Panamax Bulk,75000,70000,12500,168.0,Methanol,0.5,950.0,0.35,1354.9,11.03,40423.9,0.5775,6,2.35,32.4,1.1736,122.84,168.294,1.04,1069.9,1,252.016,83.722,258665.2,315.02
TRIP-2124,VESSEL-003,Capesize Bulk,180000,170000,21000,162.0,LNG,1.15,780.0,0.78,3336.1,13.44,150031.1,0.8825,2,1.7,16.5,1.0497,248.22,467.776,1.048,1730.5,1,575.817,108.041,484137.26,1606.529
TRIP-2125,VESSEL-001,Handysize Bulk,35000,32000,7200,175.0,LNG,1.15,780.0,0.78,2645.7,11.73,12156.4,0.3799,4,1.85,27.3,1.1159,225.55,91.939,1.064,661.4,0,128.018,36.079,117604.04,357.17
TRIP-2126,VESSEL-005,Neo-Panamax Green,110000,102000,16500,158.0,Ammonia,0.46,1100.0,0.15,2108.1,15.28,58603.3,0.5745,4,3.15,27.6,1.1164,137.96,676.907,1.016,1424.1,1,877.167,200.26,989383.7,473.67
TRIP-2127,VESSEL-003,Capesize Bulk,180000,170000,21000,162.0,Ammonia,0.46,1100.0,0.15,2015.4,10.69,121174.4,0.7128,4,1.31,23.0,1.1095,188.53,429.036,1.048,1761.8,1,634.276,205.24,732703.6,342.509
TRIP-2128,VESSEL-005,Neo-Panamax Green,110000,102000,16500,158.0,Methanol,0.5,950.0,0.35,2672.3,14.06,75003.4,0.7353,3,1.11,15.1,1.0727,190.06,695.343,1.016,1450.0,1,843.67,148.327,825986.5,1054.587
TRIP-2129,VESSEL-003,Capesize Bulk,180000,170000,21000,162.0,LNG,1.15,780.0,0.78,3446.0,13.42,63775.3,0.3751,1,0.87,5.7,1.0086,256.78,424.04,1.048,1781.2,1,516.901,92.861,438182.78,1442.154
TRIP-2130,VESSEL-003,Capesize Bulk,180000,170000,21000,162.0,Ammonia,0.46,1100.0,0.15,1317.7,10.94,110644.3,0.6508,4,1.27,25.4,1.1131,120.45,289.315,1.048,1746.9,0,437.626,148.311,520888.6,236.318
TRIP-2131,VESSEL-002,Panamax Bulk,75000,70000,12500,168.0,HFO,1.0,620.0,1.0,2957.1,13.53,29001.9,0.4143,3,1.75,17.9,1.0769,218.56,264.979,1.04,1138.7,0,340.33,75.351,234754.6,1218.381
TRIP-2132,VESSEL-003,Capesize Bulk,180000,170000,21000,162.0,Ammonia,0.46,1100.0,0.15,3451.5,15.5,153400.9,0.9024,6,4.31,41.3,1.1869,222.68,1616.768,1.048,1828.3,0,2105.164,488.396,2355180.4,1136.789
TRIP-2133,VESSEL-003,Capesize Bulk,180000,170000,21000,162.0,HFO,1.0,620.0,1.0,3999.4,15.3,152536.7,0.8973,3,0.91,12.2,1.0683,261.4,838.668,1.048,1784.5,0,988.12,149.452,652134.4,3537.47
TRIP-2134,VESSEL-005,Neo-Panamax Green,110000,102000,16500,158.0,Ammonia,0.46,1100.0,0.15,3840.6,12.51,92467.8,0.9065,3,1.7,22.7,1.084,307.0,895.431,1.016,1440.8,0,1110.495,215.064,1250544.5,599.667
TRIP-2135,VESSEL-002,Panamax Bulk,75000,70000,12500,168.0,Ammonia,0.46,1100.0,0.15,1590.5,11.09,30461.8,0.4352,2,1.37,18.5,1.0527,143.42,209.298,1.04,1118.6,0,292.712,83.414,345733.2,158.064
TRIP-2136,VESSEL-003,Capesize Bulk,180000,170000,21000,162.0,HFO,1.0,620.0,1.0,854.7,13.72,108921.4,0.6407,1,0.77,7.6,1.0114,62.3,135.432,1.048,1815.8,1,172.181,36.749,141752.22,616.408
TRIP-2137,VESSEL-005,Neo-Panamax Green,110000,102000,16500,158.0,LNG,1.15,780.0,0.78,1629.2,13.52,54970.9,0.5389,4,2.28,18.8,1.1032,120.5,162.364,1.016,1379.5,1,197.225,34.861,178335.5,550.258
TRIP-2138,VESSEL-005,Neo-Panamax Green,110000,102000,16500,158.0,LNG,1.15,780.0,0.78,3855.1,11.0,69367.3,0.6801,2,1.43,14.5,1.0467,350.46,263.403,1.016,1444.9,0,348.57,85.167,300884.6,972.51
TRIP-2139,VESSEL-001,Handysize Bulk,35000,32000,7200,175.0,HFO,1.0,620.0,1.0,1412.4,12.42,28819.1,0.9006,4,3.07,22.8,1.1092,113.72,71.852,1.064,664.4,1,97.818,25.966,73897.16,350.188
TRIP-2140,VESSEL-001,Handysize Bulk,35000,32000,7200,175.0,HFO,1.0,620.0,1.0,1261.1,10.07,14576.3,0.4555,3,1.33,13.4,1.0701,125.23,37.872,1.064,706.1,1,60.768,22.896,50926.16,217.549
TRIP-2141,VESSEL-003,Capesize Bulk,180000,170000,21000,162.0,LNG,1.15,780.0,0.78,2565.6,11.17,105174.3,0.6187,4,1.27,20.9,1.1063,229.69,233.007,1.048,1790.9,1,350.349,117.342,308272.22,977.474
TRIP-2142,VESSEL-005,Neo-Panamax Green,110000,102000,16500,158.0,Ammonia,0.46,1100.0,0.15,2166.7,11.02,77405.8,0.7589,2,0.99,11.3,1.0419,196.62,378.613,1.016,1380.8,1,507.682,129.069,582950.2,274.148
TRIP-2143,VESSEL-003,Capesize Bulk,180000,170000,21000,162.0,LNG,1.15,780.0,0.78,2111.8,14.96,73596.3,0.4329,3,2.12,21.7,1.0826,141.16,327.923,1.048,1802.9,1,407.816,79.893,353096.48,1137.807
TRIP-2144,VESSEL-004,Feeder Container,22000,18500,9800,180.0,Hydrogen,2.98,2800.0,0.08,3041.3,17.95,14812.7,0.8007,3,2.46,26.0,1.089,169.43,146.111,1.032,911.9,1,175.471,29.36,502618.8,50.887
TRIP-2145,VESSEL-003,Capesize Bulk,180000,170000,21000,162.0,HFO,1.0,620.0,1.0,3369.6,14.36,137796.1,0.8106,2,1.38,11.3,1.0419,234.65,609.737,1.048,1806.0,0,762.993,153.256,512555.66,2731.515
TRIP-2146,VESSEL-002,Panamax Bulk,75000,70000,12500,168.0,LNG,1.15,780.0,0.78,2599.4,15.24,69737.6,0.9963,2,0.8,16.4,1.0496,170.56,296.248,1.04,1109.2,1,345.71,49.462,288903.8,964.531
TRIP-2147,VESSEL-005,Neo-Panamax Green,110000,102000,16500,158.0,Hydrogen,2.98,2800.0,0.08,1748.1,10.52,62693.2,0.6146,4,2.18,27.6,1.1164,166.17,41.485,1.016,1430.2,1,65.195,23.71,207046.0,18.907
TRIP-2148,VESSEL-003,Capesize Bulk,180000,170000,21000,162.0,LNG,1.15,780.0,0.78,2483.7,10.5,72258.0,0.425,3,1.39,23.6,1.0854,236.54,189.598,1.048,1748.7,0,281.986,92.388,259449.08,786.741
TRIP-2149,VESSEL-002,Panamax Bulk,75000,70000,12500,168.0,LNG,1.15,780.0,0.78,1974.8,14.7,43544.1,0.6221,3,1.47,21.9,1.0829,134.34,191.549,1.04,1074.9,1,236.849,45.3,203992.22,660.809
TRIP-2150,VESSEL-004,Feeder Container,22000,18500,9800,180.0,HFO,1.0,620.0,1.0,2845.4,13.57,16826.0,0.9095,2,1.0,17.3,1.0509,209.68,238.364,1.032,872.6,1,300.034,61.67,197321.08,1074.122
TRIP-2151,VESSEL-001,Handysize Bulk,35000,32000,7200,175.0,HFO,1.0,620.0,1.0,2258.4,10.91,17314.8,0.5411,2,0.94,8.7,1.038,207.0,81.348,1.064,656.4,1,116.864,35.516,85705.68,418.373
TRIP-2152,VESSEL-005,Neo-Panamax Green,110000,102000,16500,158.0,Hydrogen,2.98,2800.0,0.08,3513.8,10.32,42763.4,0.4192,3,1.24,17.7,1.0766,340.48,76.355,1.016,1423.9,1,115.038,38.683,346606.4,33.361
TRIP-2153,VESSEL-004,Feeder Container,22000,18500,9800,180.0,Methanol,0.5,950.0,0.35,3610.5,13.03,11266.2,0.609,3,1.33,19.7,1.0796,277.09,521.883,1.032,918.0,0,662.519,140.636,645193.05,828.149
TRIP-2154,VESSEL-003,Capesize Bulk,180000,170000,21000,162.0,LNG,1.15,780.0,0.78,2897.7,10.43,104633.2,0.6155,1,0.51,11.5,1.0172,277.82,229.264,1.048,1733.1,1,324.477,95.213,288092.06,905.291
TRIP-2155,VESSEL-004,Feeder Container,22000,18500,9800,180.0,HFO,1.0,620.0,1.0,3326.8,12.5,17475.7,0.9446,2,0.85,14.8,1.0472,266.14,238.251,1.032,875.9,0,307.774,69.523,206619.88,1101.831
TRIP-2156,VESSEL-004,Feeder Container,22000,18500,9800,180.0,HFO,1.0,620.0,1.0,3254.7,15.63,7937.5,0.4291,3,1.31,16.1,1.0741,208.23,324.541,1.032,889.7,1,395.947,71.406,256787.14,1417.49
TRIP-2157,VESSEL-005,Neo-Panamax Green,110000,102000,16500,158.0,Methanol,0.5,950.0,0.35,3363.8,15.98,49347.1,0.4838,1,0.38,5.6,1.0084,210.5,1062.144,1.016,1429.7,0,1190.102,127.958,1159596.9,1487.628
TRIP-2158,VESSEL-001,Handysize Bulk,35000,32000,7200,175.0,HFO,1.0,620.0,1.0,3037.2,14.18,31945.4,0.9983,3,2.18,22.8,1.0842,214.19,205.912,1.064,699.9,0,259.011,53.099,178336.82,927.259
TRIP-2159,VESSEL-004,Feeder Container,22000,18500,9800,180.0,HFO,1.0,620.0,1.0,1774.0,13.4,10915.3,0.59,4,2.99,16.1,1.0991,132.39,135.012,1.032,863.6,0,171.489,36.477,122123.18,613.931
TRIP-2160,VESSEL-005,Neo-Panamax Green,110000,102000,16500,158.0,LNG,1.15,780.0,0.78,3547.1,13.17,92432.1,0.9062,5,1.64,23.7,1.1356,269.33,366.597,1.016,1399.6,0,490.442,123.845,411544.76,1368.333
TRIP-2161,VESSEL-003,Capesize Bulk,180000,170000,21000,162.0,LNG,1.15,780.0,0.78,3791.4,14.79,164605.6,0.9683,3,2.05,15.2,1.0728,256.35,656.817,1.048,1770.3,0,837.268,180.451,692569.04,2335.978
TRIP-2162,VESSEL-003,Capesize Bulk,180000,170000,21000,162.0,Ammonia,0.46,1100.0,0.15,991.0,15.32,98580.8,0.5799,2,1.44,17.6,1.0514,64.69,419.141,1.048,1794.1,1,512.241,93.1,598465.1,276.61
TRIP-2163,VESSEL-004,Feeder Container,22000,18500,9800,180.0,HFO,1.0,620.0,1.0,3420.1,15.25,13877.8,0.7502,5,2.63,31.5,1.1473,224.27,349.512,1.032,842.6,1,438.162,88.65,282960.44,1568.62
TRIP-2164,VESSEL-002,Panamax Bulk,75000,70000,12500,168.0,HFO,1.0,620.0,1.0,3423.6,13.35,26621.8,0.3803,2,0.92,9.0,1.0385,256.45,296.004,1.04,1103.4,1,358.186,62.182,241325.32,1282.306
TRIP-2165,VESSEL-002,Panamax Bulk,75000,70000,12500,168.0,Methanol,0.5,950.0,0.35,3282.0,13.52,36074.7,0.5154,2,1.07,15.2,1.0478,242.75,602.895,1.04,1132.8,0,777.135,174.24,762028.25,971.419
TRIP-2166,VESSEL-001,Handysize Bulk,35000,32000,7200,175.0,HFO,1.0,620.0,1.0,2876.6,9.28,25552.6,0.7985,4,1.71,29.5,1.1192,309.98,79.788,1.064,673.9,1,138.768,58.98,99286.16,496.789
TRIP-2167,VESSEL-005,Neo-Panamax Green,110000,102000,16500,158.0,Hydrogen,2.98,2800.0,0.08,517.6,12.01,52283.9,0.5126,3,1.77,22.4,1.0836,43.1,15.605,1.016,1376.7,0,20.974,5.369,87727.2,6.082
TRIP-2168,VESSEL-003,Capesize Bulk,180000,170000,21000,162.0,Ammonia,0.46,1100.0,0.15,3936.5,13.92,137836.0,0.8108,2,0.91,16.0,1.049,282.79,1455.147,1.048,1800.7,1,1829.299,374.152,2047228.9,987.821
TRIP-2169,VESSEL-002,Panamax Bulk,75000,70000,12500,168.0,LNG,1.15,780.0,0.78,2277.4,13.73,27542.5,0.3935,2,1.38,14.6,1.0469,165.87,181.737,1.04,1054.9,0,222.192,40.455,197059.76,619.916
TRIP-2170,VESSEL-004,Feeder Container,22000,18500,9800,180.0,HFO,1.0,620.0,1.0,1832.4,13.23,16006.3,0.8652,2,1.73,8.5,1.0377,138.5,144.523,1.032,910.7,1,172.129,27.606,118019.98,616.222
TRIP-2171,VESSEL-002,Panamax Bulk,75000,70000,12500,168.0,LNG,1.15,780.0,0.78,758.8,11.86,56715.9,0.8102,5,2.53,30.5,1.1458,63.98,50.155,1.04,1063.8,0,71.579,21.424,79581.62,199.705
TRIP-2172,VESSEL-002,Panamax Bulk,75000,70000,12500,168.0,Ammonia,0.46,1100.0,0.15,3575.4,13.94,59920.7,0.856,2,1.42,11.3,1.0419,256.48,825.091,1.04,1123.9,1,1026.347,201.256,1148231.7,554.227
TRIP-2173,VESSEL-004,Feeder Container,22000,18500,9800,180.0,HFO,1.0,620.0,1.0,787.0,12.13,8615.8,0.4657,3,2.43,12.3,1.0685,64.88,47.678,1.032,840.6,0,65.861,18.183,56633.82,235.782
TRIP-2174,VESSEL-002,Panamax Bulk,75000,70000,12500,168.0,HFO,1.0,620.0,1.0,1359.5,10.81,66618.1,0.9517,3,1.52,13.6,1.0704,125.76,88.738,1.04,1055.3,0,123.727,34.989,100460.74,442.943
TRIP-2175,VESSEL-005,Neo-Panamax Green,110000,102000,16500,158.0,Ammonia,0.46,1100.0,0.15,507.1,10.73,45134.3,0.4425,2,1.29,17.0,1.0505,47.26,77.639,1.016,1389.3,0,111.265,33.626,151391.5,60.083
TRIP-2176,VESSEL-001,Handysize Bulk,35000,32000,7200,175.0,LNG,1.15,780.0,0.78,3453.3,9.66,16344.6,0.5108,2,1.79,11.6,1.0424,357.48,84.157,1.064,718.2,0,135.596,51.439,123514.88,378.313
TRIP-2177,VESSEL-003,Capesize Bulk,180000,170000,21000,162.0,HFO,1.0,620.0,1.0,3463.7,13.39,65091.3,0.3829,3,2.16,14.4,1.0716,258.68,488.98,1.048,1794.2,0,663.038,174.058,450583.56,2373.676
TRIP-2178,VESSEL-004,Feeder Container,22000,18500,9800,180.0,HFO,1.0,620.0,1.0,2616.5,17.73,16914.2,0.9143,3,1.0,25.3,1.0879,147.57,374.551,1.032,929.2,0,453.288,78.737,296838.56,1622.771
TRIP-2179,VESSEL-004,Feeder Container,22000,18500,9800,180.0,Hydrogen,2.98,2800.0,0.08,2288.0,17.33,8624.6,0.4662,5,2.47,39.4,1.1591,132.03,94.958,1.032,843.7,0,120.506,25.548,353216.8,34.947
TRIP-2180,VESSEL-002,Panamax Bulk,75000,70000,12500,168.0,HFO,1.0,620.0,1.0,1002.5,11.01,25512.4,0.3645,4,3.55,17.9,1.1018,91.05,58.704,1.04,1096.2,0,88.689,29.985,78737.18,317.507
TRIP-2181,VESSEL-003,Capesize Bulk,180000,170000,21000,162.0,Ammonia,0.46,1100.0,0.15,1226.7,10.71,86002.5,0.5059,3,2.47,19.2,1.0788,114.54,248.785,1.048,1735.8,0,378.156,129.371,455471.6,204.204
TRIP-2182,VESSEL-004,Feeder Container,22000,18500,9800,180.0,Hydrogen,2.98,2800.0,0.08,2763.2,12.43,8170.4,0.4416,2,1.37,18.7,1.053,222.3,58.653,1.032,928.7,0,77.817,19.164,233687.6,22.567
TRIP-2183,VESSEL-003,Capesize Bulk,180000,170000,21000,162.0,Ammonia,0.46,1100.0,0.15,4009.6,10.74,111138.0,0.6538,3,2.45,15.6,1.0734,373.33,849.05,1.048,1787.1,0,1307.34,458.29,1477574.0,705.964
TRIP-2184,VESSEL-002,Panamax Bulk,75000,70000,12500,168.0,Ammonia,0.46,1100.0,0.15,1688.2,10.06,37226.1,0.5318,6,4.21,33.8,1.1757,167.81,187.413,1.04,1148.8,0,309.109,121.696,363769.9,166.919
TRIP-2185,VESSEL-003,Capesize Bulk,180000,170000,21000,162.0,HFO,1.0,620.0,1.0,3128.9,11.83,112678.3,0.6628,2,1.49,14.0,1.046,264.49,370.621,1.048,1739.6,0,486.975,116.354,341424.5,1743.371
TRIP-2186,VESSEL-001,Handysize Bulk,35000,32000,7200,175.0,HFO,1.0,620.0,1.0,3051.5,11.26,14224.7,0.4445,2,0.83,17.0,1.0505,271.0,114.258,1.064,692.0,1,164.674,50.416,115347.88,589.533
TRIP-2187,VESSEL-004,Feeder Container,22000,18500,9800,180.0,HFO,1.0,620.0,1.0,3238.0,13.77,14775.4,0.7987,3,2.64,25.4,1.0881,235.15,272.69,1.032,875.2,1,347.871,75.181,226980.02,1245.378
TRIP-2188,VESSEL-003,Capesize Bulk,180000,170000,21000,162.0,HFO,1.0,620.0,1.0,3386.5,13.44,159013.9,0.9354,4,1.58,22.1,1.1081,251.97,552.882,1.048,1753.3,0,752.041,199.159,505765.42,2692.307
TRIP-2189,VESSEL-004,Feeder Container,22000,18500,9800,180.0,Methanol,0.5,950.0,0.35,1493.7,15.49,8334.2,0.4505,1,0.41,7.9,1.0118,96.43,294.076,1.032,868.5,1,336.034,41.958,330532.3,420.043
TRIP-2190,VESSEL-003,Capesize Bulk,180000,170000,21000,162.0,HFO,1.0,620.0,1.0,3491.8,11.36,166886.4,0.9817,3,1.33,12.2,1.0683,307.38,411.681,1.048,1732.1,1,559.563,147.882,381929.06,2003.236
TRIP-2191,VESSEL-003,Capesize Bulk,180000,170000,21000,162.0,HFO,1.0,620.0,1.0,1917.0,10.73,112922.3,0.6642,3,2.5,25.8,1.0887,178.66,186.874,1.048,1732.0,0,281.759,94.885,214190.58,1008.697
TRIP-2192,VESSEL-005,Neo-Panamax Green,110000,102000,16500,158.0,Hydrogen,2.98,2800.0,0.08,911.4,16.95,78580.9,0.7704,4,3.52,28.1,1.1171,53.77,58.319,1.016,1411.9,1,70.444,12.125,221743.2,20.429
TRIP-2193,VESSEL-004,Feeder Container,22000,18500,9800,180.0,Hydrogen,2.98,2800.0,0.08,3401.8,16.09,16543.4,0.8942,2,1.08,12.5,1.0437,211.42,134.005,1.032,883.1,1,155.863,21.858,447716.4,45.2
TRIP-2194,VESSEL-002,Panamax Bulk,75000,70000,12500,168.0,HFO,1.0,620.0,1.0,1353.9,14.42,48038.7,0.6863,4,3.11,21.4,1.1071,93.89,147.648,1.04,1114.5,0,184.463,36.815,138117.06,660.378
TRIP-2195,VESSEL-001,Handysize Bulk,35000,32000,7200,175.0,LNG,1.15,780.0,0.78,2628.7,14.0,30155.2,0.9424,4,3.25,32.3,1.1235,187.76,149.164,1.064,675.0,0,189.696,40.532,165712.88,529.252
TRIP-2196,VESSEL-003,Capesize Bulk,180000,170000,21000,162.0,LNG,1.15,780.0,0.78,3801.8,14.74,148439.8,0.8732,1,0.62,4.9,1.0073,257.92,639.765,1.048,1750.1,1,779.678,139.913,643148.84,2175.302
TRIP-2197,VESSEL-003,Capesize Bulk,180000,170000,21000,162.0,LNG,1.15,780.0,0.78,2708.3,12.5,95630.9,0.5625,4,2.34,28.5,1.1178,216.66,303.665,1.048,1731.9,0,402.669,99.004,353581.82,1123.447
TRIP-2198,VESSEL-005,Neo-Panamax Green,110000,102000,16500,158.0,Ammonia,0.46,1100.0,0.15,875.4,15.38,77485.6,0.7597,2,1.15,10.9,1.0413,56.92,298.015,1.016,1413.4,0,336.735,38.72,399408.5,181.837
TRIP-2199,VESSEL-001,Handysize Bulk,35000,32000,7200,175.0,LNG,1.15,780.0,0.78,1924.6,12.59,29761.1,0.93,4,1.52,25.2,1.1128,152.87,88.077,1.064,718.2,1,123.204,35.127,109349.12,343.739
TRIP-2200,VESSEL-005,Neo-Panamax Green,110000,102000,16500,158.0,Hydrogen,2.98,2800.0,0.08,2188.1,10.49,93356.4,0.9153,3,2.6,16.5,1.0748,208.59,55.483,1.016,1459.7,1,78.298,22.815,243734.4,22.706
TRIP-2201,VESSEL-005,Neo-Panamax Green,110000,102000,16500,158.0,Methanol,0.5,950.0,0.35,3704.8,13.6,71127.8,0.6973,2,1.56,18.7,1.053,272.41,893.713,1.016,1454.0,1,1118.018,224.305,1086617.1,1397.523
TRIP-2202,VESSEL-004,Feeder Container,22000,18500,9800,180.0,Hydrogen,2.98,2800.0,0.08,2125.0,15.99,15275.8,0.8257,1,0.67,4.4,1.0066,132.9,81.46,1.032,872.2,0,93.406,11.946,277336.8,27.088
TRIP-2203,VESSEL-001,Handysize Bulk,35000,32000,7200,175.0,Methanol,0.5,950.0,0.35,3400.6,13.49,21116.8,0.6599,5,3.7,35.5,1.1533,252.08,385.66,1.064,632.7,0,543.141,157.481,533733.95,678.926
TRIP-2204,VESSEL-003,Capesize Bulk,180000,170000,21000,162.0,LNG,1.15,780.0,0.78,1282.4,12.21,114629.9,0.6743,2,1.21,14.4,1.0466,105.03,141.114,1.048,1754.0,1,194.437,53.323,186660.86,542.479
TRIP-2205,VESSEL-001,Handysize Bulk,35000,32000,7200,175.0,HFO,1.0,620.0,1.0,3930.9,11.6,29033.7,0.9073,1,0.36,7.8,1.0117,338.87,174.708,1.064,684.8,1,222.726,48.018,151340.12,797.359
TRIP-2206,VESSEL-005,Neo-Panamax Green,110000,102000,16500,158.0,Methanol,0.5,950.0,0.35,3893.3,16.78,51086.8,0.5009,2,0.89,10.6,1.0409,232.02,1361.438,1.016,1469.6,0,1542.29,180.852,1494175.5,1927.862
TRIP-2207,VESSEL-002,Panamax Bulk,75000,70000,12500,168.0,LNG,1.15,780.0,0.78,4014.4,15.39,44404.3,0.6343,3,1.98,18.3,1.0775,260.84,428.095,1.04,1117.6,0,524.051,95.956,432509.78,1462.102
TRIP-2208,VESSEL-002,Panamax Bulk,75000,70000,12500,168.0,Ammonia,0.46,1100.0,0.15,3367.9,9.78,54513.2,0.7788,2,0.93,10.2,1.0403,344.37,375.606,1.04,1079.7,0,546.757,171.151,625182.7,295.249
TRIP-2209,VESSEL-004,Feeder Container,22000,18500,9800,180.0,HFO,1.0,620.0,1.0,3463.5,13.58,16182.4,0.8747,4,2.56,21.5,1.1073,255.04,288.408,1.032,875.1,1,380.404,91.996,247150.48,1361.846
TRIP-2210,VESSEL-003,Capesize Bulk,180000,170000,21000,162.0,HFO,1.0,620.0,1.0,3625.4,12.75,131890.4,0.7758,2,0.94,17.7,1.0515,284.35,512.865,1.048,1738.0,1,632.667,119.802,427253.54,2264.948
TRIP-2211,VESSEL-002,Panamax Bulk,75000,70000,12500,168.0,HFO,1.0,620.0,1.0,2787.2,14.02,44415.1,0.6345,1,0.6,11.4,1.0171,198.8,283.678,1.04,1139.7,1,347.677,63.999,234809.74,1244.684
TRIP-2212,VESSEL-003,Capesize Bulk,180000,170000,21000,162.0,LNG,1.15,780.0,0.78,2519.5,11.48,148034.8,0.8708,2,1.19,10.4,1.0406,219.47,257.039,1.048,1748.5,1,327.559,70.52,290496.02,913.89
TRIP-2213,VESSEL-003,Capesize Bulk,180000,170000,21000,162.0,LNG,1.15,780.0,0.78,2177.3,10.48,144019.5,0.8472,3,2.14,15.7,1.0736,207.76,184.081,1.048,1732.1,0,264.137,80.056,245526.86,736.942
TRIP-2214,VESSEL-005,Neo-Panamax Green,110000,102000,16500,158.0,LNG,1.15,780.0,0.78,3797.4,11.36,50990.1,0.4999,2,1.66,12.9,1.0443,334.28,264.551,1.016,1463.4,0,358.747,94.196,308822.66,1000.904
TRIP-2215,VESSEL-001,Handysize Bulk,35000,32000,7200,175.0,Methanol,0.5,950.0,0.35,2851.3,12.02,23424.3,0.732,3,0.99,20.8,1.0812,237.21,261.22,1.064,719.3,0,368.033,106.813,367381.35,460.041
TRIP-2216,VESSEL-002,Panamax Bulk,75000,70000,12500,168.0,Methanol,0.5,950.0,0.35,4000.3,14.5,62253.4,0.8893,3,2.45,23.5,1.0853,275.88,926.115,1.04,1108.9,1,1179.304,253.189,1139588.8,1474.13
TRIP-2217,VESSEL-005,Neo-Panamax Green,110000,102000,16500,158.0,Methanol,0.5,950.0,0.35,1099.2,14.47,98913.8,0.9697,4,1.97,29.9,1.1199,75.96,320.04,1.016,1439.7,0,408.793,88.753,417353.35,510.991
TRIP-2218,VESSEL-001,Handysize Bulk,35000,32000,7200,175.0,HFO,1.0,620.0,1.0,2981.3,13.36,19696.1,0.6155,2,1.67,12.8,1.0442,223.15,164.027,1.064,718.0,1,215.602,51.575,146923.24,771.855
TRIP-2219,VESSEL-005,Neo-Panamax Green,110000,102000,16500,158.0,Ammonia,0.46,1100.0,0.15,553.4,13.62,51060.4,0.5006,4,2.38,29.3,1.1189,40.63,138.567,1.016,1439.5,0,182.353,43.786,229588.3,98.471
TRIP-2220,VESSEL-005,Neo-Panamax Green,110000,102000,16500,158.0,Hydrogen,2.98,2800.0,0.08,657.0,13.34,93571.4,0.9174,6,5.38,37.7,1.1816,49.25,26.954,1.016,1403.2,0,37.166,10.212,133064.8,10.778
TRIP-2221,VESSEL-005,Neo-Panamax Green,110000,102000,16500,158.0,LNG,1.15,780.0,0.78,712.1,10.35,67199.9,0.6588,4,2.09,19.4,1.1041,68.8,42.85,1.016,1424.5,1,67.17,24.32,76892.6,187.404
TRIP-2222,VESSEL-002,Panamax Bulk,75000,70000,12500,168.0,HFO,1.0,620.0,1.0,1613.8,10.73,63578.9,0.9083,5,2.34,38.5,1.1578,150.4,102.748,1.04,1146.4,0,157.156,54.408,121186.72,562.618
TRIP-2223,VESSEL-003,Capesize Bulk,180000,170000,21000,162.0,HFO,1.0,620.0,1.0,2143.4,10.51,83651.7,0.4921,7,4.15,42.3,1.2134,203.94,191.87,1.048,1799.4,0,309.844,117.974,231603.28,1109.242
TRIP-2224,VESSEL-005,Neo-Panamax Green,110000,102000,16500,158.0,Hydrogen,2.98,2800.0,0.08,515.1,12.11,56106.7,0.5501,3,1.11,18.0,1.077,42.54,15.941,1.016,1389.7,1,20.77,4.829,82656.0,6.023
TRIP-2225,VESSEL-003,Capesize Bulk,180000,170000,21000,162.0,Ammonia,0.46,1100.0,0.15,2197.0,15.19,123648.2,0.7273,3,1.58,13.8,1.0707,144.63,947.684,1.048,1806.6,1,1147.508,199.824,1297258.8,619.654
TRIP-2226,VESSEL-003,Capesize Bulk,180000,170000,21000,162.0,Ammonia,0.46,1100.0,0.15,3892.1,14.94,100889.7,0.5935,2,1.24,18.6,1.0529,260.52,1570.856,1.048,1823.8,1,2018.365,447.509,2255201.5,1089.917
TRIP-2227,VESSEL-003,Capesize Bulk,180000,170000,21000,162.0,HFO,1.0,620.0,1.0,1643.2,10.4,75115.1,0.4419,1,0.49,4.5,1.0068,158.0,142.149,1.048,1753.6,1,200.101,57.952,159062.62,716.362
TRIP-2228,VESSEL-002,Panamax Bulk,75000,70000,12500,168.0,LNG,1.15,780.0,0.78,1758.5,11.82,64340.6,0.9192,2,1.0,14.7,1.047,148.77,118.439,1.04,1086.7,1,153.35,34.911,138863.0,427.846
TRIP-2229,VESSEL-003,Capesize Bulk,180000,170000,21000,162.0,LNG,1.15,780.0,0.78,2547.2,14.41,70933.6,0.4173,4,2.07,29.0,1.1185,176.77,365.482,1.048,1814.5,1,488.811,123.329,416272.58,1363.783
TRIP-2230,VESSEL-005,Neo-Panamax Green,110000,102000,16500,158.0,Hydrogen,2.98,2800.0,0.08,2089.1,13.73,46624.6,0.4571,3,2.2,14.7,1.072,152.16,81.149,1.016,1452.2,0,105.579,24.43,324621.2,30.618
TRIP-2231,VESSEL-005,Neo-Panamax Green,110000,102000,16500,158.0,Ammonia,0.46,1100.0,0.15,1639.7,15.41,77163.5,0.7565,3,1.45,20.3,1.0805,106.4,559.918,1.016,1403.3,0,687.633,127.715,785396.3,371.322
TRIP-2232,VESSEL-003,Capesize Bulk,180000,170000,21000,162.0,LNG,1.15,780.0,0.78,2409.1,11.33,102629.6,0.6037,3,2.26,14.6,1.0719,212.63,224.255,1.048,1824.6,0,330.558,106.303,297335.24,922.257
TRIP-2233,VESSEL-005,Neo-Panamax Green,110000,102000,16500,158.0,LNG,1.15,780.0,0.78,1900.3,14.8,89105.8,0.8736,4,3.32,29.0,1.1185,128.4,246.154,1.016,1373.4,1,313.576,67.422,269089.28,874.877
TRIP-2234,VESSEL-004,Feeder Container,22000,18500,9800,180.0,Hydrogen,2.98,2800.0,0.08,748.7,17.86,11659.1,0.6302,3,0.98,16.1,1.0741,41.92,34.28,1.032,892.7,0,41.064,6.784,130779.2,11.909
TRIP-2235,VESSEL-003,Capesize Bulk,180000,170000,21000,162.0,Ammonia,0.46,1100.0,0.15,3830.5,14.93,105958.5,0.6233,1,0.8,10.6,1.0159,256.56,1555.539,1.048,1762.2,1,1798.87,243.331,2013757.0,971.39
TRIP-2236,VESSEL-005,Neo-Panamax Green,110000,102000,16500,158.0,Methanol,0.5,950.0,0.35,1014.1,12.31,74988.7,0.7352,3,2.7,14.2,1.0713,82.38,202.271,1.016,1464.8,1,259.915,57.644,271419.25,324.894
TRIP-2237,VESSEL-002,Panamax Bulk,75000,70000,12500,168.0,Methanol,0.5,950.0,0.35,562.4,10.58,34215.1,0.4888,4,2.75,19.0,1.1035,53.16,62.839,1.04,1129.1,0,93.739,30.9,112802.05,117.174
TRIP-2238,VESSEL-003,Capesize Bulk,180000,170000,21000,162.0,LNG,1.15,780.0,0.78,3432.4,12.23,153631.0,0.9037,3,2.2,20.0,1.08,280.65,400.511,1.048,1764.1,1,531.732,131.221,449750.96,1483.532
TRIP-2239,VESSEL-002,Panamax Bulk,75000,70000,12500,168.0,LNG,1.15,780.0,0.78,3027.0,13.21,52617.0,0.7517,3,2.46,14.3,1.0715,229.14,244.755,1.04,1138.4,1,310.328,65.573,261305.84,865.815
TRIP-2240,VESSEL-003,Capesize Bulk,180000,170000,21000,162.0,LNG,1.15,780.0,0.78,1265.5,13.34,152468.8,0.8969,6,5.04,30.6,1.1709,94.87,175.415,1.048,1819.3,1,242.366,66.951,224045.48,676.201
TRIP-2241,VESSEL-005,Neo-Panamax Green,110000,102000,16500,158.0,Ammonia,0.46,1100.0,0.15,2256.1,14.72,35929.7,0.3523,2,0.99,18.8,1.0532,153.27,634.875,1.016,1378.6,0,753.53,118.655,857883.0,406.906
TRIP-2242,VESSEL-003,Capesize Bulk,180000,170000,21000,162.0,Ammonia,0.46,1100.0,0.15,1446.5,10.71,96905.8,0.57,2,1.25,14.1,1.0461,135.06,298.23,1.048,1752.7,1,433.137,134.907,511450.7,233.894
TRIP-2243,VESSEL-005,Neo-Panamax Green,110000,102000,16500,158.0,Methanol,0.5,950.0,0.35,3793.5,10.15,61938.7,0.6072,3,1.53,15.6,1.0734,373.74,498.547,1.016,1394.3,0,742.263,243.716,734149.85,927.829
TRIP-2244,VESSEL-002,Panamax Bulk,75000,70000,12500,168.0,HFO,1.0,620.0,1.0,1444.1,13.71,46404.0,0.6629,2,0.69,11.2,1.0418,105.33,141.541,1.04,1054.4,1,172.833,31.292,126406.46,618.742
TRIP-2245,VESSEL-005,Neo-Panamax Green,110000,102000,16500,158.0,Ammonia,0.46,1100.0,0.15,3399.3,15.31,72322.1,0.709,4,3.38,31.1,1.1217,222.03,1132.772,1.016,1448.8,1,1358.306,225.534,1518636.6,733.485
TRIP-2246,VESSEL-004,Feeder Container,22000,18500,9800,180.0,HFO,1.0,620.0,1.0,2925.8,15.27,8712.8,0.471,3,2.02,15.4,1.0731,191.6,281.241,1.032,877.4,0,342.09,60.849,227895.8,1224.682
TRIP-2247,VESSEL-001,Handysize Bulk,35000,32000,7200,175.0,HFO,1.0,620.0,1.0,3000.2,10.24,12057.1,0.3768,2,1.79,13.9,1.0458,292.99,91.298,1.064,654.9,1,134.606,43.308,96705.72,481.889
TRIP-2248,VESSEL-004,Feeder Container,22000,18500,9800,180.0,Methanol,0.5,950.0,0.35,3863.1,13.4,9042.5,0.4888,5,2.9,22.7,1.1341,288.29,574.333,1.032,835.3,0,783.114,208.781,759758.3,978.893
TRIP-2249,VESSEL-004,Feeder Container,22000,18500,9800,180.0,HFO,1.0,620.0,1.0,1203.2,15.26,17284.7,0.9343,3,2.45,18.6,1.0779,78.85,128.146,1.032,840.0,1,155.575,27.429,107756.5,556.958
TRIP-2250,VESSEL-002,Panamax Bulk,75000,70000,12500,168.0,Methanol,0.5,950.0,0.35,2923.9,10.21,59099.0,0.8443,2,1.77,14.3,1.0464,286.38,332.098,1.04,1140.7,1,488.394,156.296,483224.3,610.493
TRIP-2251,VESSEL-005,Neo-Panamax Green,110000,102000,16500,158.0,LNG,1.15,780.0,0.78,2675.8,13.02,82711.8,0.8109,4,1.23,27.7,1.1165,205.51,264.319,1.016,1401.9,0,354.484,90.165,305497.52,989.01
TRIP-2252,VESSEL-003,Capesize Bulk,180000,170000,21000,162.0,LNG,1.15,780.0,0.78,3734.2,12.27,102871.5,0.6051,3,1.63,19.5,1.0793,304.34,407.828,1.048,1825.4,0,547.04,139.212,466191.2,1526.242
TRIP-2253,VESSEL-004,Feeder Container,22000,18500,9800,180.0,HFO,1.0,620.0,1.0,1692.6,11.93,8005.4,0.4327,4,1.26,20.4,1.1056,141.88,98.417,1.032,850.2,1,133.391,34.974,94002.42,477.54
TRIP-2254,VESSEL-005,Neo-Panamax Green,110000,102000,16500,158.0,Methanol,0.5,950.0,0.35,812.0,16.98,54416.7,0.5335,4,2.66,33.0,1.1245,47.82,293.174,1.016,1450.2,0,356.102,62.928,367296.9,445.127
TRIP-2255,VESSEL-005,Neo-Panamax Green,110000,102000,16500,158.0,Ammonia,0.46,1100.0,0.15,1068.9,13.56,39567.5,0.3879,5,3.13,21.3,1.132,78.83,257.674,1.016,1439.3,1,344.792,87.118,403771.2,186.188
TRIP-2256,VESSEL-005,Neo-Panamax Green,110000,102000,16500,158.0,LNG,1.15,780.0,0.78,2319.3,12.87,53555.8,0.5251,4,2.44,16.1,1.0991,180.21,208.718,1.016,1377.8,1,274.666,65.948,238739.48,766.318
TRIP-2257,VESSEL-002,Panamax Bulk,75000,70000,12500,168.0,Ammonia,0.46,1100.0,0.15,2651.6,14.21,54051.8,0.7722,5,1.56,23.1,1.1347,186.6,623.302,1.04,1112.4,1,827.39,204.088,929379.0,446.791
TRIP-2258,VESSEL-001,Handysize Bulk,35000,32000,7200,175.0,HFO,1.0,620.0,1.0,876.4,14.39,13495.1,0.4217,4,1.95,28.2,1.1173,60.9,53.28,1.064,646.0,1,70.01,16.73,56656.2,250.636
TRIP-2259,VESSEL-004,Feeder Container,22000,18500,9800,180.0,Hydrogen,2.98,2800.0,0.08,3319.4,14.16,15723.4,0.8499,3,2.57,15.7,1.0736,234.42,100.309,1.032,858.0,0,129.049,28.74,377137.2,37.424
TRIP-2260,VESSEL-003,Capesize Bulk,180000,170000,21000,162.0,HFO,1.0,620.0,1.0,2543.0,14.48,148795.7,0.8753,1,0.68,10.0,1.015,175.62,475.155,1.048,1754.9,1,585.828,110.673,398213.36,2097.264
TRIP-2261,VESSEL-004,Feeder Container,22000,18500,9800,180.0,Hydrogen,2.98,2800.0,0.08,1280.2,13.09,9158.4,0.495,3,2.61,20.5,1.0808,97.8,30.519,1.032,864.3,1,40.885,10.366,125778.0,11.857
TRIP-2262,VESSEL-003,Capesize Bulk,180000,170000,21000,162.0,Ammonia,0.46,1100.0,0.15,3708.7,10.43,112856.0,0.6639,2,1.72,11.0,1.0415,355.58,742.526,1.048,1783.2,0,1119.067,376.541,1270473.7,604.296
TRIP-2263,VESSEL-003,Capesize Bulk,180000,170000,21000,162.0,Ammonia,0.46,1100.0,0.15,2693.3,11.64,122577.9,0.721,4,2.68,26.1,1.1141,231.38,681.155,1.048,1821.2,0,937.312,256.157,1070543.2,506.148
TRIP-2264,VESSEL-005,Neo-Panamax Green,110000,102000,16500,158.0,LNG,1.15,780.0,0.78,1713.6,12.99,94607.1,0.9275,3,2.44,20.5,1.0808,131.92,173.15,1.016,1442.5,0,220.936,47.786,201330.08,616.411
TRIP-2265,VESSEL-001,Handysize Bulk,35000,32000,7200,175.0,HFO,1.0,620.0,1.0,3463.6,10.27,21455.4,0.6705,3,1.92,23.3,1.085,337.25,114.124,1.064,649.9,0,175.024,60.9,126264.88,626.586
TRIP-2266,VESSEL-003,Capesize Bulk,180000,170000,21000,162.0,HFO,1.0,620.0,1.0,4050.8,15.02,148845.4,0.8756,2,0.88,8.3,1.0374,269.69,814.442,1.048,1771.0,1,974.14,159.698,638966.8,3487.421
TRIP-2267,VESSEL-003,Capesize Bulk,180000,170000,21000,162.0,HFO,1.0,620.0,1.0,1159.7,11.0,147733.1,0.869,1,0.8,11.8,1.0177,105.43,124.869,1.048,1738.8,0,170.306,45.437,145089.72,609.695
TRIP-2268,VESSEL-002,Panamax Bulk,75000,70000,12500,168.0,Ammonia,0.46,1100.0,0.15,1809.7,13.9,61251.7,0.875,2,1.38,15.7,1.0485,130.19,417.082,1.04,1100.4,0,519.229,102.147,594901.9,280.384
TRIP-2269,VESSEL-005,Neo-Panamax Green,110000,102000,16500,158.0,Ammonia,0.46,1100.0,0.15,3952.0,14.52,93325.6,0.915,4,3.5,32.2,1.1233,272.18,1243.718,1.016,1431.9,1,1621.535,377.817,1808188.5,875.629
TRIP-2270,VESSEL-002,Panamax Bulk,75000,70000,12500,168.0,HFO,1.0,620.0,1.0,1611.0,11.64,29053.6,0.4151,1,0.85,7.6,1.0114,138.4,106.863,1.04,1068.9,1,145.016,38.153,109159.92,519.157
TRIP-2271,VESSEL-005,Neo-Panamax Green,110000,102000,16500,158.0,Hydrogen,2.98,2800.0,0.08,2308.9,12.12,92792.2,0.9097,2,1.4,15.5,1.0482,190.5,78.052,1.016,1398.7,0,97.656,19.604,302436.8,28.32
TRIP-2272,VESSEL-002,Panamax Bulk,75000,70000,12500,168.0,Methanol,0.5,950.0,0.35,1683.1,15.27,59273.1,0.8468,6,4.12,34.5,1.1767,110.22,427.837,1.04,1096.8,0,565.77,137.933,561231.5,707.212
TRIP-2273,VESSEL-003,Capesize Bulk,180000,170000,21000,162.0,LNG,1.15,780.0,0.78,1827.6,13.17,143671.9,0.8451,4,2.59,32.4,1.1236,138.77,243.896,1.048,1768.5,0,340.339,96.443,304964.42,949.546
TRIP-2274,VESSEL-004,Feeder Container,22000,18500,9800,180.0,Hydrogen,2.98,2800.0,0.08,1721.3,11.75,13247.9,0.7161,3,2.0,24.7,1.0871,146.49,34.778,1.032,879.8,1,48.93,14.152,148304.0,14.19
TRIP-2275,VESSEL-001,Handysize Bulk,35000,32000,7200,175.0,Methanol,0.5,950.0,0.35,1212.3,11.22,28903.6,0.9032,3,0.94,14.3,1.0715,108.05,100.725,1.064,720.1,1,149.946,49.221,155698.7,187.433
TRIP-2276,VESSEL-003,Capesize Bulk,180000,170000,21000,162.0,HFO,1.0,620.0,1.0,2747.9,10.42,124069.3,0.7298,1,0.54,7.3,1.011,263.71,256.734,1.048,1763.4,1,365.729,108.995,261751.98,1309.31
TRIP-2277,VESSEL-003,Capesize Bulk,180000,170000,21000,162.0,HFO,1.0,620.0,1.0,1881.5,12.46,121834.4,0.7167,4,3.32,17.0,1.1005,151.0,250.544,1.048,1793.5,1,348.556,98.012,251104.72,1247.83
TRIP-2278,VESSEL-005,Neo-Panamax Green,110000,102000,16500,158.0,Ammonia,0.46,1100.0,0.15,917.3,10.66,72790.9,0.7136,2,1.78,11.5,1.0422,86.05,148.358,1.016,1428.4,0,200.11,51.752,249121.0,108.059
TRIP-2279,VESSEL-004,Feeder Container,22000,18500,9800,180.0,HFO,1.0,620.0,1.0,1573.9,14.43,11731.0,0.6341,3,1.53,21.0,1.0815,109.07,140.307,1.032,845.6,1,175.748,35.441,120263.76,629.178
TRIP-2280,VESSEL-001,Handysize Bulk,35000,32000,7200,175.0,Methanol,0.5,950.0,0.35,508.3,12.27,13311.2,0.416,1,0.88,5.0,1.0075,41.43,44.874,1.064,630.4,0,57.301,12.427,72185.95,71.626
TRIP-2281,VESSEL-004,Feeder Container,22000,18500,9800,180.0,HFO,1.0,620.0,1.0,1522.5,17.64,14891.1,0.8049,5,1.61,39.6,1.1594,86.31,210.705,1.032,839.9,0,270.173,59.468,183307.26,967.219
TRIP-2282,VESSEL-003,Capesize Bulk,180000,170000,21000,162.0,LNG,1.15,780.0,0.78,1357.4,15.23,106600.3,0.6271,2,0.86,14.0,1.046,89.13,229.672,1.048,1816.9,1,289.521,59.849,260826.38,807.764
TRIP-2283,VESSEL-005,Neo-Panamax Green,110000,102000,16500,158.0,LNG,1.15,780.0,0.78,3435.2,12.26,85912.7,0.8423,4,1.28,26.0,1.114,280.2,303.12,1.016,1404.7,0,416.131,113.011,353582.18,1161.005
TRIP-2284,VESSEL-005,Neo-Panamax Green,110000,102000,16500,158.0,LNG,1.15,780.0,0.78,3939.8,10.31,83028.1,0.814,4,2.59,19.9,1.1048,382.13,244.212,1.016,1371.5,1,354.268,110.056,300829.04,988.408
TRIP-2285,VESSEL-002,Panamax Bulk,75000,70000,12500,168.0,LNG,1.15,780.0,0.78,2463.4,14.65,45719.6,0.6531,4,3.07,26.9,1.1153,168.15,239.156,1.04,1143.8,1,314.294,75.138,264399.32,876.88
TRIP-2286,VESSEL-005,Neo-Panamax Green,110000,102000,16500,158.0,Ammonia,0.46,1100.0,0.15,2674.1,11.52,64770.5,0.635,3,2.55,25.1,1.0877,232.13,495.481,1.016,1380.7,0,698.231,202.75,797054.1,377.045
TRIP-2287,VESSEL-003,Capesize Bulk,180000,170000,21000,162.0,HFO,1.0,620.0,1.0,4112.2,15.67,169729.0,0.9984,3,1.35,22.6,1.0839,262.43,926.069,1.048,1759.9,1,1146.383,220.314,745757.46,4104.051
TRIP-2288,VESSEL-003,Capesize Bulk,180000,170000,21000,162.0,LNG,1.15,780.0,0.78,3989.5,13.05,121824.6,0.7166,2,1.72,16.9,1.0503,305.71,506.745,1.048,1803.1,1,673.784,167.039,560551.52,1879.857
TRIP-2289,VESSEL-001,Handysize Bulk,35000,32000,7200,175.0,Methanol,0.5,950.0,0.35,868.9,10.02,15195.6,0.4749,3,1.04,24.7,1.0871,86.72,51.929,1.064,670.8,0,84.113,32.184,97657.35,105.141
TRIP-2290,VESSEL-001,Handysize Bulk,35000,32000,7200,175.0,Methanol,0.5,950.0,0.35,2892.4,10.49,21030.0,0.6572,5,4.23,21.8,1.1327,275.73,198.224,1.064,662.5,1,312.397,114.173,310027.15,390.496
TRIP-2291,VESSEL-002,Panamax Bulk,75000,70000,12500,168.0,Methanol,0.5,950.0,0.35,1091.6,14.29,41082.9,0.5869,3,1.9,12.4,1.0686,76.39,228.12,1.04,1112.8,1,295.26,67.14,299747.0,369.075
TRIP-2292,VESSEL-002,Panamax Bulk,75000,70000,12500,168.0,LNG,1.15,780.0,0.78,3495.0,11.0,56118.9,0.8017,4,1.7,20.7,1.106,317.73,198.321,1.04,1106.7,0,294.808,96.487,253700.24,822.514
TRIP-2293,VESSEL-002,Panamax Bulk,75000,70000,12500,168.0,Methanol,0.5,950.0,0.35,2098.1,11.77,63606.4,0.9087,1,0.31,9.2,1.0138,178.26,321.499,1.04,1104.1,0,430.755,109.256,432967.25,538.444
TRIP-2294,VESSEL-001,Handysize Bulk,35000,32000,7200,175.0,LNG,1.15,780.0,0.78,1314.3,13.73,30726.8,0.9602,5,2.27,39.4,1.1591,95.72,72.019,1.064,685.7,0,100.483,28.464,96126.74,280.348
TRIP-2295,VESSEL-002,Panamax Bulk,75000,70000,12500,168.0,Ammonia,0.46,1100.0,0.15,1324.2,10.63,59426.7,0.849,6,4.09,39.9,1.1848,124.57,177.399,1.04,1071.8,1,277.343,99.944,324327.3,149.765
TRIP-2296,VESSEL-004,Feeder Container,22000,18500,9800,180.0,Methanol,0.5,950.0,0.35,3472.6,11.88,7636.5,0.4128,5,3.25,27.3,1.141,292.31,398.552,1.032,899.3,0,582.235,183.683,568923.25,727.794
TRIP-2297,VESSEL-004,Feeder Container,22000,18500,9800,180.0,HFO,1.0,620.0,1.0,4039.4,12.51,12291.5,0.6644,4,3.46,29.7,1.1196,322.89,272.51,1.032,869.5,0,370.896,98.386,245755.52,1327.808
TRIP-2298,VESSEL-004,Feeder Container,22000,18500,9800,180.0,HFO,1.0,620.0,1.0,3663.4,17.76,12031.7,0.6504,3,2.09,12.3,1.0685,206.27,496.527,1.032,859.0,0,587.032,90.505,379759.84,2101.575
TRIP-2299,VESSEL-001,Handysize Bulk,35000,32000,7200,175.0,Methanol,0.5,950.0,0.35,3201.4,9.9,21047.9,0.6577,3,2.21,23.1,1.0847,323.37,195.438,1.064,670.1,1,312.588,117.15,310208.6,390.735
TRIP-2300,VESSEL-004,Feeder Container,22000,18500,9800,180.0,Hydrogen,2.98,2800.0,0.08,1584.0,16.39,14247.9,0.7702,3,0.98,14.7,1.072,96.64,63.02,1.032,876.4,1,75.291,12.271,222114.8,21.834
TRIP-2301,VESSEL-004,Feeder Container,22000,18500,9800,180.0,Methanol,0.5,950.0,0.35,3997.7,11.99,16008.3,0.8653,5,3.76,20.1,1.1301,333.42,517.961,1.032,874.8,0,733.987,216.026,713087.65,917.484
TRIP-2302,VESSEL-003,Capesize Bulk,180000,170000,21000,162.0,Ammonia,0.46,1100.0,0.15,3431.3,10.82,132683.5,0.7805,3,2.33,20.5,1.0808,317.13,760.801,1.048,1749.0,0,1091.249,330.448,1239873.9,589.274
TRIP-2303,VESSEL-005,Neo-Panamax Green,110000,102000,16500,158.0,Methanol,0.5,950.0,0.35,1923.9,12.02,39867.8,0.3909,3,1.75,19.8,1.0797,160.06,335.521,1.016,1469.2,1,469.464,133.943,470490.8,586.83
TRIP-2304,VESSEL-005,Neo-Panamax Green,110000,102000,16500,158.0,Hydrogen,2.98,2800.0,0.08,3377.2,12.2,91347.2,0.8956,3,1.11,21.1,1.0817,276.82,115.301,1.016,1376.6,0,153.743,38.442,459480.4,44.585
TRIP-2305,VESSEL-005,Neo-Panamax Green,110000,102000,16500,158.0,Ammonia,0.46,1100.0,0.15,1754.8,12.6,66328.9,0.6503,1,0.39,4.9,1.0073,139.27,390.429,1.016,1413.1,1,474.758,84.329,546733.8,256.369
TRIP-2306,VESSEL-004,Feeder Container,22000,18500,9800,180.0,HFO,1.0,620.0,1.0,2527.9,12.72,16493.6,0.8915,5,3.04,38.2,1.1573,198.73,185.351,1.032,859.5,1,248.604,63.253,165434.48,890.002
TRIP-2307,VESSEL-001,Handysize Bulk,35000,32000,7200,175.0,HFO,1.0,620.0,1.0,3662.8,14.05,19904.4,0.622,3,2.18,24.4,1.0866,260.7,223.235,1.064,725.7,0,288.307,65.072,196500.34,1032.139
TRIP-2308,VESSEL-003,Capesize Bulk,180000,170000,21000,162.0,Ammonia,0.46,1100.0,0.15,2649.1,10.59,65422.7,0.3848,4,1.29,25.6,1.1134,250.15,508.796,1.048,1767.2,1,803.108,294.312,918418.8,433.678
TRIP-2309,VESSEL-005,Neo-Panamax Green,110000,102000,16500,158.0,Ammonia,0.46,1100.0,0.15,1776.6,13.94,100072.0,0.9811,4,3.32,19.2,1.1038,127.45,523.212,1.016,1469.3,0,660.588,137.376,755646.8,356.718
TRIP-2310,VESSEL-005,Neo-Panamax Green,110000,102000,16500,158.0,Methanol,0.5,950.0,0.35,4163.6,13.95,47370.7,0.4644,3,1.07,13.7,1.0706,298.47,996.92,1.016,1428.4,1,1259.5,262.58,1221025.0,1574.375
TRIP-2311,VESSEL-005,Neo-Panamax Green,110000,102000,16500,158.0,Methanol,0.5,950.0,0.35,2350.0,13.11,64596.3,0.6333,4,2.08,30.7,1.121,179.25,518.573,1.016,1372.9,1,695.557,176.984,685279.15,869.446
TRIP-2312,VESSEL-002,Panamax Bulk,75000,70000,12500,168.0,LNG,1.15,780.0,0.78,3041.6,12.06,46546.5,0.665,4,2.97,21.8,1.1077,252.21,200.698,1.04,1149.9,1,260.398,59.7,222360.44,726.51
TRIP-2313,VESSEL-001,Handysize Bulk,35000,32000,7200,175.0,Methanol,0.5,950.0,0.35,2173.7,10.07,17731.6,0.5541,5,3.84,37.0,1.1555,215.86,133.846,1.064,653.2,0,210.813,76.967,218022.35,263.516
TRIP-2314,VESSEL-001,Handysize Bulk,35000,32000,7200,175.0,LNG,1.15,780.0,0.78,3569.2,11.37,22992.1,0.7185,2,1.75,13.1,1.0446,313.91,126.8,1.064,721.6,1,182.426,55.626,155542.28,508.969
TRIP-2315,VESSEL-001,Handysize Bulk,35000,32000,7200,175.0,Methanol,0.5,950.0,0.35,2836.5,13.02,26262.9,0.8207,4,2.28,18.1,1.1021,217.86,311.356,1.064,681.9,0,415.553,104.197,412525.35,519.441
TRIP-2316,VESSEL-001,Handysize Bulk,35000,32000,7200,175.0,LNG,1.15,780.0,0.78,2238.4,11.98,11403.9,0.3564,2,1.17,12.5,1.0437,186.84,80.637,1.064,719.2,0,108.284,27.647,102211.52,302.112
TRIP-2317,VESSEL-002,Panamax Bulk,75000,70000,12500,168.0,LNG,1.15,780.0,0.78,1157.3,14.61,68145.4,0.9735,3,0.98,19.0,1.0785,79.21,120.586,1.04,1062.5,1,160.479,39.893,144423.62,447.736
TRIP-2318,VESSEL-004,Feeder Container,22000,18500,9800,180.0,HFO,1.0,620.0,1.0,3392.5,12.15,9888.5,0.5345,3,2.69,17.4,1.0761,279.22,209.56,1.032,880.3,0,293.606,84.046,197835.72,1051.109
TRIP-2319,VESSEL-002,Panamax Bulk,75000,70000,12500,168.0,Ammonia,0.46,1100.0,0.15,1733.6,15.03,58571.6,0.8367,4,3.52,17.3,1.1009,115.34,462.959,1.04,1076.5,0,587.757,124.798,670282.7,317.389
TRIP-2320,VESSEL-001,Handysize Bulk,35000,32000,7200,175.0,HFO,1.0,620.0,1.0,2030.4,10.89,17034.5,0.5323,4,3.29,19.1,1.1037,186.45,72.711,1.064,694.6,0,109.863,37.152,85865.06,393.31
TRIP-2321,VESSEL-003,Capesize Bulk,180000,170000,21000,162.0,HFO,1.0,620.0,1.0,2407.9,11.79,60294.8,0.3547,2,0.65,15.7,1.0485,204.23,261.55,1.048,1803.2,1,376.89,115.34,268671.8,1349.266
TRIP-2322,VESSEL-005,Neo-Panamax Green,110000,102000,16500,158.0,Methanol,0.5,950.0,0.35,1238.6,14.18,79844.0,0.7828,2,1.13,12.9,1.0443,87.35,331.575,1.016,1447.4,0,396.748,65.173,405910.6,495.935
TRIP-2323,VESSEL-004,Feeder Container,22000,18500,9800,180.0,Hydrogen,2.98,2800.0,0.08,3207.1,12.76,9057.2,0.4896,3,2.18,17.8,1.0767,251.34,72.555,1.032,923.0,1,95.859,23.304,279705.2,27.799
TRIP-2324,VESSEL-002,Panamax Bulk,75000,70000,12500,168.0,HFO,1.0,620.0,1.0,3383.1,15.45,52850.8,0.755,3,1.37,17.0,1.0755,218.97,430.665,1.04,1139.4,0,545.303,114.638,361837.86,1952.185
TRIP-2325,VESSEL-002,Panamax Bulk,75000,70000,12500,168.0,Methanol,0.5,950.0,0.35,3772.9,11.73,42094.5,0.6014,5,3.3,25.5,1.1382,321.65,533.191,1.04,1097.5,0,735.275,202.084,722261.25,919.094
TRIP-2326,VESSEL-003,Capesize Bulk,180000,170000,21000,162.0,HFO,1.0,620.0,1.0,1681.1,11.81,132519.3,0.7795,3,0.99,25.9,1.0889,142.35,204.228,1.048,1780.8,0,274.748,70.52,209843.76,983.598
TRIP-2327,VESSEL-001,Handysize Bulk,35000,32000,7200,175.0,HFO,1.0,620.0,1.0,783.4,10.23,25424.5,0.7945,3,1.38,15.2,1.0728,76.58,26.381,1.064,632.1,1,39.322,12.941,37629.64,140.773
TRIP-2328,VESSEL-001,Handysize Bulk,35000,32000,7200,175.0,HFO,1.0,620.0,1.0,1858.8,12.58,18184.5,0.5683,4,2.52,32.2,1.1233,147.76,89.627,1.064,661.9,1,121.957,32.33,88863.34,436.606
TRIP-2329,VESSEL-004,Feeder Container,22000,18500,9800,180.0,Methanol,0.5,950.0,0.35,3516.3,13.32,9405.9,0.5084,2,1.18,15.0,1.0475,263.99,518.944,1.032,844.4,1,690.444,171.5,667221.8,863.055
TRIP-2330,VESSEL-004,Feeder Container,22000,18500,9800,180.0,Methanol,0.5,950.0,0.35,3658.3,13.44,7491.5,0.4049,4,3.12,25.0,1.1125,272.19,536.347,1.032,869.8,0,719.864,183.517,699670.8,899.83
TRIP-2331,VESSEL-002,Panamax Bulk,75000,70000,12500,168.0,LNG,1.15,780.0,0.78,1347.1,12.59,54728.5,0.7818,2,0.84,11.9,1.0428,107.0,99.663,1.04,1064.8,1,126.183,26.52,117672.74,352.051
TRIP-2332,VESSEL-004,Feeder Container,22000,18500,9800,180.0,Methanol,0.5,950.0,0.35,2659.2,15.43,7385.3,0.3992,2,0.71,18.0,1.052,172.34,513.171,1.032,894.4,0,624.814,111.643,609373.3,781.017
TRIP-2333,VESSEL-002,Panamax Bulk,75000,70000,12500,168.0,HFO,1.0,620.0,1.0,3453.5,10.21,26066.8,0.3724,4,1.4,18.2,1.1023,338.25,174.282,1.04,1139.3,0,274.367,100.085,193857.54,982.234
TRIP-2334,VESSEL-002,Panamax Bulk,75000,70000,12500,168.0,Methanol,0.5,950.0,0.35,3066.3,10.26,27770.9,0.3967,3,2.01,24.3,1.0865,298.86,314.54,1.04,1124.0,1,465.974,151.434,461925.3,582.467
TRIP-2335,VESSEL-004,Feeder Container,22000,18500,9800,180.0,Methanol,0.5,950.0,0.35,3699.3,12.97,16978.5,0.9178,3,0.93,15.2,1.0728,285.22,567.203,1.032,897.9,0,733.365,166.162,712496.75,916.706
TRIP-2336,VESSEL-001,Handysize Bulk,35000,32000,7200,175.0,HFO,1.0,620.0,1.0,3536.1,11.11,16779.4,0.5244,4,3.29,18.9,1.1034,318.28,131.534,1.064,633.4,0,190.807,59.273,136050.34,683.089
TRIP-2337,VESSEL-005,Neo-Panamax Green,110000,102000,16500,158.0,LNG,1.15,780.0,0.78,1821.8,13.73,100071.5,0.9811,6,1.94,45.3,1.1929,132.69,208.19,1.016,1388.1,0,282.939,74.749,249692.42,789.4
TRIP-2338,VESSEL-003,Capesize Bulk,180000,170000,21000,162.0,Ammonia,0.46,1100.0,0.15,3169.5,15.85,126510.1,0.7442,1,0.68,7.6,1.0114,199.97,1494.763,1.048,1818.6,0,1654.84,160.077,1859824.0,893.614
TRIP-2339,VESSEL-005,Neo-Panamax Green,110000,102000,16500,158.0,Hydrogen,2.98,2800.0,0.08,1891.7,11.6,52896.4,0.5186,2,0.9,8.5,1.0377,163.08,53.283,1.016,1453.7,1,71.892,18.609,225797.6,20.849
TRIP-2340,VESSEL-005,Neo-Panamax Green,110000,102000,16500,158.0,LNG,1.15,780.0,0.78,2358.9,12.01,79653.5,0.7809,2,1.59,16.0,1.049,196.41,196.862,1.016,1409.4,1,275.209,78.347,239163.02,767.833
TRIP-2341,VESSEL-002,Panamax Bulk,75000,70000,12500,168.0,LNG,1.15,780.0,0.78,3888.4,12.72,34280.3,0.4897,2,0.66,11.6,1.0424,305.69,273.092,1.04,1122.7,1,356.118,83.026,297022.04,993.569
TRIP-2342,VESSEL-002,Panamax Bulk,75000,70000,12500,168.0,LNG,1.15,780.0,0.78,4074.6,9.86,51990.7,0.7427,3,0.99,15.1,1.0727,413.25,183.158,1.04,1074.5,0,284.156,100.998,245391.68,792.795
TRIP-2343,VESSEL-002,Panamax Bulk,75000,70000,12500,168.0,Ammonia,0.46,1100.0,0.15,2982.4,14.93,47958.2,0.6851,1,0.33,8.7,1.0131,199.76,757.738,1.04,1138.7,1,918.255,160.517,1029330.5,495.858
TRIP-2344,VESSEL-002,Panamax Bulk,75000,70000,12500,168.0,LNG,1.15,780.0,0.78,2141.0,10.71,54425.8,0.7775,2,1.1,12.9,1.0443,199.91,114.505,1.04,1141.1,0,163.368,48.863,151177.04,455.797
TRIP-2345,VESSEL-002,Panamax Bulk,75000,70000,12500,168.0,Ammonia,0.46,1100.0,0.15,929.9,11.51,60193.0,0.8599,4,1.84,16.9,1.1003,80.79,146.434,1.04,1061.7,0,203.601,57.167,247711.1,109.945
TRIP-2346,VESSEL-001,Handysize Bulk,35000,32000,7200,175.0,Methanol,0.5,950.0,0.35,3183.5,12.75,17831.0,0.5572,2,0.73,14.0,1.046,249.69,314.493,1.064,641.1,1,418.728,104.235,411041.6,523.41
TRIP-2347,VESSEL-004,Feeder Container,22000,18500,9800,180.0,Methanol,0.5,950.0,0.35,3630.5,16.29,9835.7,0.5317,1,0.87,4.8,1.0072,222.87,805.729,1.032,912.8,0,854.856,49.127,827913.2,1068.57
TRIP-2348,VESSEL-001,Handysize Bulk,35000,32000,7200,175.0,LNG,1.15,780.0,0.78,1531.0,10.48,22896.8,0.7155,3,2.53,24.0,1.086,146.09,46.177,1.064,677.6,0,71.325,25.148,73383.5,198.997
TRIP-2349,VESSEL-005,Neo-Panamax Green,110000,102000,16500,158.0,Methanol,0.5,950.0,0.35,3490.2,16.68,49140.1,0.4818,3,2.67,17.2,1.0758,209.24,1200.073,1.016,1405.2,1,1439.613,239.54,1392132.35,1799.516
TRIP-2350,VESSEL-004,Feeder Container,22000,18500,9800,180.0,HFO,1.0,620.0,1.0,2660.3,17.51,6587.5,0.3561,5,2.06,31.8,1.1477,151.93,327.137,1.032,839.1,1,413.469,86.332,267650.78,1480.219
TRIP-2351,VESSEL-005,Neo-Panamax Green,110000,102000,16500,158.0,Methanol,0.5,950.0,0.35,1269.9,11.46,65951.4,0.6466,3,2.53,20.6,1.0809,110.81,214.832,1.016,1455.5,1,295.818,80.986,305527.1,369.772
TRIP-2352,VESSEL-001,Handysize Bulk,35000,32000,7200,175.0,HFO,1.0,620.0,1.0,3887.3,9.44,23315.1,0.7286,1,0.68,7.8,1.0117,411.79,109.741,1.064,660.7,1,171.559,61.818,119616.58,614.181
TRIP-2353,VESSEL-001,Handysize Bulk,35000,32000,7200,175.0,Methanol,0.5,950.0,0.35,1143.1,9.62,15667.7,0.4896,3,2.48,18.1,1.0772,118.83,63.207,1.064,682.7,1,104.004,40.797,112053.8,130.005
TRIP-2354,VESSEL-002,Panamax Bulk,75000,70000,12500,168.0,Ammonia,0.46,1100.0,0.15,2963.2,14.67,36959.2,0.528,2,1.41,8.4,1.0376,201.99,698.854,1.04,1110.1,1,820.92,122.066,922262.0,443.297
TRIP-2355,VESSEL-003,Capesize Bulk,180000,170000,21000,162.0,HFO,1.0,620.0,1.0,3799.3,15.62,64579.9,0.3799,3,2.19,21.1,1.0817,243.23,729.284,1.048,1746.8,1,916.913,187.629,603486.06,3282.549
TRIP-2356,VESSEL-003,Capesize Bulk,180000,170000,21000,162.0,LNG,1.15,780.0,0.78,2972.1,10.12,98457.7,0.5792,3,2.6,12.2,1.0683,293.69,219.36,1.048,1773.8,1,317.424,98.064,282590.72,885.613
TRIP-2357,VESSEL-001,Handysize Bulk,35000,32000,7200,175.0,Methanol,0.5,950.0,0.35,2969.5,10.46,30511.2,0.9535,3,2.12,17.6,1.0764,283.89,216.893,1.064,637.4,1,325.527,108.634,322500.65,406.909
TRIP-2358,VESSEL-001,Handysize Bulk,35000,32000,7200,175.0,LNG,1.15,780.0,0.78,1730.9,14.26,11725.3,0.3664,2,0.66,12.5,1.0437,121.38,88.581,1.064,688.3,1,114.102,25.521,102249.56,318.345
TRIP-2359,VESSEL-003,Capesize Bulk,180000,170000,21000,162.0,Ammonia,0.46,1100.0,0.15,3448.3,11.85,101434.4,0.5967,2,1.47,13.4,1.0451,291.0,876.282,1.048,1830.0,1,1160.931,284.649,1312024.1,626.903
TRIP-2360,VESSEL-003,Capesize Bulk,180000,170000,21000,162.0,HFO,1.0,620.0,1.0,2316.9,12.95,89328.5,0.5255,5,2.37,39.9,1.1599,178.91,317.611,1.048,1752.9,0,443.342,125.731,314372.04,1587.164
TRIP-2361,VESSEL-002,Panamax Bulk,75000,70000,12500,168.0,Methanol,0.5,950.0,0.35,3177.1,14.55,58602.4,0.8372,2,0.63,9.8,1.0397,218.36,731.611,1.04,1084.9,1,897.747,166.136,872109.65,1122.184
TRIP-2362,VESSEL-004,Feeder Container,22000,18500,9800,180.0,Hydrogen,2.98,2800.0,0.08,3296.3,11.75,14255.6,0.7706,2,1.19,18.4,1.0526,280.54,67.411,1.032,928.6,0,88.339,20.928,263149.2,25.618
TRIP-2363,VESSEL-004,Feeder Container,22000,18500,9800,180.0,Methanol,0.5,950.0,0.35,1197.8,13.29,11245.5,0.6079,4,1.99,21.5,1.1073,90.13,180.075,1.032,860.9,1,244.993,64.918,244043.35,306.241
TRIP-2364,VESSEL-004,Feeder Container,22000,18500,9800,180.0,Hydrogen,2.98,2800.0,0.08,3219.0,15.35,9847.1,0.5323,1,0.78,10.2,1.0153,209.71,106.447,1.032,901.0,0,123.082,16.635,360429.6,35.694
TRIP-2365,VESSEL-005,Neo-Panamax Green,110000,102000,16500,158.0,Methanol,0.5,950.0,0.35,736.8,15.29,84417.7,0.8276,3,1.06,17.1,1.0756,48.19,231.784,1.016,1427.0,1,277.565,45.781,288186.75,346.956
TRIP-2366,VESSEL-001,Handysize Bulk,35000,32000,7200,175.0,Methanol,0.5,950.0,0.35,3266.3,10.95,30902.5,0.9657,3,1.35,17.3,1.0759,298.29,262.169,1.064,641.7,0,380.766,118.597,379477.7,475.958
TRIP-2367,VESSEL-004,Feeder Container,22000,18500,9800,180.0,Methanol,0.5,950.0,0.35,1200.8,16.57,7446.1,0.4025,4,3.37,32.4,1.1236,72.47,267.452,1.032,917.6,1,330.303,62.851,325087.85,412.879
TRIP-2368,VESSEL-004,Feeder Container,22000,18500,9800,180.0,Methanol,0.5,950.0,0.35,2544.5,12.8,12592.8,0.6807,2,1.17,11.1,1.0416,198.79,360.749,1.032,834.6,0,442.067,81.318,435763.65,552.584
TRIP-2369,VESSEL-005,Neo-Panamax Green,110000,102000,16500,158.0,Hydrogen,2.98,2800.0,0.08,638.3,11.96,62753.3,0.6152,2,1.54,14.7,1.047,53.37,19.581,1.016,1390.6,0,26.172,6.591,102281.6,7.59
TRIP-2370,VESSEL-004,Feeder Container,22000,18500,9800,180.0,Methanol,0.5,950.0,0.35,3642.7,12.2,13237.8,0.7156,1,0.37,6.0,1.009,298.58,472.838,1.032,863.5,0,584.348,111.51,570930.6,730.435
TRIP-2371,VESSEL-003,Capesize Bulk,180000,170000,21000,162.0,HFO,1.0,620.0,1.0,3851.6,11.76,76970.0,0.4528,4,1.79,22.1,1.1081,327.52,427.262,1.048,1804.1,1,602.941,175.679,408823.42,2158.529
TRIP-2372,VESSEL-002,Panamax Bulk,75000,70000,12500,168.0,Methanol,0.5,950.0,0.35,1629.9,10.36,31023.2,0.4432,1,0.35,5.1,1.0076,157.33,172.564,1.04,1121.2,0,252.748,80.184,263860.6,315.935
TRIP-2373,VESSEL-005,Neo-Panamax Green,110000,102000,16500,158.0,Hydrogen,2.98,2800.0,0.08,3975.1,15.22,50484.9,0.495,3,1.7,22.9,1.0844,261.18,191.593,1.016,1441.3,0,239.496,47.903,699588.8,69.454
TRIP-2374,VESSEL-003,Capesize Bulk,180000,170000,21000,162.0,HFO,1.0,620.0,1.0,1460.1,12.28,152137.2,0.8949,2,1.41,10.3,1.0404,118.9,197.127,1.048,1752.9,0,256.6,59.473,198592.0,918.628
TRIP-2375,VESSEL-004,Feeder Container,22000,18500,9800,180.0,HFO,1.0,620.0,1.0,1902.8,14.62,7459.9,0.4032,2,1.38,16.3,1.0494,130.15,164.989,1.032,858.7,0,198.278,33.289,138732.36,709.835
TRIP-2376,VESSEL-001,Handysize Bulk,35000,32000,7200,175.0,Methanol,0.5,950.0,0.35,3461.2,13.16,27788.5,0.8684,3,1.21,23.8,1.0857,263.01,392.457,1.064,658.9,1,543.883,151.426,529938.85,679.854
TRIP-2377,VESSEL-001,Handysize Bulk,35000,32000,7200,175.0,LNG,1.15,780.0,0.78,2942.6,11.14,30710.7,0.9597,3,2.16,12.6,1.0689,264.15,106.143,1.064,665.1,0,143.981,37.838,130055.18,401.707
TRIP-2378,VESSEL-003,Capesize Bulk,180000,170000,21000,162.0,Ammonia,0.46,1100.0,0.15,3108.3,15.98,87771.3,0.5163,4,2.6,17.7,1.1016,194.51,1407.147,1.048,1787.2,1,1702.428,295.281,1907670.8,919.311
TRIP-2379,VESSEL-002,Panamax Bulk,75000,70000,12500,168.0,LNG,1.15,780.0,0.78,3452.6,13.34,68152.6,0.9736,4,3.53,18.9,1.1034,258.82,299.945,1.04,1127.3,1,376.549,76.604,312958.22,1050.572
TRIP-2380,VESSEL-004,Feeder Container,22000,18500,9800,180.0,Hydrogen,2.98,2800.0,0.08,1013.2,13.19,8473.7,0.458,2,1.56,10.2,1.0403,76.82,24.313,1.032,887.1,1,29.675,5.362,94390.0,8.606
TRIP-2381,VESSEL-004,Feeder Container,22000,18500,9800,180.0,Methanol,0.5,950.0,0.35,1429.4,17.47,16894.6,0.9132,6,4.21,30.6,1.1709,81.82,397.243,1.032,902.1,1,522.009,124.766,507208.55,652.511
TRIP-2382,VESSEL-005,Neo-Panamax Green,110000,102000,16500,158.0,Ammonia,0.46,1100.0,0.15,3259.2,16.85,92578.5,0.9076,1,0.65,9.7,1.0146,193.42,1378.897,1.016,1455.4,1,1603.284,224.387,1788112.4,865.773
TRIP-2383,VESSEL-005,Neo-Panamax Green,110000,102000,16500,158.0,Ammonia,0.46,1100.0,0.15,502.8,12.84,95138.0,0.9327,3,1.1,24.4,1.0866,39.16,124.246,1.016,1462.8,1,158.492,34.246,198841.2,85.586
TRIP-2384,VESSEL-003,Capesize Bulk,180000,170000,21000,162.0,Ammonia,0.46,1100.0,0.15,1138.8,15.73,100011.8,0.5883,2,0.62,14.1,1.0461,72.4,508.861,1.048,1822.9,1,593.171,84.31,687488.1,320.312
TRIP-2385,VESSEL-005,Neo-Panamax Green,110000,102000,16500,158.0,LNG,1.15,780.0,0.78,2064.2,11.25,63667.2,0.6242,4,3.21,17.6,1.1014,183.48,145.507,1.016,1426.3,0,211.053,65.546,193621.34,588.838
TRIP-2386,VESSEL-002,Panamax Bulk,75000,70000,12500,168.0,Methanol,0.5,950.0,0.35,2072.9,14.65,38992.6,0.557,4,1.41,30.6,1.1209,141.49,451.854,1.04,1081.1,0,596.373,144.519,590304.35,745.466
TRIP-2387,VESSEL-005,Neo-Panamax Green,110000,102000,16500,158.0,Ammonia,0.46,1100.0,0.15,921.2,14.73,56818.4,0.557,3,1.3,21.5,1.0823,62.54,273.692,1.016,1453.9,0,338.048,64.356,400852.8,182.546
TRIP-2388,VESSEL-005,Neo-Panamax Green,110000,102000,16500,158.0,Hydrogen,2.98,2800.0,0.08,544.4,12.34,63451.1,0.6221,2,1.28,10.4,1.0406,44.12,17.81,1.016,1384.5,0,22.242,4.432,91277.6,6.45
TRIP-2389,VESSEL-004,Feeder Container,22000,18500,9800,180.0,Methanol,0.5,950.0,0.35,1108.1,11.42,9888.4,0.5345,4,1.35,28.7,1.118,97.03,120.939,1.032,872.3,1,170.947,50.008,173699.65,213.684
TRIP-2390,VESSEL-002,Panamax Bulk,75000,70000,12500,168.0,Ammonia,0.46,1100.0,0.15,3909.8,10.81,53801.8,0.7686,3,1.77,15.3,1.073,361.68,531.414,1.04,1088.3,0,762.617,231.203,862628.7,411.813
TRIP-2391,VESSEL-001,Handysize Bulk,35000,32000,7200,175.0,LNG,1.15,780.0,0.78,727.4,11.18,29085.8,0.9089,2,1.67,9.3,1.0389,65.06,26.122,1.064,689.0,0,36.921,10.799,46548.38,103.01
TRIP-2392,VESSEL-004,Feeder Container,22000,18500,9800,180.0,Methanol,0.5,950.0,0.35,661.2,15.48,10541.9,0.5698,3,1.61,17.1,1.0756,42.71,133.677,1.032,860.4,0,157.365,23.688,165296.75,196.706
TRIP-2393,VESSEL-003,Capesize Bulk,180000,170000,21000,162.0,HFO,1.0,620.0,1.0,3735.2,12.85,89968.9,0.5292,2,1.65,12.5,1.0437,290.68,504.659,1.048,1757.6,1,634.33,129.671,428284.6,2270.901
TRIP-2394,VESSEL-001,Handysize Bulk,35000,32000,7200,175.0,Methanol,0.5,950.0,0.35,3234.7,11.46,17938.5,0.5606,3,2.3,13.0,1.0695,282.26,258.372,1.064,657.9,0,355.218,96.846,355207.1,444.023
TRIP-2395,VESSEL-001,Handysize Bulk,35000,32000,7200,175.0,LNG,1.15,780.0,0.78,4099.0,11.79,31111.0,0.9722,3,1.55,23.4,1.0851,347.67,166.081,1.064,634.9,1,219.961,53.88,184819.58,613.691
TRIP-2396,VESSEL-002,Panamax Bulk,75000,70000,12500,168.0,HFO,1.0,620.0,1.0,1345.5,14.04,49898.4,0.7128,1,0.53,8.4,1.0126,95.83,140.002,1.04,1068.3,0,174.313,34.311,131824.06,624.041
TRIP-2397,VESSEL-005,Neo-Panamax Green,110000,102000,16500,158.0,LNG,1.15,780.0,0.78,3768.9,15.06,71039.7,0.6965,3,1.17,23.7,1.0856,250.26,484.625,1.016,1398.0,0,616.472,131.847,509848.16,1719.957
TRIP-2398,VESSEL-003,Capesize Bulk,180000,170000,21000,162.0,Ammonia,0.46,1100.0,0.15,818.2,10.59,69952.9,0.4115,6,4.48,28.9,1.1683,77.26,158.264,1.048,1734.6,1,260.328,102.064,321360.8,140.577
TRIP-2399,VESSEL-005,Neo-Panamax Green,110000,102000,16500,158.0,Methanol,0.5,950.0,0.35,2214.0,10.76,44072.1,0.4321,4,3.2,25.3,1.1129,205.76,312.752,1.016,1417.5,0,453.201,140.449,459540.95,566.501
TRIP-2400,VESSEL-001,Handysize Bulk,35000,32000,7200,175.0,HFO,1.0,620.0,1.0,859.0,13.07,19560.0,0.6112,3,1.49,25.3,1.0879,65.72,45.183,1.064,676.3,1,60.271,15.088,50618.02,215.77
TRIP-2401,VESSEL-004,Feeder Container,22000,18500,9800,180.0,HFO,1.0,620.0,1.0,3801.5,14.59,10162.6,0.5493,3,1.43,14.2,1.0713,260.56,339.782,1.032,901.2,1,420.966,81.184,272298.92,1507.058
TRIP-2402,VESSEL-004,Feeder Container,22000,18500,9800,180.0,Methanol,0.5,950.0,0.35,4094.2,16.25,14599.8,0.7892,3,1.87,15.4,1.0731,251.95,958.349,1.032,872.5,0,1134.629,176.28,1093697.55,1418.286
TRIP-2403,VESSEL-004,Feeder Container,22000,18500,9800,180.0,Hydrogen,2.98,2800.0,0.08,883.1,12.17,10366.5,0.5604,4,1.91,32.6,1.1239,72.56,18.475,1.032,904.3,1,25.661,7.186,83150.8,7.442
TRIP-2404,VESSEL-004,Feeder Container,22000,18500,9800,180.0,Methanol,0.5,950.0,0.35,3039.3,14.75,6849.9,0.3703,3,2.32,23.4,1.0851,206.05,532.229,1.032,857.1,0,643.304,111.075,626938.8,804.13
TRIP-2405,VESSEL-005,Neo-Panamax Green,110000,102000,16500,158.0,Ammonia,0.46,1100.0,0.15,1460.6,16.84,65313.4,0.6403,2,0.94,11.6,1.0424,86.73,579.034,1.016,1412.4,0,643.954,64.92,737349.4,347.735
TRIP-2406,VESSEL-002,Panamax Bulk,75000,70000,12500,168.0,Ammonia,0.46,1100.0,0.15,4110.8,10.04,48701.8,0.6957,4,2.08,24.5,1.1118,409.44,473.535,1.04,1149.9,1,763.42,289.885,859012.0,412.247
TRIP-2407,VESSEL-003,Capesize Bulk,180000,170000,21000,162.0,HFO,1.0,620.0,1.0,3469.5,14.36,64291.6,0.3782,3,1.61,19.5,1.0793,241.61,562.623,1.048,1791.2,0,716.014,153.391,483428.68,2563.33
TRIP-2408,VESSEL-002,Panamax Bulk,75000,70000,12500,168.0,Methanol,0.5,950.0,0.35,1880.9,10.46,31863.4,0.4552,5,2.12,28.3,1.1425,179.82,203.633,1.04,1081.2,1,308.907,105.274,312711.65,386.134
TRIP-2409,VESSEL-001,Handysize Bulk,35000,32000,7200,175.0,Methanol,0.5,950.0,0.35,4174.0,10.08,15581.3,0.4869,3,1.15,15.8,1.0737,414.09,253.218,1.064,642.8,1,395.627,142.409,389095.65,494.534
TRIP-2410,VESSEL-003,Capesize Bulk,180000,170000,21000,162.0,HFO,1.0,620.0,1.0,1789.4,14.61,109967.7,0.6469,6,1.83,31.0,1.1715,122.48,321.999,1.048,1790.9,1,434.527,112.528,304406.74,1555.607
TRIP-2411,VESSEL-005,Neo-Panamax Green,110000,102000,16500,158.0,Hydrogen,2.98,2800.0,0.08,3164.9,10.32,82715.5,0.8109,2,0.74,16.2,1.0493,306.68,75.8,1.016,1395.0,1,105.465,29.665,319802.0,30.585
TRIP-2412,VESSEL-002,Panamax Bulk,75000,70000,12500,168.0,LNG,1.15,780.0,0.78,3753.0,12.31,68063.0,0.9723,2,0.99,14.5,1.0467,304.87,277.548,1.04,1141.8,0,353.17,75.622,299222.6,985.344
TRIP-2413,VESSEL-005,Neo-Panamax Green,110000,102000,16500,158.0,Methanol,0.5,950.0,0.35,3164.2,15.95,62914.2,0.6168,4,1.69,23.6,1.1104,198.38,1029.319,1.016,1426.6,1,1298.271,268.952,1257857.45,1622.839
TRIP-2414,VESSEL-001,Handysize Bulk,35000,32000,7200,175.0,Methanol,0.5,950.0,0.35,2623.3,12.69,21544.2,0.6733,3,2.19,21.4,1.0821,206.72,264.121,1.064,683.9,1,364.269,100.148,359305.55,455.336
TRIP-2415,VESSEL-001,Handysize Bulk,35000,32000,7200,175.0,HFO,1.0,620.0,1.0,3543.2,9.93,19358.2,0.6049,2,1.64,13.5,1.0453,356.82,107.416,1.064,662.6,0,160.429,53.013,117215.98,574.336
TRIP-2416,VESSEL-005,Neo-Panamax Green,110000,102000,16500,158.0,LNG,1.15,780.0,0.78,2341.1,15.65,89096.1,0.8735,3,2.15,19.1,1.0787,149.59,339.072,1.016,1411.7,1,420.351,81.279,352373.78,1172.779
TRIP-2417,VESSEL-004,Feeder Container,22000,18500,9800,180.0,HFO,1.0,620.0,1.0,3042.7,15.15,17127.5,0.9258,5,2.51,25.4,1.1381,200.84,318.818,1.032,919.1,0,426.377,107.559,280153.74,1526.43
TRIP-2418,VESSEL-004,Feeder Container,22000,18500,9800,180.0,Methanol,0.5,950.0,0.35,2329.7,14.84,9705.1,0.5246,4,1.23,26.8,1.1152,156.99,428.385,1.032,888.2,0,536.677,108.292,525643.15,670.846
TRIP-2419,VESSEL-002,Panamax Bulk,75000,70000,12500,168.0,Ammonia,0.46,1100.0,0.15,1220.0,14.86,33788.5,0.4827,3,1.88,12.1,1.0682,82.1,291.823,1.04,1089.2,1,357.588,65.765,412596.8,193.098
TRIP-2420,VESSEL-003,Capesize Bulk,180000,170000,21000,162.0,HFO,1.0,620.0,1.0,3456.5,13.19,166486.1,0.9793,6,4.43,44.2,1.1913,262.05,549.077,1.048,1813.1,0,753.912,204.835,506925.44,2699.005
TRIP-2421,VESSEL-005,Neo-Panamax Green,110000,102000,16500,158.0,Hydrogen,2.98,2800.0,0.08,3335.3,13.4,71645.1,0.7024,3,1.69,19.5,1.0793,248.9,131.216,1.016,1409.4,0,164.255,33.039,488914.0,47.634
TRIP-2422,VESSEL-003,Capesize Bulk,180000,170000,21000,162.0,LNG,1.15,780.0,0.78,1356.4,13.48,165148.5,0.9715,3,2.66,23.6,1.0854,100.62,195.336,1.048,1802.9,0,250.077,54.741,234560.06,697.715
TRIP-2423,VESSEL-004,Feeder Container,22000,18500,9800,180.0,Methanol,0.5,950.0,0.35,3779.8,17.59,18498.7,0.9999,4,2.37,17.4,1.1011,214.88,1084.641,1.032,907.0,0,1351.914,267.273,1300118.3,1689.892
TRIP-2424,VESSEL-002,Panamax Bulk,75000,70000,12500,168.0,Methanol,0.5,950.0,0.35,2078.0,11.45,61529.2,0.879,2,1.12,8.4,1.0376,181.48,299.251,1.04,1139.1,1,383.893,84.642,383948.35,479.866
TRIP-2425,VESSEL-001,Handysize Bulk,35000,32000,7200,175.0,HFO,1.0,620.0,1.0,2694.3,10.59,31657.9,0.9893,2,1.11,10.8,1.0412,254.42,101.676,1.064,629.2,1,142.093,40.417,101347.66,508.693
TRIP-2426,VESSEL-003,Capesize Bulk,180000,170000,21000,162.0,HFO,1.0,620.0,1.0,2818.8,10.94,80497.6,0.4735,7,5.84,43.4,1.2151,257.66,272.079,1.048,1783.9,1,444.902,172.823,310839.24,1592.749
TRIP-2427,VESSEL-004,Feeder Container,22000,18500,9800,180.0,Methanol,0.5,950.0,0.35,1366.5,13.94,17412.4,0.9412,1,0.68,4.8,1.0072,98.03,243.251,1.032,871.3,1,296.051,52.8,292548.45,370.064
TRIP-2428,VESSEL-002,Panamax Bulk,75000,70000,12500,168.0,Ammonia,0.46,1100.0,0.15,2748.2,11.75,30516.9,0.436,4,2.36,20.2,1.1053,233.89,406.047,1.04,1112.1,1,544.938,138.891,618681.8,294.267
TRIP-2429,VESSEL-004,Feeder Container,22000,18500,9800,180.0,Hydrogen,2.98,2800.0,0.08,3217.2,17.88,16687.7,0.902,5,3.71,38.1,1.1572,179.93,156.761,1.032,839.5,1,205.144,48.383,585703.2,59.492
TRIP-2430,VESSEL-003,Capesize Bulk,180000,170000,21000,162.0,LNG,1.15,780.0,0.78,1467.0,12.04,94614.1,0.5566,2,1.22,17.4,1.0511,121.84,152.367,1.048,1804.2,1,203.622,51.255,193825.16,568.105
TRIP-2431,VESSEL-005,Neo-Panamax Green,110000,102000,16500,158.0,Methanol,0.5,950.0,0.35,713.2,12.91,58641.5,0.5749,5,1.7,34.8,1.1522,55.24,150.407,1.016,1407.8,1,205.848,55.441,220055.6,257.31
TRIP-2432,VESSEL-003,Capesize Bulk,180000,170000,21000,162.0,HFO,1.0,620.0,1.0,4192.5,11.79,125304.9,0.7371,3,2.59,23.0,1.0845,355.6,502.376,1.048,1809.6,0,706.871,204.495,477760.02,2530.598
TRIP-2433,VESSEL-002,Panamax Bulk,75000,70000,12500,168.0,LNG,1.15,780.0,0.78,4056.5,14.18,66356.5,0.9479,4,3.26,26.4,1.1146,286.07,395.839,1.04,1095.9,0,499.84,104.001,413625.2,1394.554
TRIP-2434,VESSEL-003,Capesize Bulk,180000,170000,21000,162.0,Ammonia,0.46,1100.0,0.15,2285.4,15.75,123311.5,0.7254,3,1.76,18.2,1.0773,145.1,1059.327,1.048,1824.7,1,1332.251,272.924,1500476.1,719.416
TRIP-2435,VESSEL-004,Feeder Container,22000,18500,9800,180.0,HFO,1.0,620.0,1.0,554.3,13.88,15871.9,0.8579,4,1.2,17.1,1.1006,39.94,48.051,1.032,874.8,1,61.116,13.065,49191.92,218.795
TRIP-2436,VESSEL-001,Handysize Bulk,35000,32000,7200,175.0,HFO,1.0,620.0,1.0,3554.2,10.18,28837.2,0.9012,5,4.25,30.1,1.1452,349.14,121.489,1.064,694.2,1,196.137,74.648,134854.94,702.17
TRIP-2437,VESSEL-001,Handysize Bulk,35000,32000,7200,175.0,HFO,1.0,620.0,1.0,3302.3,10.88,15743.9,0.492,6,4.92,29.0,1.1685,303.52,116.848,1.064,631.2,1,179.898,63.05,124786.76,644.035
TRIP-2438,VESSEL-004,Feeder Container,22000,18500,9800,180.0,HFO,1.0,620.0,1.0,1434.8,12.79,7726.0,0.4176,3,2.66,12.9,1.0694,112.18,95.541,1.032,854.0,1,128.47,32.929,90951.4,459.923
TRIP-2439,VESSEL-004,Feeder Container,22000,18500,9800,180.0,Methanol,0.5,950.0,0.35,587.3,12.74,12746.6,0.689,3,1.93,14.5,1.0717,46.1,82.642,1.032,859.7,1,105.339,22.697,111372.05,131.674
TRIP-2440,VESSEL-003,Capesize Bulk,180000,170000,21000,162.0,HFO,1.0,620.0,1.0,1043.6,13.23,100085.8,0.5887,4,1.33,21.4,1.1071,78.88,151.749,1.048,1786.2,0,192.801,41.052,159036.62,690.228
TRIP-2441,VESSEL-001,Handysize Bulk,35000,32000,7200,175.0,HFO,1.0,620.0,1.0,2039.5,14.09,30564.2,0.9551,3,1.45,24.0,1.086,144.75,135.202,1.064,682.8,0,164.926,29.724,120004.12,590.435
TRIP-2442,VESSEL-004,Feeder Container,22000,18500,9800,180.0,Methanol,0.5,950.0,0.35,2391.7,16.19,8059.6,0.4357,3,1.2,18.0,1.077,147.73,512.591,1.032,898.6,0,636.974,124.383,620925.3,796.218
TRIP-2443,VESSEL-005,Neo-Panamax Green,110000,102000,16500,158.0,Ammonia,0.46,1100.0,0.15,1350.2,16.6,62131.1,0.6091,2,1.62,13.5,1.0453,81.34,516.158,1.016,1405.4,0,580.315,64.157,667346.5,313.37
TRIP-2444,VESSEL-005,Neo-Panamax Green,110000,102000,16500,158.0,Methanol,0.5,950.0,0.35,3558.5,14.24,82884.4,0.8126,5,2.74,34.8,1.1522,249.89,967.48,1.016,1377.5,0,1270.985,303.505,1236435.75,1588.731
TRIP-2445,VESSEL-005,Neo-Panamax Green,110000,102000,16500,158.0,Ammonia,0.46,1100.0,0.15,1561.6,13.14,49708.0,0.4873,3,1.55,19.8,1.0797,118.84,362.707,1.016,1411.2,0,483.585,120.878,560943.5,261.136
TRIP-2446,VESSEL-004,Feeder Container,22000,18500,9800,180.0,Hydrogen,2.98,2800.0,0.08,940.9,16.71,9151.9,0.4947,3,2.06,20.4,1.0806,56.31,36.55,1.032,905.4,0,44.647,8.097,140811.6,12.948
TRIP-2447,VESSEL-003,Capesize Bulk,180000,170000,21000,162.0,Ammonia,0.46,1100.0,0.15,3729.1,11.43,143382.9,0.8434,2,0.71,10.8,1.0412,326.26,936.737,1.048,1740.4,1,1276.216,339.479,1438837.6,689.157
TRIP-2448,VESSEL-004,Feeder Container,22000,18500,9800,180.0,Methanol,0.5,950.0,0.35,1140.2,12.54,8480.8,0.4584,2,1.51,8.7,1.038,90.93,147.404,1.032,933.7,1,181.626,34.222,183844.7,227.032
TRIP-2449,VESSEL-003,Capesize Bulk,180000,170000,21000,162.0,Ammonia,0.46,1100.0,0.15,2244.4,12.15,135773.2,0.7987,2,0.92,18.2,1.0523,184.72,630.232,1.048,1759.1,0,792.159,161.927,910874.9,427.766
TRIP-2450,VESSEL-002,Panamax Bulk,75000,70000,12500,168.0,Ammonia,0.46,1100.0,0.15,4065.2,12.98,63160.6,0.9023,4,1.99,21.2,1.1068,313.19,822.237,1.04,1057.1,0,1064.277,242.04,1194454.7,574.71
TRIP-2451,VESSEL-004,Feeder Container,22000,18500,9800,180.0,Methanol,0.5,950.0,0.35,3523.4,14.35,17429.7,0.9421,6,5.21,40.2,1.1853,245.53,664.744,1.032,921.1,1,920.374,255.63,885655.3,1150.467
TRIP-2452,VESSEL-002,Panamax Bulk,75000,70000,12500,168.0,HFO,1.0,620.0,1.0,1588.1,11.78,43772.1,0.6253,2,1.15,17.9,1.0518,134.81,113.849,1.04,1115.1,0,157.82,43.971,121598.4,564.996
TRIP-2453,VESSEL-003,Capesize Bulk,180000,170000,21000,162.0,LNG,1.15,780.0,0.78,1055.4,14.98,139893.3,0.8229,2,1.28,8.8,1.0382,70.45,181.243,1.048,1740.6,0,218.942,37.699,210274.76,610.848
TRIP-2454,VESSEL-004,Feeder Container,22000,18500,9800,180.0,Methanol,0.5,950.0,0.35,1154.3,11.53,15363.6,0.8305,4,3.23,26.9,1.1153,100.11,137.257,1.032,911.0,0,195.362,58.105,201393.9,244.202
TRIP-2455,VESSEL-002,Panamax Bulk,75000,70000,12500,168.0,HFO,1.0,620.0,1.0,3005.3,10.08,65207.3,0.9315,3,1.01,23.5,1.0853,298.14,169.774,1.04,1106.6,0,260.78,91.006,185433.6,933.592
TRIP-2456,VESSEL-003,Capesize Bulk,180000,170000,21000,162.0,LNG,1.15,780.0,0.78,3524.6,10.67,104881.0,0.6169,4,1.21,22.9,1.1094,330.33,291.958,1.048,1734.2,1,420.121,128.163,362694.38,1172.138
TRIP-2457,VESSEL-003,Capesize Bulk,180000,170000,21000,162.0,LNG,1.15,780.0,0.78,1814.4,13.93,84293.2,0.4958,6,2.61,36.9,1.1804,130.25,248.345,1.048,1770.0,0,350.595,102.25,312964.1,978.16
TRIP-2458,VESSEL-002,Panamax Bulk,75000,70000,12500,168.0,Ammonia,0.46,1100.0,0.15,1506.2,12.79,37169.2,0.531,3,1.18,23.4,1.0851,117.76,270.214,1.04,1056.9,0,360.94,90.726,420784.0,194.908
TRIP-2459,VESSEL-001,Handysize Bulk,35000,32000,7200,175.0,Methanol,0.5,950.0,0.35,4020.5,11.64,12499.2,0.3906,5,2.96,23.2,1.1348,345.4,317.307,1.064,708.4,1,455.065,137.758,445561.75,568.831
TRIP-2460,VESSEL-002,Panamax Bulk,75000,70000,12500,168.0,HFO,1.0,620.0,1.0,3215.6,9.88,59423.8,0.8489,3,1.51,14.3,1.0715,325.47,171.188,1.04,1060.3,0,250.055,78.867,178784.1,895.197
TRIP-2461,VESSEL-001,Handysize Bulk,35000,32000,7200,175.0,HFO,1.0,620.0,1.0,2625.5,12.09,23692.4,0.7404,1,0.7,7.8,1.0117,217.16,121.914,1.064,669.8,0,157.504,35.59,115402.48,563.864
TRIP-2462,VESSEL-002,Panamax Bulk,75000,70000,12500,168.0,LNG,1.15,780.0,0.78,2955.7,15.43,36795.4,0.5256,2,1.32,18.8,1.0532,191.56,308.297,1.04,1079.2,1,369.525,61.228,307479.5,1030.975
TRIP-2463,VESSEL-002,Panamax Bulk,75000,70000,12500,168.0,LNG,1.15,780.0,0.78,2992.1,13.03,38577.8,0.5511,4,1.61,23.7,1.1105,229.63,223.997,1.04,1081.9,0,306.19,82.193,262578.2,854.27
TRIP-2464,VESSEL-005,Neo-Panamax Green,110000,102000,16500,158.0,LNG,1.15,780.0,0.78,1350.6,14.22,50246.3,0.4926,3,1.64,16.1,1.0741,94.98,147.158,1.016,1375.4,1,180.798,33.64,165522.44,504.426
TRIP-2465,VESSEL-002,Panamax Bulk,75000,70000,12500,168.0,LNG,1.15,780.0,0.78,2718.7,14.61,35212.5,0.503,5,2.73,38.6,1.1579,186.08,252.757,1.04,1140.3,0,334.637,81.88,284766.86,933.637
TRIP-2466,VESSEL-005,Neo-Panamax Green,110000,102000,16500,158.0,Methanol,0.5,950.0,0.35,3464.9,14.74,77237.2,0.7572,4,2.24,29.9,1.1199,235.07,996.157,1.016,1439.2,0,1239.6,243.443,1206620.0,1549.5
TRIP-2467,VESSEL-001,Handysize Bulk,35000,32000,7200,175.0,LNG,1.15,780.0,0.78,4011.4,13.01,22708.4,0.7096,2,1.47,17.1,1.0506,308.33,186.191,1.064,696.3,1,235.357,49.166,196828.46,656.646
TRIP-2468,VESSEL-001,Handysize Bulk,35000,32000,7200,175.0,LNG,1.15,780.0,0.78,2498.6,12.52,13989.6,0.4372,4,1.6,28.0,1.117,199.57,100.391,1.064,640.0,1,135.681,35.29,119081.18,378.55
TRIP-2469,VESSEL-001,Handysize Bulk,35000,32000,7200,175.0,LNG,1.15,780.0,0.78,3222.7,10.64,13520.2,0.4225,3,1.06,22.8,1.0842,302.89,93.167,1.064,649.3,0,142.397,49.23,128819.66,397.288
TRIP-2470,VESSEL-001,Handysize Bulk,35000,32000,7200,175.0,HFO,1.0,620.0,1.0,742.2,12.26,11724.4,0.3664,4,2.49,21.5,1.1073,60.54,32.288,1.064,679.9,1,47.941,15.653,42973.42,171.629
TRIP-2471,VESSEL-001,Handysize Bulk,35000,32000,7200,175.0,Methanol,0.5,950.0,0.35,1938.5,12.53,30758.0,0.9612,2,0.65,9.6,1.0394,154.71,203.53,1.064,636.6,0,270.549,67.019,274771.55,338.186
TRIP-2472,VESSEL-005,Neo-Panamax Green,110000,102000,16500,158.0,LNG,1.15,780.0,0.78,4198.5,14.05,37481.3,0.3675,1,0.54,4.8,1.0072,298.83,432.286,1.016,1379.7,1,491.776,59.49,408085.28,1372.055
TRIP-2473,VESSEL-004,Feeder Container,22000,18500,9800,180.0,Methanol,0.5,950.0,0.35,1361.2,12.69,10370.1,0.5605,2,0.71,12.7,1.044,107.27,184.564,1.032,857.5,0,243.084,58.52,246729.8,303.855
TRIP-2474,VESSEL-001,Handysize Bulk,35000,32000,7200,175.0,Methanol,0.5,950.0,0.35,605.2,9.54,16778.6,0.5243,5,3.32,36.3,1.1545,63.44,33.199,1.064,678.2,1,57.196,23.997,67586.2,71.495
TRIP-2475,VESSEL-001,Handysize Bulk,35000,32000,7200,175.0,HFO,1.0,620.0,1.0,2818.7,12.5,30412.9,0.9504,3,1.25,21.2,1.0818,225.5,146.908,1.064,637.6,1,194.531,47.623,133859.22,696.421
TRIP-2476,VESSEL-005,Neo-Panamax Green,110000,102000,16500,158.0,Methanol,0.5,950.0,0.35,1425.8,12.54,79714.8,0.7815,1,0.88,6.6,1.0099,113.7,298.409,1.016,1441.3,1,376.454,78.045,382131.3,470.567
TRIP-2477,VESSEL-001,Handysize Bulk,35000,32000,7200,175.0,LNG,1.15,780.0,0.78,1951.2,9.61,21992.0,0.6873,3,2.64,13.9,1.0709,203.04,49.15,1.064,701.5,0,77.704,28.554,78359.12,216.794
TRIP-2478,VESSEL-004,Feeder Container,22000,18500,9800,180.0,Hydrogen,2.98,2800.0,0.08,676.6,12.9,14501.6,0.7839,2,0.94,16.3,1.0494,52.45,16.727,1.032,848.6,1,20.509,3.782,68725.2,5.948
TRIP-2479,VESSEL-004,Feeder Container,22000,18500,9800,180.0,Methanol,0.5,950.0,0.35,1560.8,13.59,8876.4,0.4798,4,2.34,18.8,1.1032,114.85,238.172,1.032,838.7,1,307.154,68.982,303096.3,383.942
TRIP-2480,VESSEL-003,Capesize Bulk,180000,170000,21000,162.0,LNG,1.15,780.0,0.78,2319.8,13.55,156824.8,0.9225,2,1.47,13.8,1.0457,171.2,333.737,1.048,1796.8,0,430.174,96.437,375035.72,1200.185
TRIP-2481,VESSEL-001,Handysize Bulk,35000,32000,7200,175.0,HFO,1.0,620.0,1.0,2984.5,11.1,18105.6,0.5658,3,2.07,25.5,1.0882,268.87,111.966,1.064,696.1,0,171.398,59.432,124016.76,613.605
TRIP-2482,VESSEL-003,Capesize Bulk,180000,170000,21000,162.0,LNG,1.15,780.0,0.78,3871.6,13.87,166822.2,0.9813,2,0.63,15.2,1.0478,279.13,591.631,1.048,1790.3,0,763.226,171.595,634816.28,2129.401
TRIP-2483,VESSEL-001,Handysize Bulk,35000,32000,7200,175.0,LNG,1.15,780.0,0.78,2516.5,10.87,25934.2,0.8104,5,2.5,25.9,1.1389,231.51,83.509,1.064,629.3,1,125.902,42.393,111453.56,351.267
TRIP-2484,VESSEL-001,Handysize Bulk,35000,32000,7200,175.0,LNG,1.15,780.0,0.78,2928.5,10.59,18107.8,0.5659,4,2.88,29.4,1.1191,276.53,86.959,1.064,683.5,1,137.754,50.795,120698.12,384.334
TRIP-2485,VESSEL-004,Feeder Container,22000,18500,9800,180.0,Hydrogen,2.98,2800.0,0.08,3137.9,12.61,12989.0,0.7021,4,1.78,16.7,1.1,248.84,72.792,1.032,859.2,1,101.866,29.074,296524.8,29.541
TRIP-2486,VESSEL-001,Handysize Bulk,35000,32000,7200,175.0,HFO,1.0,620.0,1.0,2063.6,12.78,15200.9,0.475,3,2.47,18.4,1.0776,161.47,100.315,1.064,706.8,1,135.358,35.043,97171.96,484.582
TRIP-2487,VESSEL-005,Neo-Panamax Green,110000,102000,16500,158.0,Methanol,0.5,950.0,0.35,977.6,12.16,71962.3,0.7055,1,0.84,11.4,1.0171,80.39,188.897,1.016,1377.6,0,249.072,60.175,265618.4,311.34
TRIP-2488,VESSEL-005,Neo-Panamax Green,110000,102000,16500,158.0,Methanol,0.5,950.0,0.35,1497.2,15.16,46028.4,0.4513,1,0.82,6.4,1.0096,98.76,421.93,1.016,1439.4,1,515.632,93.702,514350.4,644.54
TRIP-2489,VESSEL-004,Feeder Container,22000,18500,9800,180.0,Hydrogen,2.98,2800.0,0.08,1229.8,11.74,17213.5,0.9305,4,2.95,16.1,1.0991,104.75,25.991,1.032,856.1,1,32.973,6.982,103624.4,9.562
TRIP-2490,VESSEL-004,Feeder Container,22000,18500,9800,180.0,HFO,1.0,620.0,1.0,4068.1,17.56,11999.6,0.6486,4,3.19,17.8,1.1017,231.67,538.828,1.032,892.6,0,648.504,109.676,417872.48,2321.644
TRIP-2491,VESSEL-004,Feeder Container,22000,18500,9800,180.0,Methanol,0.5,950.0,0.35,2464.5,16.08,6946.2,0.3755,3,1.04,19.0,1.0785,153.26,513.55,1.032,905.4,0,644.505,130.955,628079.75,805.631
TRIP-2492,VESSEL-005,Neo-Panamax Green,110000,102000,16500,158.0,Methanol,0.5,950.0,0.35,3425.8,12.49,68120.2,0.6678,2,0.73,9.7,1.0395,274.28,692.014,1.016,1391.8,0,885.838,193.824,870546.1,1107.297
TRIP-2493,VESSEL-003,Capesize Bulk,180000,170000,21000,162.0,HFO,1.0,620.0,1.0,2860.0,11.91,79055.8,0.465,4,3.01,28.2,1.1173,240.13,326.448,1.048,1735.1,1,463.609,137.161,322437.58,1659.72
TRIP-2494,VESSEL-002,Panamax Bulk,75000,70000,12500,168.0,Ammonia,0.46,1100.0,0.15,1171.4,14.36,62054.4,0.8865,3,2.61,20.2,1.0803,81.57,288.907,1.04,1060.3,1,374.915,86.008,431656.5,202.454
TRIP-2495,VESSEL-001,Handysize Bulk,35000,32000,7200,175.0,Methanol,0.5,950.0,0.35,2073.4,13.08,29499.3,0.9219,3,1.45,24.3,1.0865,158.52,235.119,1.064,680.8,0,328.121,93.002,329464.95,410.151
TRIP-2496,VESSEL-005,Neo-Panamax Green,110000,102000,16500,158.0,Hydrogen,2.98,2800.0,0.08,2887.5,13.33,94767.3,0.9291,3,1.13,12.1,1.0682,216.62,118.607,1.016,1382.5,1,151.612,33.005,449013.6,43.967
TRIP-2497,VESSEL-005,Neo-Panamax Green,110000,102000,16500,158.0,Methanol,0.5,950.0,0.35,663.9,10.25,80798.6,0.7921,4,2.11,17.6,1.1014,64.77,93.069,1.016,1426.8,1,143.403,50.334,160732.85,179.254
TRIP-2498,VESSEL-002,Panamax Bulk,75000,70000,12500,168.0,Ammonia,0.46,1100.0,0.15,2221.7,15.45,42094.7,0.6014,4,2.59,16.6,1.0999,143.8,592.055,1.04,1134.3,0,722.805,130.75,818835.5,390.315
TRIP-2499,VESSEL-001,Handysize Bulk,35000,32000,7200,175.0,LNG,1.15,780.0,0.78,2747.2,10.33,26277.0,0.8212,4,3.0,19.3,1.1039,265.94,82.537,1.064,626.1,1,127.31,44.773,112551.8,355.195
TRIP-2500,VESSEL-002,Panamax Bulk,75000,70000,12500,168.0,Methanol,0.5,950.0,0.35,2457.4,14.78,65725.7,0.9389,3,2.43,23.3,1.085,166.27,597.97,1.04,1119.9,1,743.264,145.294,725350.8,929.08
TRIP-2501,VESSEL-005,Neo-Panamax Green,110000,102000,16500,158.0,Ammonia,0.46,1100.0,0.15,2785.8,12.54,91452.8,0.8966,2,0.89,17.5,1.0513,222.15,651.118,1.016,1432.6,1,804.783,153.665,909761.3,434.583
TRIP-2502,VESSEL-004,Feeder Container,22000,18500,9800,180.0,HFO,1.0,620.0,1.0,4091.6,15.97,13713.1,0.7412,3,1.74,19.6,1.0794,256.21,457.652,1.032,914.9,1,549.968,92.316,352280.16,1968.885
TRIP-2503,VESSEL-002,Panamax Bulk,75000,70000,12500,168.0,Methanol,0.5,950.0,0.35,1907.1,15.33,52637.0,0.752,4,2.78,16.2,1.0993,124.4,477.668,1.04,1096.7,1,599.213,121.545,588502.35,749.016
TRIP-2504,VESSEL-001,Handysize Bulk,35000,32000,7200,175.0,LNG,1.15,780.0,0.78,840.9,14.41,17292.1,0.5404,3,1.88,16.9,1.0754,58.36,45.945,1.064,650.2,1,61.51,15.565,61227.8,171.613
TRIP-2505,VESSEL-003,Capesize Bulk,180000,170000,21000,162.0,Ammonia,0.46,1100.0,0.15,1888.6,14.67,143590.8,0.8447,3,1.71,24.2,1.0863,128.74,781.71,1.048,1817.9,0,972.211,190.501,1108932.1,524.994
TRIP-2506,VESSEL-003,Capesize Bulk,180000,170000,21000,162.0,LNG,1.15,780.0,0.78,2969.7,13.94,96116.5,0.5654,5,3.46,23.2,1.1348,213.03,414.411,1.048,1788.0,1,553.781,139.37,466949.18,1545.049
TRIP-2507,VESSEL-005,Neo-Panamax Green,110000,102000,16500,158.0,Ammonia,0.46,1100.0,0.15,2715.0,12.45,63741.3,0.6249,3,2.19,12.6,1.0689,218.07,586.083,1.016,1426.4,1,761.353,175.27,861988.3,411.131
TRIP-2508,VESSEL-001,Handysize Bulk,35000,32000,7200,175.0,LNG,1.15,780.0,0.78,583.0,11.6,29824.9,0.932,3,2.06,16.4,1.0746,50.26,22.66,1.064,655.0,1,30.905,8.245,37355.9,86.225
TRIP-2509,VESSEL-002,Panamax Bulk,75000,70000,12500,168.0,HFO,1.0,620.0,1.0,3628.0,12.31,59308.7,0.8473,3,2.01,12.0,1.068,294.72,299.714,1.04,1105.0,1,410.648,110.934,273851.76,1470.12
TRIP-2510,VESSEL-003,Capesize Bulk,180000,170000,21000,162.0,LNG,1.15,780.0,0.78,1590.7,10.92,110739.0,0.6514,4,2.26,30.4,1.1206,145.67,139.21,1.048,1749.3,0,209.38,70.17,202816.4,584.17
TRIP-2511,VESSEL-002,Panamax Bulk,75000,70000,12500,168.0,HFO,1.0,620.0,1.0,1576.4,10.26,51249.9,0.7321,2,0.77,11.8,1.0427,153.65,88.012,1.04,1142.9,1,133.674,45.662,102127.88,478.553
TRIP-2512,VESSEL-004,Feeder Container,22000,18500,9800,180.0,Methanol,0.5,950.0,0.35,3439.4,16.39,18317.5,0.9901,2,1.76,18.8,1.0532,209.85,855.155,1.032,846.3,1,947.539,92.384,911462.05,1184.424
TRIP-2513,VESSEL-003,Capesize Bulk,180000,170000,21000,162.0,HFO,1.0,620.0,1.0,3775.5,15.49,157996.7,0.9294,2,0.77,9.3,1.0389,243.74,817.637,1.048,1739.1,0,1005.936,188.299,663180.32,3601.251
TRIP-2514,VESSEL-004,Feeder Container,22000,18500,9800,180.0,Hydrogen,2.98,2800.0,0.08,1593.4,15.66,12067.9,0.6523,2,1.19,15.9,1.0488,101.75,56.372,1.032,888.8,1,65.124,8.752,193647.2,18.886
TRIP-2515,VESSEL-002,Panamax Bulk,75000,70000,12500,168.0,LNG,1.15,780.0,0.78,1313.0,9.9,59585.0,0.8512,3,2.35,13.9,1.0709,132.63,61.063,1.04,1109.8,0,95.506,34.443,98244.68,266.462
TRIP-2516,VESSEL-003,Capesize Bulk,180000,170000,21000,162.0,HFO,1.0,620.0,1.0,2140.6,10.56,116914.0,0.6877,2,0.96,9.8,1.0397,202.71,203.292,1.048,1772.6,0,297.697,94.405,224072.14,1065.755
TRIP-2517,VESSEL-002,Panamax Bulk,75000,70000,12500,168.0,LNG,1.15,780.0,0.78,2713.1,13.49,35382.5,0.5055,3,1.37,18.5,1.0777,201.12,215.187,1.04,1141.0,0,293.514,78.327,252690.92,818.904
TRIP-2518,VESSEL-001,Handysize Bulk,35000,32000,7200,175.0,Methanol,0.5,950.0,0.35,1796.0,9.45,27387.4,0.8559,2,1.5,9.9,1.0398,190.05,104.703,1.064,650.6,0,159.629,54.926,169397.55,199.536
TRIP-2519,VESSEL-001,Handysize Bulk,35000,32000,7200,175.0,Methanol,0.5,950.0,0.35,1953.9,12.22,18227.1,0.5696,5,4.15,36.6,1.1549,159.89,177.848,1.064,712.5,1,275.57,97.722,275041.5,344.462
TRIP-2520,VESSEL-002,Panamax Bulk,75000,70000,12500,168.0,Methanol,0.5,950.0,0.35,3495.4,12.81,29554.0,0.4222,4,3.17,19.2,1.1038,272.86,562.682,1.04,1077.2,0,777.934,215.252,762787.3,972.418
TRIP-2521,VESSEL-004,Feeder Container,22000,18500,9800,180.0,Hydrogen,2.98,2800.0,0.08,1174.0,11.94,11109.2,0.6005,2,1.45,17.4,1.0511,98.32,23.861,1.032,836.3,0,30.869,7.008,102233.2,8.952
TRIP-2522,VESSEL-003,Capesize Bulk,180000,170000,21000,162.0,LNG,1.15,780.0,0.78,1362.5,14.52,124602.6,0.733,4,2.27,27.6,1.1164,93.84,215.118,1.048,1796.2,0,280.769,65.651,258499.82,783.346
TRIP-2523,VESSEL-002,Panamax Bulk,75000,70000,12500,168.0,Methanol,0.5,950.0,0.35,2156.7,13.59,60016.7,0.8574,2,0.99,17.9,1.0518,158.7,435.334,1.04,1143.8,1,521.084,85.75,514279.8,651.355
TRIP-2524,VESSEL-002,Panamax Bulk,75000,70000,12500,168.0,LNG,1.15,780.0,0.78,536.0,14.39,25914.3,0.3702,3,1.17,23.3,1.085,37.25,46.698,1.04,1103.3,1,59.405,12.707,65585.9,165.74
TRIP-2525,VESSEL-002,Panamax Bulk,75000,70000,12500,168.0,Ammonia,0.46,1100.0,0.15,1236.8,15.1,64581.9,0.9226,3,2.27,14.9,1.0724,81.91,340.158,1.04,1109.2,1,428.422,88.264,490514.2,231.348
TRIP-2526,VESSEL-004,Feeder Container,22000,18500,9800,180.0,HFO,1.0,620.0,1.0,2728.4,14.66,14963.9,0.8089,3,2.59,19.2,1.0788,186.11,261.014,1.032,931.0,1,335.006,73.992,219003.72,1199.321
TRIP-2527,VESSEL-005,Neo-Panamax Green,110000,102000,16500,158.0,Ammonia,0.46,1100.0,0.15,553.5,15.19,79512.6,0.7795,1,0.65,11.3,1.017,36.44,184.679,1.016,1430.1,1,208.895,24.216,254284.5,112.803
TRIP-2528,VESSEL-005,Neo-Panamax Green,110000,102000,16500,158.0,LNG,1.15,780.0,0.78,1813.6,16.69,70778.3,0.6939,3,2.32,19.6,1.0794,108.66,286.225,1.016,1402.6,0,330.338,44.113,286663.64,921.643
TRIP-2529,VESSEL-002,Panamax Bulk,75000,70000,12500,168.0,HFO,1.0,620.0,1.0,1066.2,9.9,37001.4,0.5286,5,1.77,35.2,1.1528,107.7,52.688,1.04,1113.0,0,89.35,36.662,79147.0,319.873
TRIP-2530,VESSEL-004,Feeder Container,22000,18500,9800,180.0,HFO,1.0,620.0,1.0,3940.3,13.02,13662.9,0.7385,5,3.61,38.1,1.1572,302.63,292.758,1.032,930.4,1,411.121,118.363,266195.02,1471.813
TRIP-2531,VESSEL-001,Handysize Bulk,35000,32000,7200,175.0,HFO,1.0,620.0,1.0,2979.0,11.66,30570.1,0.9553,4,1.48,19.3,1.1039,255.49,135.245,1.064,660.4,0,193.167,57.922,137513.54,691.538
TRIP-2532,VESSEL-003,Capesize Bulk,180000,170000,21000,162.0,HFO,1.0,620.0,1.0,3449.1,11.48,168109.7,0.9889,4,3.4,32.3,1.1235,300.44,415.963,1.048,1775.4,0,572.198,156.235,394262.76,2048.469
TRIP-2533,VESSEL-004,Feeder Container,22000,18500,9800,180.0,HFO,1.0,620.0,1.0,1967.6,15.22,7104.0,0.384,1,0.75,4.5,1.0068,129.28,184.05,1.032,852.6,0,207.021,22.971,144153.02,741.135
TRIP-2534,VESSEL-001,Handysize Bulk,35000,32000,7200,175.0,HFO,1.0,620.0,1.0,1011.2,11.78,20317.2,0.6349,3,2.61,22.2,1.0833,85.84,43.46,1.064,699.9,1,58.13,14.67,49290.6,208.105
TRIP-2535,VESSEL-002,Panamax Bulk,75000,70000,12500,168.0,LNG,1.15,780.0,0.78,2978.9,12.16,46842.0,0.6692,2,1.06,14.9,1.0474,244.98,200.042,1.04,1052.9,1,274.916,74.874,233684.48,767.016
TRIP-2536,VESSEL-004,Feeder Container,22000,18500,9800,180.0,Hydrogen,2.98,2800.0,0.08,708.7,12.97,12574.2,0.6797,2,1.53,9.4,1.0391,54.64,17.305,1.032,859.8,1,20.931,3.626,69906.8,6.07
TRIP-2537,VESSEL-003,Capesize Bulk,180000,170000,21000,162.0,HFO,1.0,620.0,1.0,1051.2,11.68,67648.0,0.3979,6,4.01,40.7,1.1861,90.0,113.371,1.048,1819.9,0,171.133,57.762,145602.46,612.656
TRIP-2538,VESSEL-001,Handysize Bulk,35000,32000,7200,175.0,Methanol,0.5,950.0,0.35,3787.1,14.4,23000.8,0.7188,2,0.73,13.5,1.0453,262.99,496.38,1.064,707.1,1,632.381,136.001,614011.95,790.476
TRIP-2539,VESSEL-003,Capesize Bulk,180000,170000,21000,162.0,HFO,1.0,620.0,1.0,1996.6,14.02,162554.6,0.9562,5,4.23,38.1,1.1572,142.41,356.43,1.048,1813.1,0,468.895,112.465,330214.9,1678.644
TRIP-2540,VESSEL-002,Panamax Bulk,75000,70000,12500,168.0,LNG,1.15,780.0,0.78,2592.0,10.9,46261.4,0.6609,3,2.58,21.3,1.0819,237.8,139.57,1.04,1128.6,1,200.984,61.414,176017.52,560.745
TRIP-2541,VESSEL-001,Handysize Bulk,35000,32000,7200,175.0,HFO,1.0,620.0,1.0,1777.0,9.56,16385.7,0.5121,3,1.34,15.3,1.073,185.88,48.792,1.064,654.6,1,79.021,30.229,62243.02,282.895
TRIP-2542,VESSEL-003,Capesize Bulk,180000,170000,21000,162.0,HFO,1.0,620.0,1.0,2913.0,13.81,165283.7,0.9723,5,3.17,32.5,1.1488,210.93,506.436,1.048,1737.0,0,725.192,218.756,489119.04,2596.187
TRIP-2543,VESSEL-001,Handysize Bulk,35000,32000,7200,175.0,Methanol,0.5,950.0,0.35,2509.8,11.18,27815.3,0.8692,5,4.42,23.0,1.1345,224.49,205.428,1.064,665.5,0,296.657,91.229,299574.15,370.821
TRIP-2544,VESSEL-003,Capesize Bulk,180000,170000,21000,162.0,Ammonia,0.46,1100.0,0.15,2422.1,14.18,63795.0,0.3753,2,1.76,10.8,1.0412,170.81,831.923,1.048,1772.0,0,1063.577,231.654,1209434.7,574.332
TRIP-2545,VESSEL-004,Feeder Container,22000,18500,9800,180.0,HFO,1.0,620.0,1.0,1886.2,15.21,12405.5,0.6706,1,0.74,4.0,1.006,124.01,188.367,1.032,879.8,0,211.319,22.952,146817.78,756.522
TRIP-2546,VESSEL-002,Panamax Bulk,75000,70000,12500,168.0,Methanol,0.5,950.0,0.35,2536.0,11.44,30631.4,0.4376,1,0.49,10.0,1.015,221.68,326.91,1.04,1141.3,1,465.357,138.447,461339.15,581.696
TRIP-2547,VESSEL-003,Capesize Bulk,180000,170000,21000,162.0,Ammonia,0.46,1100.0,0.15,978.4,12.33,145045.4,0.8532,3,2.16,17.7,1.0766,79.35,286.657,1.048,1735.9,0,382.084,95.427,459792.4,206.325
TRIP-2548,VESSEL-005,Neo-Panamax Green,110000,102000,16500,158.0,Hydrogen,2.98,2800.0,0.08,2685.5,16.44,43061.0,0.4222,4,1.37,16.4,1.0996,163.35,148.204,1.016,1416.4,1,189.24,41.036,554372.0,54.88
TRIP-2549,VESSEL-005,Neo-Panamax Green,110000,102000,16500,158.0,LNG,1.15,780.0,0.78,1729.0,15.86,79231.1,0.7768,3,2.64,15.0,1.0725,109.02,251.395,1.016,1420.0,0,292.849,41.454,257422.22,817.049
TRIP-2550,VESSEL-004,Feeder Container,22000,18500,9800,180.0,Hydrogen,2.98,2800.0,0.08,3699.5,14.57,16786.5,0.9074,1,0.7,8.8,1.0132,253.91,119.836,1.032,842.3,1,140.469,20.633,404613.2,40.736
TRIP-2551,VESSEL-004,Feeder Container,22000,18500,9800,180.0,Methanol,0.5,950.0,0.35,981.4,15.72,17090.6,0.9238,5,3.67,36.8,1.1552,62.43,221.336,1.032,883.5,0,285.778,64.442,287289.1,357.223
TRIP-2552,VESSEL-003,Capesize Bulk,180000,170000,21000,162.0,HFO,1.0,620.0,1.0,3189.1,12.96,132643.7,0.7803,4,2.81,29.7,1.1196,246.07,466.615,1.048,1742.2,1,628.661,162.046,424769.82,2250.606
TRIP-2553,VESSEL-001,Handysize Bulk,35000,32000,7200,175.0,LNG,1.15,780.0,0.78,1780.9,9.22,23422.6,0.732,3,1.11,22.5,1.0837,193.16,41.738,1.064,686.2,1,68.697,26.959,66833.66,191.665
TRIP-2554,VESSEL-003,Capesize Bulk,180000,170000,21000,162.0,HFO,1.0,620.0,1.0,1293.1,11.87,62357.6,0.3668,4,3.57,16.2,1.0993,108.94,142.841,1.048,1760.6,0,199.709,56.868,163319.58,714.958
TRIP-2555,VESSEL-003,Capesize Bulk,180000,170000,21000,162.0,LNG,1.15,780.0,0.78,798.1,12.44,161255.3,0.9486,4,2.15,29.8,1.1197,64.16,97.375,1.048,1781.3,1,134.242,36.867,139708.76,374.535
TRIP-2556,VESSEL-001,Handysize Bulk,35000,32000,7200,175.0,Methanol,0.5,950.0,0.35,4149.4,12.05,28345.2,0.8858,4,1.87,27.9,1.1168,344.35,396.054,1.064,696.6,1,553.404,157.35,538983.8,691.755
TRIP-2557,VESSEL-001,Handysize Bulk,35000,32000,7200,175.0,Methanol,0.5,950.0,0.35,2870.3,9.48,13455.1,0.4205,6,3.48,46.1,1.1942,302.77,151.422,1.064,719.8,0,279.015,127.593,282814.25,348.769
TRIP-2558,VESSEL-004,Feeder Container,22000,18500,9800,180.0,Hydrogen,2.98,2800.0,0.08,3772.7,14.42,8184.1,0.4424,2,1.44,11.2,1.0418,261.63,107.794,1.032,884.0,1,132.997,25.203,383691.6,38.569
TRIP-2559,VESSEL-001,Handysize Bulk,35000,32000,7200,175.0,Methanol,0.5,950.0,0.35,2475.8,14.37,12660.5,0.3956,5,4.34,24.6,1.1369,172.29,298.192,1.064,640.4,1,418.307,120.115,410641.65,522.884
TRIP-2560,VESSEL-001,Handysize Bulk,35000,32000,7200,175.0,HFO,1.0,620.0,1.0,3169.5,14.07,24038.0,0.7512,2,0.83,10.8,1.0412,225.27,199.846,1.064,679.3,0,250.787,50.941,173237.94,897.817
TRIP-2561,VESSEL-003,Capesize Bulk,180000,170000,21000,162.0,HFO,1.0,620.0,1.0,2117.4,12.34,164712.3,0.9689,3,2.25,22.2,1.0833,171.59,293.701,1.048,1788.3,1,396.601,102.9,280892.62,1419.832
TRIP-2562,VESSEL-002,Panamax Bulk,75000,70000,12500,168.0,LNG,1.15,780.0,0.78,1915.3,10.29,61788.2,0.8827,4,2.97,21.6,1.1074,186.13,96.939,1.04,1100.5,1,149.976,53.037,136231.28,418.433
TRIP-2563,VESSEL-004,Feeder Container,22000,18500,9800,180.0,Methanol,0.5,950.0,0.35,1301.5,13.83,6874.7,0.3716,1,0.53,10.7,1.016,94.11,200.444,1.032,871.8,1,245.053,44.609,244100.35,306.316
TRIP-2564,VESSEL-003,Capesize Bulk,180000,170000,21000,162.0,LNG,1.15,780.0,0.78,593.1,13.86,105748.7,0.6221,6,2.06,38.0,1.182,42.79,82.998,1.048,1740.2,0,118.346,35.348,131809.88,330.185
TRIP-2565,VESSEL-003,Capesize Bulk,180000,170000,21000,162.0,HFO,1.0,620.0,1.0,569.3,11.85,102275.0,0.6016,5,2.49,28.1,1.1421,48.04,66.628,1.048,1820.8,0,103.076,36.448,103407.12,369.012
TRIP-2566,VESSEL-003,Capesize Bulk,180000,170000,21000,162.0,HFO,1.0,620.0,1.0,615.4,13.35,87690.4,0.5158,2,1.29,8.5,1.0377,46.1,89.437,1.048,1791.0,1,116.318,26.881,107117.16,416.418
TRIP-2567,VESSEL-003,Capesize Bulk,180000,170000,21000,162.0,HFO,1.0,620.0,1.0,2427.2,10.17,145783.6,0.8576,3,2.64,14.2,1.0713,238.66,222.779,1.048,1784.1,1,335.698,112.919,243132.76,1201.799
TRIP-2568,VESSEL-002,Panamax Bulk,75000,70000,12500,168.0,LNG,1.15,780.0,0.78,658.5,14.54,41416.4,0.5917,4,2.75,29.6,1.1194,45.29,62.018,1.04,1084.9,0,76.521,14.503,83436.38,213.494
TRIP-2569,VESSEL-002,Panamax Bulk,75000,70000,12500,168.0,HFO,1.0,620.0,1.0,1615.3,10.17,61134.2,0.8733,7,5.29,43.6,1.2154,158.83,91.639,1.04,1148.4,1,147.95,56.311,110979.0,529.661
TRIP-2570,VESSEL-002,Panamax Bulk,75000,70000,12500,168.0,LNG,1.15,780.0,0.78,3927.7,15.27,69457.2,0.9922,5,3.35,33.8,1.1507,257.22,449.002,1.04,1059.4,1,576.235,127.233,468713.3,1607.696
TRIP-2571,VESSEL-001,Handysize Bulk,35000,32000,7200,175.0,LNG,1.15,780.0,0.78,1285.8,13.62,31199.9,0.975,1,0.59,10.3,1.0154,94.41,69.572,1.064,703.1,0,88.387,18.815,86691.86,246.6
TRIP-2572,VESSEL-002,Panamax Bulk,75000,70000,12500,168.0,Ammonia,0.46,1100.0,0.15,2033.4,13.13,31481.1,0.4497,5,4.42,33.3,1.15,154.87,376.506,1.04,1142.2,0,532.593,156.087,609602.3,287.6
TRIP-2573,VESSEL-005,Neo-Panamax Green,110000,102000,16500,158.0,Ammonia,0.46,1100.0,0.15,1576.7,10.23,70657.3,0.6927,4,1.72,16.2,1.0993,154.13,233.667,1.016,1411.5,1,351.811,118.144,411492.1,189.978
TRIP-2574,VESSEL-003,Capesize Bulk,180000,170000,21000,162.0,Ammonia,0.46,1100.0,0.15,1000.1,11.47,76682.3,0.4511,3,2.13,18.3,1.0775,87.19,229.319,1.048,1742.4,1,320.696,91.377,387765.6,173.176
TRIP-2575,VESSEL-004,Feeder Container,22000,18500,9800,180.0,HFO,1.0,620.0,1.0,1041.3,13.31,8677.4,0.469,2,0.65,12.8,1.0442,78.23,76.011,1.032,894.2,1,95.933,19.922,70778.46,343.44
TRIP-2576,VESSEL-001,Handysize Bulk,35000,32000,7200,175.0,HFO,1.0,620.0,1.0,1804.8,13.51,19055.1,0.5955,2,1.71,8.5,1.0377,133.59,101.042,1.064,670.5,0,130.843,29.801,98872.66,468.418
TRIP-2577,VESSEL-002,Panamax Bulk,75000,70000,12500,168.0,LNG,1.15,780.0,0.78,2865.5,13.02,40237.5,0.5748,2,1.31,16.5,1.0497,220.08,215.475,1.04,1148.0,1,278.137,62.662,236196.86,776.002
TRIP-2578,VESSEL-005,Neo-Panamax Green,110000,102000,16500,158.0,Methanol,0.5,950.0,0.35,3076.5,11.16,39624.2,0.3885,3,1.01,21.7,1.0826,275.67,462.203,1.016,1434.4,1,677.242,215.039,667879.9,846.553
TRIP-2579,VESSEL-002,Panamax Bulk,75000,70000,12500,168.0,HFO,1.0,620.0,1.0,3523.4,10.47,27293.3,0.3899,2,1.25,13.3,1.0449,336.52,187.847,1.04,1142.1,0,294.098,106.251,206090.76,1052.871
TRIP-2580,VESSEL-001,Handysize Bulk,35000,32000,7200,175.0,HFO,1.0,620.0,1.0,572.5,10.29,27219.9,0.8506,4,1.44,28.4,1.1176,55.64,19.764,1.064,678.7,0,31.953,12.189,37560.86,114.392
TRIP-2581,VESSEL-001,Handysize Bulk,35000,32000,7200,175.0,Methanol,0.5,950.0,0.35,1869.0,12.69,19262.0,0.6019,1,0.39,11.6,1.0174,147.28,184.932,1.064,710.2,1,236.901,51.969,238305.95,296.126
TRIP-2582,VESSEL-005,Neo-Panamax Green,110000,102000,16500,158.0,LNG,1.15,780.0,0.78,2793.0,13.73,37163.9,0.3644,5,4.15,30.0,1.145,203.42,274.388,1.016,1435.0,1,354.469,80.081,300985.82,988.969
TRIP-2583,VESSEL-004,Feeder Container,22000,18500,9800,180.0,HFO,1.0,620.0,1.0,1447.1,12.11,18064.9,0.9765,3,1.82,25.7,1.0886,119.5,97.931,1.032,903.0,1,132.456,34.525,93422.72,474.192
TRIP-2584,VESSEL-001,Handysize Bulk,35000,32000,7200,175.0,LNG,1.15,780.0,0.78,3486.5,11.98,19967.3,0.624,4,1.61,20.0,1.105,291.03,134.404,1.064,721.9,0,204.629,70.225,177360.62,570.915
TRIP-2585,VESSEL-003,Capesize Bulk,180000,170000,21000,162.0,Ammonia,0.46,1100.0,0.15,2284.7,12.89,141640.9,0.8332,2,0.72,18.2,1.0523,177.25,728.112,1.048,1817.2,1,955.056,226.944,1085561.6,515.73
TRIP-2586,VESSEL-004,Feeder Container,22000,18500,9800,180.0,HFO,1.0,620.0,1.0,1645.3,16.54,16287.5,0.8804,3,2.17,17.2,1.0758,99.47,203.484,1.032,883.4,1,249.086,45.602,165733.32,891.728
TRIP-2587,VESSEL-001,Handysize Bulk,35000,32000,7200,175.0,Methanol,0.5,950.0,0.35,1037.3,9.64,26135.6,0.8167,5,2.44,35.9,1.1539,107.6,62.357,1.064,678.1,1,105.456,43.099,113433.2,131.82
TRIP-2588,VESSEL-004,Feeder Container,22000,18500,9800,180.0,Methanol,0.5,950.0,0.35,1517.7,13.25,11755.9,0.6355,5,2.63,33.2,1.1498,114.54,228.215,1.032,856.4,0,302.608,74.393,303277.6,378.26
TRIP-2589,VESSEL-001,Handysize Bulk,35000,32000,7200,175.0,HFO,1.0,620.0,1.0,539.8,11.39,22283.5,0.6964,4,2.43,18.7,1.103,47.39,22.013,1.064,632.7,1,31.659,9.646,32878.58,113.339
TRIP-2590,VESSEL-002,Panamax Bulk,75000,70000,12500,168.0,Methanol,0.5,950.0,0.35,1715.7,14.92,62370.9,0.891,2,1.78,15.5,1.0482,114.99,420.705,1.04,1080.5,0,506.421,85.716,504849.95,633.026
TRIP-2591,VESSEL-004,Feeder Container,22000,18500,9800,180.0,Hydrogen,2.98,2800.0,0.08,1233.7,15.35,17273.2,0.9337,1,0.54,6.0,1.009,80.37,44.605,1.032,891.6,1,49.773,5.168,150664.4,14.434
TRIP-2592,VESSEL-002,Panamax Bulk,75000,70000,12500,168.0,LNG,1.15,780.0,0.78,1529.2,13.31,53304.3,0.7615,3,1.59,16.7,1.0751,114.89,125.825,1.04,1078.9,0,166.232,40.407,153410.96,463.787
TRIP-2593,VESSEL-002,Panamax Bulk,75000,70000,12500,168.0,HFO,1.0,620.0,1.0,3112.8,11.85,26472.6,0.3782,2,0.89,11.6,1.0424,262.68,211.928,1.04,1122.4,0,289.699,77.771,203363.38,1037.122
TRIP-2594,VESSEL-004,Feeder Container,22000,18500,9800,180.0,Methanol,0.5,950.0,0.35,2861.1,11.87,17697.9,0.9566,1,0.7,7.6,1.0114,241.04,370.485,1.032,931.3,1,488.935,118.45,475788.25,611.169
TRIP-2595,VESSEL-005,Neo-Panamax Green,110000,102000,16500,158.0,Methanol,0.5,950.0,0.35,1192.1,15.04,67893.0,0.6656,4,2.51,16.5,1.0998,79.26,348.975,1.016,1434.7,0,423.67,74.695,431486.5,529.587
TRIP-2596,VESSEL-004,Feeder Container,22000,18500,9800,180.0,Methanol,0.5,950.0,0.35,1205.1,13.7,14705.4,0.7949,6,3.92,42.7,1.189,87.96,200.743,1.032,874.7,1,278.897,78.154,276252.15,348.621
TRIP-2597,VESSEL-002,Panamax Bulk,75000,70000,12500,168.0,HFO,1.0,620.0,1.0,931.0,13.04,59905.1,0.8558,3,1.88,16.7,1.0751,71.4,86.482,1.04,1080.9,1,109.127,22.645,86908.74,390.675
TRIP-2598,VESSEL-005,Neo-Panamax Green,110000,102000,16500,158.0,LNG,1.15,780.0,0.78,3409.1,14.9,37689.0,0.3695,3,2.26,18.1,1.0772,228.8,394.972,1.016,1374.1,1,476.452,81.48,396132.56,1329.301
TRIP-2599,VESSEL-002,Panamax Bulk,75000,70000,12500,168.0,HFO,1.0,620.0,1.0,3179.1,13.93,40860.1,0.5837,3,1.26,17.9,1.0769,228.22,315.399,1.04,1072.3,0,379.101,63.702,258792.62,1357.182
TRIP-2600,VESSEL-001,Handysize Bulk,35000,32000,7200,175.0,HFO,1.0,620.0,1.0,2335.7,12.32,28121.1,0.8788,4,3.53,21.9,1.1079,189.59,116.335,1.064,676.4,1,156.659,40.324,110378.58,560.839
TRIP-2601,VESSEL-001,Handysize Bulk,35000,32000,7200,175.0,LNG,1.15,780.0,0.78,1011.4,10.28,25246.4,0.789,5,3.27,37.2,1.1558,98.39,29.869,1.064,715.5,1,50.948,21.079,52989.44,142.145
TRIP-2602,VESSEL-003,Capesize Bulk,180000,170000,21000,162.0,Ammonia,0.46,1100.0,0.15,1920.5,12.61,80073.8,0.471,7,3.23,47.8,1.2217,152.3,535.057,1.048,1735.9,1,808.845,273.788,924729.5,436.776
TRIP-2603,VESSEL-005,Neo-Panamax Green,110000,102000,16500,158.0,Methanol,0.5,950.0,0.35,3544.5,10.69,81489.7,0.7989,5,3.42,36.7,1.1551,331.57,541.333,1.016,1440.1,0,824.804,283.471,812563.8,1031.005
TRIP-2604,VESSEL-003,Capesize Bulk,180000,170000,21000,162.0,Ammonia,0.46,1100.0,0.15,1690.1,12.37,94259.7,0.5545,2,0.95,8.2,1.0373,136.63,463.005,1.048,1777.3,1,602.416,139.411,697657.6,325.305
TRIP-2605,VESSEL-005,Neo-Panamax Green,110000,102000,16500,158.0,Ammonia,0.46,1100.0,0.15,3202.6,15.74,63311.1,0.6207,2,0.67,15.4,1.0481,203.47,1103.864,1.016,1434.9,0,1314.65,210.786,1475115.0,709.911
TRIP-2606,VESSEL-003,Capesize Bulk,180000,170000,21000,162.0,Ammonia,0.46,1100.0,0.15,3364.2,13.76,148740.9,0.8749,2,0.69,9.9,1.0398,244.49,1233.903,1.048,1739.3,0,1571.928,338.025,1768620.8,848.841
TRIP-2607,VESSEL-004,Feeder Container,22000,18500,9800,180.0,HFO,1.0,620.0,1.0,3158.8,17.35,16961.0,0.9168,1,0.5,9.5,1.0143,182.06,433.245,1.032,846.9,0,499.86,66.615,325713.2,1789.499
TRIP-2608,VESSEL-003,Capesize Bulk,180000,170000,21000,162.0,LNG,1.15,780.0,0.78,3126.6,10.13,76160.3,0.448,4,2.74,24.1,1.1111,308.65,223.505,1.048,1797.5,1,345.869,122.364,304777.82,964.975
TRIP-2609,VESSEL-001,Handysize Bulk,35000,32000,7200,175.0,HFO,1.0,620.0,1.0,3070.6,13.89,27726.3,0.8664,3,1.12,14.3,1.0715,221.07,193.849,1.064,708.0,0,254.437,60.588,175500.94,910.884
TRIP-2610,VESSEL-001,Handysize Bulk,35000,32000,7200,175.0,HFO,1.0,620.0,1.0,1075.7,13.84,14218.4,0.4443,2,1.38,9.2,1.0388,77.72,60.845,1.064,703.8,0,80.317,19.472,67546.54,287.535
TRIP-2611,VESSEL-005,Neo-Panamax Green,110000,102000,16500,158.0,LNG,1.15,780.0,0.78,1118.3,17.0,69782.4,0.6841,3,1.31,20.9,1.0814,65.78,182.674,1.016,1463.7,0,213.243,30.569,195329.54,594.948
TRIP-2612,VESSEL-005,Neo-Panamax Green,110000,102000,16500,158.0,Ammonia,0.46,1100.0,0.15,2348.0,12.0,41841.0,0.4102,4,3.0,17.0,1.1005,195.67,445.867,1.016,1404.0,0,628.493,182.626,720342.3,339.386
TRIP-2613,VESSEL-002,Panamax Bulk,75000,70000,12500,168.0,Ammonia,0.46,1100.0,0.15,2847.6,11.67,38119.1,0.5446,5,2.86,34.9,1.1523,244.01,426.794,1.04,1064.6,0,620.983,194.189,706831.3,335.331
TRIP-2614,VESSEL-004,Feeder Container,22000,18500,9800,180.0,HFO,1.0,620.0,1.0,921.9,17.37,7431.7,0.4017,3,2.26,17.6,1.0764,53.07,112.787,1.032,876.1,1,134.249,21.462,94534.38,480.611
TRIP-2615,VESSEL-005,Neo-Panamax Green,110000,102000,16500,158.0,Methanol,0.5,950.0,0.35,2651.9,10.13,43230.6,0.4238,4,3.03,28.6,1.1179,261.79,331.322,1.016,1447.1,0,525.125,193.803,527868.75,656.406
TRIP-2616,VESSEL-003,Capesize Bulk,180000,170000,21000,162.0,LNG,1.15,780.0,0.78,2731.6,13.35,84136.8,0.4949,4,3.13,17.0,1.1005,204.61,343.314,1.048,1749.7,1,467.967,124.653,400014.26,1305.628
TRIP-2617,VESSEL-001,Handysize Bulk,35000,32000,7200,175.0,Methanol,0.5,950.0,0.35,578.0,11.87,25916.5,0.8099,3,2.63,21.3,1.0819,48.69,52.594,1.064,718.2,0,76.363,23.769,90294.85,95.454
TRIP-2618,VESSEL-002,Panamax Bulk,75000,70000,12500,168.0,LNG,1.15,780.0,0.78,3161.0,12.43,39527.0,0.5647,5,3.36,24.3,1.1365,254.3,216.088,1.04,1143.1,1,306.406,90.318,258246.68,854.873
TRIP-2619,VESSEL-003,Capesize Bulk,180000,170000,21000,162.0,LNG,1.15,780.0,0.78,2243.2,10.1,62612.2,0.3683,2,1.3,12.5,1.0437,222.1,156.064,1.048,1795.4,1,238.564,82.5,221079.92,665.594
TRIP-2620,VESSEL-002,Panamax Bulk,75000,70000,12500,168.0,Methanol,0.5,950.0,0.35,3561.1,15.03,34237.8,0.4891,5,2.68,26.3,1.1395,236.93,803.015,1.04,1145.2,1,1073.936,270.921,1039489.2,1342.42
TRIP-2621,VESSEL-002,Panamax Bulk,75000,70000,12500,168.0,HFO,1.0,620.0,1.0,2512.7,11.33,32526.5,0.4647,3,2.39,18.4,1.0776,221.77,159.973,1.04,1131.5,0,232.229,72.256,167731.98,831.38
TRIP-2622,VESSEL-004,Feeder Container,22000,18500,9800,180.0,HFO,1.0,620.0,1.0,1546.6,12.51,16218.1,0.8767,1,0.37,10.0,1.015,123.63,109.339,1.032,860.2,1,129.308,19.969,91470.96,462.923
TRIP-2623,VESSEL-002,Panamax Bulk,75000,70000,12500,168.0,Methanol,0.5,950.0,0.35,1993.9,11.57,46108.8,0.6587,5,2.46,23.7,1.1356,172.33,278.072,1.04,1086.6,1,413.728,135.656,412291.6,517.16
TRIP-2624,VESSEL-005,Neo-Panamax Green,110000,102000,16500,158.0,Hydrogen,2.98,2800.0,0.08,3455.7,11.3,45348.6,0.4446,3,2.68,19.3,1.079,305.81,90.626,1.016,1454.6,1,131.835,41.209,393638.0,38.232
TRIP-2625,VESSEL-003,Capesize Bulk,180000,170000,21000,162.0,LNG,1.15,780.0,0.78,3257.2,10.13,134612.8,0.7918,3,1.19,20.6,1.0809,321.54,253.902,1.048,1819.8,0,387.625,133.723,341847.5,1081.474
TRIP-2626,VESSEL-005,Neo-Panamax Green,110000,102000,16500,158.0,LNG,1.15,780.0,0.78,1177.0,16.22,60048.2,0.5887,5,4.16,22.0,1.133,72.56,170.944,1.016,1466.7,1,215.596,44.652,192664.88,601.513
TRIP-2627,VESSEL-001,Handysize Bulk,35000,32000,7200,175.0,Methanol,0.5,950.0,0.35,1484.5,11.45,22292.3,0.6966,5,2.83,36.3,1.1545,129.65,122.369,1.064,634.0,0,182.137,59.768,190780.15,227.671
TRIP-2628,VESSEL-002,Panamax Bulk,75000,70000,12500,168.0,Methanol,0.5,950.0,0.35,2265.6,10.66,58705.3,0.8386,2,0.91,13.5,1.0453,212.53,280.131,1.04,1052.0,0,406.233,126.102,409671.35,507.791
TRIP-2629,VESSEL-002,Panamax Bulk,75000,70000,12500,168.0,Methanol,0.5,950.0,0.35,1708.5,12.61,51713.5,0.7388,2,1.57,18.0,1.052,135.49,288.634,1.04,1101.1,1,375.011,86.377,375510.45,468.764
TRIP-2630,VESSEL-004,Feeder Container,22000,18500,9800,180.0,Methanol,0.5,950.0,0.35,3134.3,17.01,10423.8,0.5634,4,2.57,25.0,1.1125,184.26,764.045,1.032,889.1,1,895.542,131.497,862064.9,1119.428
TRIP-2631,VESSEL-004,Feeder Container,22000,18500,9800,180.0,HFO,1.0,620.0,1.0,998.5,14.98,17518.9,0.947,3,1.06,13.6,1.0704,66.66,102.757,1.032,924.4,0,131.363,28.606,97245.06,470.28
TRIP-2632,VESSEL-003,Capesize Bulk,180000,170000,21000,162.0,HFO,1.0,620.0,1.0,574.0,15.34,122987.3,0.7235,7,4.17,40.4,1.2106,37.42,116.053,1.048,1792.1,0,158.188,42.135,137576.56,566.313
TRIP-2633,VESSEL-003,Capesize Bulk,180000,170000,21000,162.0,Ammonia,0.46,1100.0,0.15,3189.4,13.78,92313.4,0.543,3,2.19,14.0,1.071,231.45,1081.087,1.048,1821.4,1,1395.31,314.223,1569841.0,753.467
TRIP-2634,VESSEL-001,Handysize Bulk,35000,32000,7200,175.0,LNG,1.15,780.0,0.78,1574.4,9.46,14721.1,0.46,3,1.52,19.1,1.0787,166.43,36.327,1.064,644.6,1,60.923,24.596,60769.94,169.975
TRIP-2635,VESSEL-005,Neo-Panamax Green,110000,102000,16500,158.0,Ammonia,0.46,1100.0,0.15,3200.8,12.53,47569.9,0.4664,5,1.74,35.7,1.1536,255.45,672.399,1.016,1459.6,0,947.667,275.268,1071433.7,511.74
TRIP-2636,VESSEL-004,Feeder Container,22000,18500,9800,180.0,HFO,1.0,620.0,1.0,2313.9,13.65,13842.3,0.7482,4,1.29,17.8,1.1017,169.52,189.372,1.032,931.7,1,248.521,59.149,165383.02,889.705
TRIP-2637,VESSEL-002,Panamax Bulk,75000,70000,12500,168.0,Ammonia,0.46,1100.0,0.15,1290.7,11.04,67878.9,0.9697,4,1.48,27.0,1.1155,116.91,191.817,1.04,1126.0,1,281.3,89.483,328680.0,151.902
TRIP-2638,VESSEL-003,Capesize Bulk,180000,170000,21000,162.0,HFO,1.0,620.0,1.0,1531.5,13.0,148205.6,0.8718,2,1.6,9.6,1.0394,117.81,230.468,1.048,1791.7,1,296.989,66.521,219133.18,1063.221
TRIP-2639,VESSEL-005,Neo-Panamax Green,110000,102000,16500,158.0,LNG,1.15,780.0,0.78,1026.8,10.43,56910.1,0.5579,5,4.46,24.7,1.1371,98.45,61.196,1.016,1437.0,0,93.582,32.386,101993.96,261.094
TRIP-2640,VESSEL-002,Panamax Bulk,75000,70000,12500,168.0,HFO,1.0,620.0,1.0,3928.3,15.45,55472.0,0.7925,2,1.38,15.4,1.0481,254.26,504.587,1.04,1137.3,1,615.457,110.87,400833.34,2203.336
TRIP-2641,VESSEL-002,Panamax Bulk,75000,70000,12500,168.0,Ammonia,0.46,1100.0,0.15,4170.6,10.08,46233.7,0.6605,1,0.61,6.4,1.0096,413.75,480.086,1.04,1104.0,1,729.076,248.99,821233.6,393.701
TRIP-2642,VESSEL-001,Handysize Bulk,35000,32000,7200,175.0,LNG,1.15,780.0,0.78,3421.3,11.84,11427.3,0.3571,2,1.58,10.9,1.0413,288.96,120.413,1.064,627.1,0,171.172,50.759,151264.16,477.57
TRIP-2643,VESSEL-001,Handysize Bulk,35000,32000,7200,175.0,HFO,1.0,620.0,1.0,939.4,10.76,13463.5,0.4207,2,0.65,13.6,1.0454,87.3,31.923,1.064,647.4,0,45.196,13.273,45771.52,161.802
TRIP-2644,VESSEL-001,Handysize Bulk,35000,32000,7200,175.0,LNG,1.15,780.0,0.78,1619.3,9.34,19494.0,0.6092,2,1.33,14.5,1.0467,173.37,37.804,1.064,689.1,0,62.457,24.653,66466.46,174.255
TRIP-2645,VESSEL-002,Panamax Bulk,75000,70000,12500,168.0,Ammonia,0.46,1100.0,0.15,1478.5,10.65,62657.2,0.8951,1,0.79,7.7,1.0115,138.83,200.988,1.04,1110.0,0,274.314,73.326,325495.4,148.13
TRIP-2646,VESSEL-004,Feeder Container,22000,18500,9800,180.0,Hydrogen,2.98,2800.0,0.08,3804.3,11.08,13380.8,0.7233,2,1.71,9.1,1.0386,343.35,68.459,1.032,916.5,1,93.673,25.214,273584.4,27.165
TRIP-2647,VESSEL-001,Handysize Bulk,35000,32000,7200,175.0,Methanol,0.5,950.0,0.35,965.5,14.44,20616.8,0.6443,2,0.92,13.6,1.0454,66.86,124.983,1.064,659.6,0,151.346,26.363,161528.7,189.183
TRIP-2648,VESSEL-005,Neo-Panamax Green,110000,102000,16500,158.0,Hydrogen,2.98,2800.0,0.08,3300.5,16.23,48877.3,0.4792,2,1.17,11.2,1.0418,203.36,180.162,1.016,1439.6,1,208.97,28.808,609616.0,60.601
TRIP-2649,VESSEL-005,Neo-Panamax Green,110000,102000,16500,158.0,Ammonia,0.46,1100.0,0.15,1222.1,11.7,80879.5,0.7929,3,1.07,20.7,1.0811,104.45,242.671,1.016,1421.3,0,332.051,89.38,394256.1,179.308
TRIP-2650,VESSEL-002,Panamax Bulk,75000,70000,12500,168.0,Ammonia,0.46,1100.0,0.15,1877.2,12.44,50110.7,0.7159,2,1.14,10.5,1.0407,150.9,333.614,1.04,1133.8,1,424.829,91.215,486561.9,229.408
TRIP-2651,VESSEL-004,Feeder Container,22000,18500,9800,180.0,HFO,1.0,620.0,1.0,1438.7,14.86,9372.1,0.5066,3,1.16,16.7,1.0751,96.82,132.077,1.032,902.4,0,161.551,29.474,115961.62,578.353
TRIP-2652,VESSEL-005,Neo-Panamax Green,110000,102000,16500,158.0,Ammonia,0.46,1100.0,0.15,599.5,16.23,62884.4,0.6165,4,3.08,16.3,1.0995,36.94,219.484,1.016,1429.5,1,274.085,54.601,325993.5,148.006
TRIP-2653,VESSEL-002,Panamax Bulk,75000,70000,12500,168.0,Methanol,0.5,950.0,0.35,3004.1,14.0,43982.1,0.6283,3,1.35,20.5,1.0808,214.58,608.836,1.04,1123.7,0,776.923,168.087,761826.85,971.154
TRIP-2654,VESSEL-005,Neo-Panamax Green,110000,102000,16500,158.0,Methanol,0.5,950.0,0.35,884.2,14.37,98449.7,0.9652,2,0.76,17.2,1.0508,61.53,253.642,1.016,1458.0,1,308.006,54.364,317105.7,385.007
TRIP-2655,VESSEL-002,Panamax Bulk,75000,70000,12500,168.0,HFO,1.0,620.0,1.0,2373.6,10.26,51261.5,0.7323,4,1.93,22.8,1.1092,231.35,132.525,1.04,1052.1,1,193.77,61.245,139387.4,693.697
TRIP-2656,VESSEL-001,Handysize Bulk,35000,32000,7200,175.0,LNG,1.15,780.0,0.78,3849.6,11.19,16682.7,0.5213,1,0.5,11.5,1.0172,344.02,126.221,1.064,691.4,1,185.267,59.046,157758.26,516.895
TRIP-2657,VESSEL-004,Feeder Container,22000,18500,9800,180.0,Hydrogen,2.98,2800.0,0.08,4084.4,16.41,9372.2,0.5066,3,1.41,16.0,1.074,248.9,153.44,1.032,835.8,0,188.424,34.984,543387.2,54.643
TRIP-2658,VESSEL-004,Feeder Container,22000,18500,9800,180.0,Methanol,0.5,950.0,0.35,2101.1,16.47,10999.3,0.5946,3,1.47,18.9,1.0784,127.57,483.631,1.032,850.6,0,590.983,107.352,577233.85,738.729
TRIP-2659,VESSEL-001,Handysize Bulk,35000,32000,7200,175.0,LNG,1.15,780.0,0.78,988.6,9.91,27376.2,0.8555,2,1.15,18.4,1.0526,99.76,27.556,1.064,644.4,1,41.973,14.417,45988.94,117.105
TRIP-2660,VESSEL-005,Neo-Panamax Green,110000,102000,16500,158.0,Methanol,0.5,950.0,0.35,1738.9,10.22,42257.1,0.4143,1,0.89,8.6,1.0129,170.15,220.583,1.016,1418.7,1,324.301,103.718,332585.95,405.376
TRIP-2661,VESSEL-003,Capesize Bulk,180000,170000,21000,162.0,HFO,1.0,620.0,1.0,1895.5,15.73,147133.7,0.8655,1,0.36,4.0,1.006,120.5,416.988,1.048,1730.2,1,494.9,77.912,341838.0,1771.742
TRIP-2662,VESSEL-001,Handysize Bulk,35000,32000,7200,175.0,Methanol,0.5,950.0,0.35,3236.8,14.03,16976.0,0.5305,2,1.64,15.2,1.0478,230.71,384.612,1.064,690.3,0,501.942,117.33,494594.9,627.428
TRIP-2663,VESSEL-005,Neo-Panamax Green,110000,102000,16500,158.0,LNG,1.15,780.0,0.78,3759.6,13.67,55194.6,0.5411,4,2.38,21.8,1.1077,275.03,383.264,1.016,1450.2,1,477.91,94.646,397269.8,1333.369
TRIP-2664,VESSEL-002,Panamax Bulk,75000,70000,12500,168.0,LNG,1.15,780.0,0.78,3646.7,12.75,40554.4,0.5793,4,1.85,24.5,1.1118,286.02,263.272,1.04,1065.6,0,355.4,92.128,300962.0,991.566
TRIP-2665,VESSEL-005,Neo-Panamax Green,110000,102000,16500,158.0,Methanol,0.5,950.0,0.35,1382.1,11.57,81997.4,0.8039,5,2.43,26.9,1.1404,119.46,247.566,1.016,1429.4,1,367.59,120.024,373710.5,459.487
TRIP-2666,VESSEL-005,Neo-Panamax Green,110000,102000,16500,158.0,Hydrogen,2.98,2800.0,0.08,2983.7,13.04,75044.6,0.7357,2,1.44,18.2,1.0523,228.81,112.062,1.016,1445.8,0,147.774,35.712,442767.2,42.854
TRIP-2667,VESSEL-002,Panamax Bulk,75000,70000,12500,168.0,Ammonia,0.46,1100.0,0.15,522.8,12.45,44503.3,0.6358,2,0.86,11.8,1.0427,41.99,91.242,1.04,1067.4,0,119.006,27.764,154656.6,64.263
TRIP-2668,VESSEL-005,Neo-Panamax Green,110000,102000,16500,158.0,LNG,1.15,780.0,0.78,740.3,14.26,40375.6,0.3958,6,2.35,30.8,1.1712,51.91,79.099,1.016,1446.8,0,108.005,28.906,113243.9,301.334
TRIP-2669,VESSEL-003,Capesize Bulk,180000,170000,21000,162.0,HFO,1.0,620.0,1.0,2762.8,14.81,106078.6,0.624,3,1.89,12.9,1.0694,186.55,507.935,1.048,1767.4,1,640.485,132.55,432100.7,2292.936
TRIP-2670,VESSEL-005,Neo-Panamax Green,110000,102000,16500,158.0,Methanol,0.5,950.0,0.35,1497.8,14.73,87143.1,0.8543,1,0.54,5.2,1.0078,101.68,440.023,1.016,1397.7,1,516.309,76.286,514993.55,645.386
TRIP-2671,VESSEL-002,Panamax Bulk,75000,70000,12500,168.0,LNG,1.15,780.0,0.78,1478.0,13.05,42757.2,0.6108,3,1.86,22.9,1.0844,113.26,112.671,1.04,1142.8,0,145.01,32.339,136857.8,404.578
TRIP-2672,VESSEL-003,Capesize Bulk,180000,170000,21000,162.0,LNG,1.15,780.0,0.78,928.8,14.26,82217.8,0.4836,3,1.26,13.2,1.0698,65.13,132.796,1.048,1782.7,0,165.937,33.141,168930.86,462.964
TRIP-2673,VESSEL-003,Capesize Bulk,180000,170000,21000,162.0,LNG,1.15,780.0,0.78,713.5,15.87,143316.8,0.843,3,1.91,21.7,1.0826,44.96,138.195,1.048,1779.8,0,160.629,22.434,164790.62,448.155
TRIP-2674,VESSEL-004,Feeder Container,22000,18500,9800,180.0,Methanol,0.5,950.0,0.35,1820.7,11.64,14135.3,0.7641,1,0.87,8.6,1.0129,156.42,217.47,1.032,881.8,1,279.104,61.634,276448.8,348.88
TRIP-2675,VESSEL-003,Capesize Bulk,180000,170000,21000,162.0,LNG,1.15,780.0,0.78,3575.0,11.32,149021.0,0.8766,1,0.73,4.5,1.0068,315.81,355.107,1.048,1789.5,1,457.148,102.041,391575.44,1275.443
TRIP-2676,VESSEL-004,Feeder Container,22000,18500,9800,180.0,HFO,1.0,620.0,1.0,579.7,17.48,10261.5,0.5547,4,1.74,23.9,1.1108,33.16,74.457,1.032,915.7,0,94.573,20.116,74435.26,338.571
TRIP-2677,VESSEL-005,Neo-Panamax Green,110000,102000,16500,158.0,Methanol,0.5,950.0,0.35,2206.9,13.07,53722.0,0.5267,1,0.43,10.7,1.016,168.85,471.282,1.016,1411.3,1,561.024,89.742,557472.8,701.28
TRIP-2678,VESSEL-001,Handysize Bulk,35000,32000,7200,175.0,LNG,1.15,780.0,0.78,912.6,12.27,24269.9,0.7584,3,2.45,23.7,1.0856,74.38,38.12,1.064,678.2,1,53.435,15.315,54929.3,149.084
TRIP-2679,VESSEL-004,Feeder Container,22000,18500,9800,180.0,HFO,1.0,620.0,1.0,823.4,12.74,14237.9,0.7696,5,3.86,24.0,1.136,64.63,58.978,1.032,897.7,0,78.956,19.978,64752.72,282.662
TRIP-2680,VESSEL-005,Neo-Panamax Green,110000,102000,16500,158.0,LNG,1.15,780.0,0.78,2069.2,10.95,73206.7,0.7177,3,1.88,25.7,1.0886,188.97,141.388,1.016,1449.3,1,206.185,64.797,185324.3,575.256
TRIP-2681,VESSEL-004,Feeder Container,22000,18500,9800,180.0,Methanol,0.5,950.0,0.35,1866.1,11.82,15263.7,0.8251,2,1.67,13.3,1.0449,157.88,232.936,1.032,924.0,1,307.67,74.734,303586.5,384.588
TRIP-2682,VESSEL-004,Feeder Container,22000,18500,9800,180.0,Hydrogen,2.98,2800.0,0.08,894.8,14.03,11077.8,0.5988,2,1.6,16.2,1.0493,63.78,25.103,1.032,872.2,1,31.231,6.128,98746.8,9.057
TRIP-2683,VESSEL-005,Neo-Panamax Green,110000,102000,16500,158.0,LNG,1.15,780.0,0.78,1879.3,16.08,91316.7,0.8953,4,2.23,30.3,1.1204,116.87,288.807,1.016,1423.1,1,355.956,67.149,302145.68,993.117
TRIP-2684,VESSEL-005,Neo-Panamax Green,110000,102000,16500,158.0,LNG,1.15,780.0,0.78,3897.0,14.27,81821.0,0.8022,4,1.73,30.0,1.12,273.09,461.467,1.016,1382.2,1,590.172,128.705,484834.16,1646.58
TRIP-2685,VESSEL-001,Handysize Bulk,35000,32000,7200,175.0,Methanol,0.5,950.0,0.35,3454.9,9.56,28873.6,0.9023,3,1.46,17.7,1.0766,361.39,208.348,1.064,722.9,0,343.582,135.234,344152.9,429.477
TRIP-2686,VESSEL-005,Neo-Panamax Green,110000,102000,16500,158.0,Hydrogen,2.98,2800.0,0.08,1722.5,12.47,81590.9,0.7999,4,2.8,29.7,1.1196,138.13,60.076,1.016,1379.9,1,78.096,18.02,243168.8,22.648
TRIP-2687,VESSEL-004,Feeder Container,22000,18500,9800,180.0,Methanol,0.5,950.0,0.35,2949.7,13.91,14210.7,0.7681,2,1.2,16.7,1.05,212.06,503.592,1.032,878.3,0,610.566,106.974,595837.7,763.207
TRIP-2688,VESSEL-004,Feeder Container,22000,18500,9800,180.0,Hydrogen,2.98,2800.0,0.08,2095.3,11.42,13147.7,0.7107,2,0.85,17.7,1.0515,183.48,39.943,1.032,921.2,0,53.179,13.236,164701.2,15.422
TRIP-2689,VESSEL-002,Panamax Bulk,75000,70000,12500,168.0,Ammonia,0.46,1100.0,0.15,3859.6,12.83,67261.6,0.9609,3,1.15,18.4,1.0776,300.83,773.125,1.04,1122.5,1,1006.085,232.96,1125943.5,543.286
TRIP-2690,VESSEL-003,Capesize Bulk,180000,170000,21000,162.0,HFO,1.0,620.0,1.0,3029.1,13.35,79777.7,0.4693,3,2.65,25.1,1.0877,226.9,434.904,1.048,1730.9,0,578.914,144.01,398426.68,2072.512
TRIP-2691,VESSEL-002,Panamax Bulk,75000,70000,12500,168.0,LNG,1.15,780.0,0.78,1487.2,13.61,60943.0,0.8706,4,2.26,20.5,1.1058,109.27,131.306,1.04,1051.1,1,170.911,39.605,152560.58,476.842
TRIP-2692,VESSEL-003,Capesize Bulk,180000,170000,21000,162.0,Ammonia,0.46,1100.0,0.15,2563.8,13.53,61392.3,0.3611,3,2.06,19.6,1.0794,189.49,798.677,1.048,1756.1,0,1072.677,274.0,1219444.7,579.246
TRIP-2693,VESSEL-002,Panamax Bulk,75000,70000,12500,168.0,LNG,1.15,780.0,0.78,1958.3,10.02,53038.1,0.7577,2,0.74,14.1,1.0461,195.44,91.236,1.04,1080.0,0,136.932,45.696,130556.96,382.04
TRIP-2694,VESSEL-005,Neo-Panamax Green,110000,102000,16500,158.0,LNG,1.15,780.0,0.78,3445.5,13.38,65770.9,0.6448,2,1.69,16.7,1.05,257.51,345.311,1.016,1403.3,0,416.355,71.044,353756.9,1161.63
TRIP-2695,VESSEL-003,Capesize Bulk,180000,170000,21000,162.0,Ammonia,0.46,1100.0,0.15,3883.1,13.34,64623.7,0.3801,1,0.47,4.9,1.0073,291.09,1181.962,1.048,1755.7,0,1478.177,296.215,1665494.7,798.216
TRIP-2696,VESSEL-005,Neo-Panamax Green,110000,102000,16500,158.0,LNG,1.15,780.0,0.78,3636.2,15.6,85666.9,0.8399,3,1.8,17.2,1.0758,233.09,519.19,1.016,1392.4,1,639.628,120.438,523409.84,1784.562
TRIP-2697,VESSEL-004,Feeder Container,22000,18500,9800,180.0,HFO,1.0,620.0,1.0,1820.6,15.16,17533.3,0.9477,4,2.76,27.4,1.1161,120.09,191.904,1.032,898.5,1,239.056,47.152,159514.72,855.82
TRIP-2698,VESSEL-004,Feeder Container,22000,18500,9800,180.0,Methanol,0.5,950.0,0.35,3393.3,13.98,10804.2,0.584,4,3.37,22.7,1.109,242.73,561.407,1.032,890.4,1,719.755,158.348,695067.25,899.694
TRIP-2699,VESSEL-001,Handysize Bulk,35000,32000,7200,175.0,LNG,1.15,780.0,0.78,585.8,12.95,14179.1,0.4431,4,3.22,28.7,1.118,45.24,25.222,1.064,654.0,1,33.796,8.574,39610.88,94.291
TRIP-2700,VESSEL-003,Capesize Bulk,180000,170000,21000,162.0,LNG,1.15,780.0,0.78,1535.7,13.95,161932.1,0.9525,4,1.54,18.1,1.1021,110.09,235.827,1.048,1741.6,0,313.018,77.191,283654.04,873.32
TRIP-2701,VESSEL-005,Neo-Panamax Green,110000,102000,16500,158.0,Hydrogen,2.98,2800.0,0.08,969.4,13.94,86551.1,0.8485,5,4.03,34.5,1.1518,69.54,42.738,1.016,1412.6,1,55.948,13.21,181154.4,16.225
TRIP-2702,VESSEL-004,Feeder Container,22000,18500,9800,180.0,HFO,1.0,620.0,1.0,3887.8,15.74,12143.3,0.6564,3,1.32,21.3,1.0819,247.0,414.459,1.032,891.3,0,515.829,101.37,335613.98,1846.668
TRIP-2703,VESSEL-001,Handysize Bulk,35000,32000,7200,175.0,HFO,1.0,620.0,1.0,3127.9,11.19,17255.7,0.5392,4,2.26,22.8,1.1092,279.53,118.474,1.064,662.5,0,173.911,55.437,125574.82,622.601
TRIP-2704,VESSEL-005,Neo-Panamax Green,110000,102000,16500,158.0,Hydrogen,2.98,2800.0,0.08,1964.1,13.83,87002.2,0.853,5,3.98,39.7,1.1596,142.02,85.322,1.016,1457.6,1,113.379,28.057,341961.2,32.88
TRIP-2705,VESSEL-005,Neo-Panamax Green,110000,102000,16500,158.0,LNG,1.15,780.0,0.78,3297.6,13.15,95047.3,0.9318,2,1.66,14.5,1.0467,250.77,341.797,1.016,1437.9,1,419.297,77.5,351551.66,1169.839
TRIP-2706,VESSEL-001,Handysize Bulk,35000,32000,7200,175.0,Methanol,0.5,950.0,0.35,1046.7,9.38,26131.4,0.8166,2,1.66,13.9,1.0458,111.59,59.575,1.064,658.1,1,90.728,31.153,99441.6,113.41
TRIP-2707,VESSEL-003,Capesize Bulk,180000,170000,21000,162.0,LNG,1.15,780.0,0.78,3142.3,10.15,126212.4,0.7424,5,3.82,38.5,1.1578,309.59,242.985,1.048,1828.6,1,396.524,153.539,344288.72,1106.302
TRIP-2708,VESSEL-001,Handysize Bulk,35000,32000,7200,175.0,Methanol,0.5,950.0,0.35,3989.0,10.0,13493.4,0.4217,4,3.1,21.6,1.1074,398.9,234.234,1.064,672.0,0,384.244,150.01,382781.8,480.305
TRIP-2709,VESSEL-004,Feeder Container,22000,18500,9800,180.0,HFO,1.0,620.0,1.0,715.7,16.97,15912.4,0.8601,2,1.0,10.9,1.0413,42.17,92.764,1.032,917.8,1,107.631,14.867,78031.22,385.319
TRIP-2710,VESSEL-001,Handysize Bulk,35000,32000,7200,175.0,Methanol,0.5,950.0,0.35,700.8,10.95,30615.5,0.9567,2,1.1,14.8,1.0472,64.0,56.136,1.064,626.8,1,75.477,19.341,84953.15,94.346
TRIP-2711,VESSEL-001,Handysize Bulk,35000,32000,7200,175.0,HFO,1.0,620.0,1.0,2422.1,11.67,20008.7,0.6253,2,0.73,11.2,1.0418,207.55,101.923,1.064,697.0,1,139.159,37.236,99528.58,498.189
TRIP-2712,VESSEL-005,Neo-Panamax Green,110000,102000,16500,158.0,LNG,1.15,780.0,0.78,619.9,14.48,90017.9,0.8825,4,1.76,20.3,1.1055,42.81,77.022,1.016,1442.1,1,103.158,26.136,104963.24,287.811
TRIP-2713,VESSEL-001,Handysize Bulk,35000,32000,7200,175.0,LNG,1.15,780.0,0.78,3673.3,13.35,20429.9,0.6384,1,0.35,10.2,1.0153,275.15,176.461,1.064,688.4,1,234.279,57.818,195987.62,653.638
TRIP-2714,VESSEL-004,Feeder Container,22000,18500,9800,180.0,Hydrogen,2.98,2800.0,0.08,3326.8,17.69,8263.5,0.4467,3,2.37,12.4,1.0686,188.06,143.197,1.032,841.8,0,172.788,29.591,499606.4,50.109
TRIP-2715,VESSEL-005,Neo-Panamax Green,110000,102000,16500,158.0,Hydrogen,2.98,2800.0,0.08,751.8,16.34,66702.1,0.6539,2,0.61,16.5,1.0497,46.01,43.462,1.016,1451.6,0,51.343,7.881,172760.4,14.889
TRIP-2716,VESSEL-003,Capesize Bulk,180000,170000,21000,162.0,LNG,1.15,780.0,0.78,1426.9,14.21,133226.4,0.7837,4,1.51,31.7,1.1225,100.42,218.449,1.048,1750.1,0,287.454,69.005,263714.12,801.997
TRIP-2717,VESSEL-003,Capesize Bulk,180000,170000,21000,162.0,HFO,1.0,620.0,1.0,3041.3,11.13,117727.0,0.6925,3,2.09,17.1,1.0756,273.25,321.227,1.048,1732.8,1,453.396,132.169,316105.52,1623.158
TRIP-2718,VESSEL-005,Neo-Panamax Green,110000,102000,16500,158.0,LNG,1.15,780.0,0.78,1270.6,14.05,71080.9,0.6969,2,1.51,11.5,1.0422,90.43,142.208,1.016,1394.4,1,168.643,26.435,156041.54,470.514
TRIP-2719,VESSEL-004,Feeder Container,22000,18500,9800,180.0,Methanol,0.5,950.0,0.35,3046.5,12.93,16967.6,0.9172,2,1.11,16.0,1.049,235.61,464.166,1.032,855.2,1,611.737,147.571,592450.15,764.671
TRIP-2720,VESSEL-005,Neo-Panamax Green,110000,102000,16500,158.0,Ammonia,0.46,1100.0,0.15,2038.0,14.79,92767.3,0.9095,3,2.66,12.6,1.0689,137.8,664.615,1.016,1414.8,1,795.784,131.169,899862.4,429.723
TRIP-2721,VESSEL-005,Neo-Panamax Green,110000,102000,16500,158.0,Ammonia,0.46,1100.0,0.15,3673.0,14.18,39426.1,0.3865,4,1.28,16.8,1.1002,259.03,967.877,1.016,1445.4,0,1274.492,306.615,1430941.2,688.226
TRIP-2722,VESSEL-003,Capesize Bulk,180000,170000,21000,162.0,HFO,1.0,620.0,1.0,3262.7,11.48,109038.0,0.6414,3,2.0,18.6,1.0779,284.21,362.001,1.048,1762.5,0,482.547,120.546,338679.14,1727.518
TRIP-2723,VESSEL-001,Handysize Bulk,35000,32000,7200,175.0,LNG,1.15,780.0,0.78,3618.7,14.15,22900.6,0.7156,4,2.79,24.4,1.1116,255.74,198.977,1.064,626.2,0,252.168,53.191,214441.04,703.549
TRIP-2724,VESSEL-002,Panamax Bulk,75000,70000,12500,168.0,Methanol,0.5,950.0,0.35,1884.2,13.91,68256.3,0.9751,3,2.43,16.7,1.0751,135.46,409.491,1.04,1064.2,0,529.984,120.493,527234.8,662.48
TRIP-2725,VESSEL-004,Feeder Container,22000,18500,9800,180.0,Hydrogen,2.98,2800.0,0.08,3634.3,13.3,12062.3,0.652,5,2.78,38.6,1.1579,273.26,92.737,1.032,850.1,1,121.726,28.989,352132.8,35.301
TRIP-2726,VESSEL-002,Panamax Bulk,75000,70000,12500,168.0,Ammonia,0.46,1100.0,0.15,2525.0,13.85,55863.6,0.7981,2,1.6,17.4,1.0511,182.31,567.355,1.04,1055.0,0,702.467,135.112,796463.7,379.332
TRIP-2727,VESSEL-003,Capesize Bulk,180000,170000,21000,162.0,Ammonia,0.46,1100.0,0.15,1049.0,13.74,80752.7,0.475,2,0.64,16.2,1.0493,76.35,347.358,1.048,1755.9,1,442.942,95.584,522236.2,239.189
TRIP-2728,VESSEL-002,Panamax Bulk,75000,70000,12500,168.0,HFO,1.0,620.0,1.0,1925.4,10.9,67508.1,0.9644,5,2.32,24.4,1.1366,176.64,128.152,1.04,1071.4,0,185.04,56.888,138474.8,662.443
TRIP-2729,VESSEL-002,Panamax Bulk,75000,70000,12500,168.0,LNG,1.15,780.0,0.78,3652.5,15.38,67930.2,0.9704,4,2.79,30.0,1.12,237.48,421.46,1.04,1070.8,1,555.156,133.696,452271.68,1548.885
TRIP-2730,VESSEL-004,Feeder Container,22000,18500,9800,180.0,Hydrogen,2.98,2800.0,0.08,4125.9,14.32,15100.6,0.8162,2,1.71,13.7,1.0455,288.12,126.584,1.032,898.3,1,148.69,22.106,427632.0,43.12
TRIP-2731,VESSEL-003,Capesize Bulk,180000,170000,21000,162.0,LNG,1.15,780.0,0.78,570.7,12.51,117753.6,0.6927,3,1.42,25.0,1.0875,45.62,66.224,1.048,1738.8,1,90.373,24.149,105490.94,252.141
TRIP-2732,VESSEL-004,Feeder Container,22000,18500,9800,180.0,Hydrogen,2.98,2800.0,0.08,4004.2,13.59,13224.4,0.7148,4,2.85,23.1,1.1097,294.64,108.195,1.032,862.7,1,140.326,32.131,404212.8,40.695
TRIP-2733,VESSEL-002,Panamax Bulk,75000,70000,12500,168.0,HFO,1.0,620.0,1.0,1411.0,14.76,44770.9,0.6396,2,0.64,17.3,1.0509,95.6,159.378,1.04,1076.5,0,199.758,40.38,147599.96,715.134
TRIP-2734,VESSEL-003,Capesize Bulk,180000,170000,21000,162.0,LNG,1.15,780.0,0.78,2243.9,10.32,72744.5,0.4279,4,2.74,18.5,1.1027,217.43,165.596,1.048,1793.3,0,254.175,88.579,237756.5,709.148
TRIP-2735,VESSEL-005,Neo-Panamax Green,110000,102000,16500,158.0,Hydrogen,2.98,2800.0,0.08,975.2,11.93,59732.8,0.5856,2,1.72,10.1,1.0401,81.74,29.547,1.016,1403.3,1,36.672,7.125,127181.6,10.635
TRIP-2736,VESSEL-004,Feeder Container,22000,18500,9800,180.0,Hydrogen,2.98,2800.0,0.08,501.3,13.05,14759.5,0.7978,1,0.56,11.7,1.0175,38.41,12.72,1.032,923.1,1,15.838,3.118,55646.4,4.593
TRIP-2737,VESSEL-004,Feeder Container,22000,18500,9800,180.0,Methanol,0.5,950.0,0.35,3000.4,11.33,10154.1,0.5489,2,0.96,8.6,1.0379,264.82,323.408,1.032,881.5,1,418.111,94.703,408505.45,522.639
TRIP-2738,VESSEL-002,Panamax Bulk,75000,70000,12500,168.0,HFO,1.0,620.0,1.0,597.3,10.18,60496.2,0.8642,3,1.96,25.4,1.0881,58.67,33.878,1.04,1107.4,0,49.661,15.783,54539.82,177.786
TRIP-2739,VESSEL-005,Neo-Panamax Green,110000,102000,16500,158.0,Hydrogen,2.98,2800.0,0.08,1229.3,12.77,67481.3,0.6616,3,1.17,22.4,1.0836,96.26,43.485,1.016,1429.4,0,54.686,11.201,182120.8,15.859
TRIP-2740,VESSEL-001,Handysize Bulk,35000,32000,7200,175.0,HFO,1.0,620.0,1.0,644.7,13.99,11925.5,0.3727,5,4.39,20.6,1.1309,46.08,36.577,1.064,697.6,0,51.507,14.93,49684.34,184.395
TRIP-2741,VESSEL-005,Neo-Panamax Green,110000,102000,16500,158.0,Hydrogen,2.98,2800.0,0.08,1383.4,16.08,42385.1,0.4155,1,0.33,4.2,1.0063,86.03,72.911,1.016,1450.1,1,82.575,9.664,255710.0,23.947
TRIP-2742,VESSEL-003,Capesize Bulk,180000,170000,21000,162.0,HFO,1.0,620.0,1.0,3329.2,13.41,73284.1,0.4311,2,1.41,15.1,1.0476,248.26,477.47,1.048,1791.7,0,581.888,104.418,400270.56,2083.159
TRIP-2743,VESSEL-003,Capesize Bulk,180000,170000,21000,162.0,HFO,1.0,620.0,1.0,2138.2,13.27,69157.3,0.4068,2,1.72,8.1,1.0372,161.13,298.364,1.048,1769.1,1,374.019,75.655,266891.78,1338.988
TRIP-2744,VESSEL-003,Capesize Bulk,180000,170000,21000,162.0,LNG,1.15,780.0,0.78,2033.8,10.18,132436.4,0.779,1,0.67,5.0,1.0075,199.78,159.608,1.048,1767.9,0,231.606,71.998,220152.68,646.181
TRIP-2745,VESSEL-001,Handysize Bulk,35000,32000,7200,175.0,Methanol,0.5,950.0,0.35,2545.1,11.71,18671.6,0.5835,2,1.36,17.4,1.0511,217.34,213.461,1.064,648.4,1,309.828,96.367,307586.6,387.285
TRIP-2746,VESSEL-002,Panamax Bulk,75000,70000,12500,168.0,Ammonia,0.46,1100.0,0.15,1868.7,13.35,25785.2,0.3684,3,0.94,19.1,1.0787,139.98,350.126,1.04,1115.4,1,460.295,110.169,525574.5,248.559
TRIP-2747,VESSEL-003,Capesize Bulk,180000,170000,21000,162.0,HFO,1.0,620.0,1.0,1421.6,13.64,99632.9,0.5861,3,2.49,19.3,1.079,104.22,219.574,1.048,1796.1,0,275.914,56.34,210566.68,987.772
TRIP-2748,VESSEL-003,Capesize Bulk,180000,170000,21000,162.0,Ammonia,0.46,1100.0,0.15,1866.8,12.16,80574.2,0.474,5,3.71,26.7,1.1401,153.52,484.011,1.048,1820.7,0,669.16,185.149,775576.0,361.346
TRIP-2749,VESSEL-005,Neo-Panamax Green,110000,102000,16500,158.0,Hydrogen,2.98,2800.0,0.08,825.0,10.89,43421.0,0.4257,4,2.64,27.0,1.1155,75.76,19.997,1.016,1438.8,1,29.237,9.24,106363.6,8.479
TRIP-2750,VESSEL-001,Handysize Bulk,35000,32000,7200,175.0,LNG,1.15,780.0,0.78,717.3,14.19,16033.2,0.501,4,2.98,20.8,1.1062,50.55,37.628,1.064,683.1,0,50.969,13.341,57505.82,142.204
TRIP-2751,VESSEL-004,Feeder Container,22000,18500,9800,180.0,Hydrogen,2.98,2800.0,0.08,2457.7,16.89,11153.8,0.6029,1,0.34,8.8,1.0132,145.51,100.012,1.032,921.9,0,109.768,9.756,323150.4,31.833
TRIP-2752,VESSEL-003,Capesize Bulk,180000,170000,21000,162.0,LNG,1.15,780.0,0.78,3684.6,13.87,73890.2,0.4346,4,2.91,31.9,1.1228,265.65,492.043,1.048,1824.2,1,660.771,168.728,550401.38,1843.551
TRIP-2753,VESSEL-005,Neo-Panamax Green,110000,102000,16500,158.0,LNG,1.15,780.0,0.78,4199.4,13.28,84939.5,0.8327,4,2.83,27.1,1.1157,316.22,433.794,1.016,1439.5,1,550.545,116.751,453925.1,1536.021
TRIP-2754,VESSEL-005,Neo-Panamax Green,110000,102000,16500,158.0,LNG,1.15,780.0,0.78,740.9,12.88,69737.0,0.6837,3,2.63,25.7,1.0886,57.52,69.463,1.016,1423.2,1,88.135,18.672,93245.3,245.897
TRIP-2755,VESSEL-001,Handysize Bulk,35000,32000,7200,175.0,Methanol,0.5,950.0,0.35,2547.2,9.92,17155.6,0.5361,3,2.03,23.7,1.0856,256.77,151.521,1.064,697.1,1,240.856,89.335,242063.2,301.07
TRIP-2756,VESSEL-003,Capesize Bulk,180000,170000,21000,162.0,Ammonia,0.46,1100.0,0.15,3427.0,11.0,95472.0,0.5616,2,1.43,14.2,1.0463,311.55,743.752,1.048,1744.7,1,1007.377,263.625,1143114.7,543.984
TRIP-2757,VESSEL-002,Panamax Bulk,75000,70000,12500,168.0,Ammonia,0.46,1100.0,0.15,3394.7,11.35,55895.5,0.7985,2,1.57,8.1,1.0372,299.09,512.308,1.04,1103.0,0,732.843,220.535,829877.3,395.735
TRIP-2758,VESSEL-002,Panamax Bulk,75000,70000,12500,168.0,Methanol,0.5,950.0,0.35,2064.0,11.8,44527.8,0.6361,4,3.04,21.6,1.1074,174.92,297.751,1.04,1142.4,1,424.184,126.433,422224.8,530.23
TRIP-2759,VESSEL-005,Neo-Panamax Green,110000,102000,16500,158.0,LNG,1.15,780.0,0.78,2685.4,10.1,63881.9,0.6263,2,0.91,15.5,1.0482,265.88,152.656,1.016,1430.2,1,220.927,68.271,196823.06,616.386
TRIP-2760,VESSEL-002,Panamax Bulk,75000,70000,12500,168.0,LNG,1.15,780.0,0.78,1751.8,10.51,26385.1,0.3769,2,1.36,15.4,1.0481,166.68,81.556,1.04,1064.9,0,123.203,41.647,119848.34,343.736
TRIP-2761,VESSEL-004,Feeder Container,22000,18500,9800,180.0,Methanol,0.5,950.0,0.35,2330.0,11.01,10610.6,0.5735,4,3.21,28.3,1.1175,211.63,238.521,1.032,858.7,0,337.699,99.178,336614.05,422.124
TRIP-2762,VESSEL-005,Neo-Panamax Green,110000,102000,16500,158.0,Ammonia,0.46,1100.0,0.15,4010.4,13.41,45750.8,0.4485,2,1.2,9.8,1.0397,299.06,960.534,1.016,1403.3,0,1217.224,256.69,1367946.4,657.301
TRIP-2763,VESSEL-004,Feeder Container,22000,18500,9800,180.0,Hydrogen,2.98,2800.0,0.08,2292.6,13.32,7748.2,0.4188,5,3.69,34.4,1.1516,172.12,55.58,1.032,870.6,0,75.285,19.705,226598.0,21.833
TRIP-2764,VESSEL-001,Handysize Bulk,35000,32000,7200,175.0,Methanol,0.5,950.0,0.35,4164.6,11.61,28852.4,0.9016,3,2.33,12.2,1.0683,358.71,370.351,1.064,714.0,1,544.708,174.357,530722.6,680.885
TRIP-2765,VESSEL-001,Handysize Bulk,35000,32000,7200,175.0,LNG,1.15,780.0,0.78,1559.0,13.15,21865.1,0.6833,5,3.29,31.6,1.1474,118.56,73.464,1.064,691.9,0,104.738,31.274,99445.64,292.219
TRIP-2766,VESSEL-004,Feeder Container,22000,18500,9800,180.0,HFO,1.0,620.0,1.0,3971.5,17.86,13143.6,0.7105,4,2.8,21.9,1.1079,222.37,551.784,1.032,864.4,1,679.637,127.853,432674.94,2433.1
TRIP-2767,VESSEL-003,Capesize Bulk,180000,170000,21000,162.0,HFO,1.0,620.0,1.0,3100.1,14.56,93990.4,0.5529,3,1.48,17.8,1.0767,212.92,541.019,1.048,1819.5,0,662.527,121.508,450266.74,2371.847
TRIP-2768,VESSEL-005,Neo-Panamax Green,110000,102000,16500,158.0,Methanol,0.5,950.0,0.35,3524.5,13.81,45475.0,0.4458,2,1.32,9.4,1.0391,255.21,823.058,1.016,1467.8,1,992.05,168.992,966947.5,1240.062
TRIP-2769,VESSEL-003,Capesize Bulk,180000,170000,21000,162.0,HFO,1.0,620.0,1.0,1388.4,10.8,90140.5,0.5302,2,0.96,14.1,1.0461,128.56,132.545,1.048,1755.1,0,189.401,56.856,156928.62,678.056
TRIP-2770,VESSEL-003,Capesize Bulk,180000,170000,21000,162.0,LNG,1.15,780.0,0.78,1924.1,10.73,70342.9,0.4138,7,4.49,44.2,1.2163,179.32,152.93,1.048,1777.1,1,253.378,100.448,232634.84,706.925
TRIP-2771,VESSEL-001,Handysize Bulk,35000,32000,7200,175.0,Methanol,0.5,950.0,0.35,4173.2,9.36,21452.1,0.6704,3,1.97,13.5,1.0703,445.85,228.428,1.064,640.1,0,367.894,139.466,367249.3,459.868
TRIP-2772,VESSEL-004,Feeder Container,22000,18500,9800,180.0,Methanol,0.5,950.0,0.35,3529.4,17.77,7489.8,0.4049,2,1.62,18.9,1.0534,198.62,904.59,1.032,868.9,0,1069.395,164.805,1031725.25,1336.744
TRIP-2773,VESSEL-001,Handysize Bulk,35000,32000,7200,175.0,HFO,1.0,620.0,1.0,1463.6,13.17,14214.4,0.4442,2,1.03,8.8,1.0382,111.13,74.964,1.064,711.7,1,97.599,22.635,73761.38,349.404
TRIP-2774,VESSEL-003,Capesize Bulk,180000,170000,21000,162.0,LNG,1.15,780.0,0.78,2388.2,14.5,117036.3,0.6884,3,2.17,16.9,1.0754,164.7,371.903,1.048,1763.0,0,480.82,108.917,414539.6,1341.488
TRIP-2775,VESSEL-003,Capesize Bulk,180000,170000,21000,162.0,HFO,1.0,620.0,1.0,2002.1,12.16,119204.6,0.7012,4,1.38,25.7,1.1136,164.65,252.965,1.048,1787.6,1,341.445,88.48,246695.9,1222.373
TRIP-2776,VESSEL-003,Capesize Bulk,180000,170000,21000,162.0,LNG,1.15,780.0,0.78,1984.3,14.73,151193.2,0.8894,3,2.45,24.4,1.0866,134.71,334.743,1.048,1740.7,1,401.338,66.595,348043.64,1119.733
TRIP-2777,VESSEL-003,Capesize Bulk,180000,170000,21000,162.0,Ammonia,0.46,1100.0,0.15,2020.8,11.11,159924.0,0.9407,4,1.8,21.3,1.1069,181.89,490.706,1.048,1735.9,1,701.914,211.208,807105.4,379.034
TRIP-2778,VESSEL-004,Feeder Container,22000,18500,9800,180.0,Hydrogen,2.98,2800.0,0.08,673.1,15.48,11618.2,0.628,3,1.02,24.4,1.0866,43.48,23.14,1.032,909.3,0,27.322,4.182,92301.6,7.923
TRIP-2779,VESSEL-005,Neo-Panamax Green,110000,102000,16500,158.0,Methanol,0.5,950.0,0.35,3041.2,13.35,45326.5,0.4444,5,3.22,22.0,1.133,227.81,663.444,1.016,1375.5,1,897.45,234.006,877077.5,1121.812
TRIP-2780,VESSEL-001,Handysize Bulk,35000,32000,7200,175.0,Methanol,0.5,950.0,0.35,1491.2,10.44,28470.1,0.8897,2,0.84,13.6,1.0454,142.84,106.938,1.064,710.3,1,163.363,56.425,168444.85,204.204
TRIP-2781,VESSEL-003,Capesize Bulk,180000,170000,21000,162.0,Ammonia,0.46,1100.0,0.15,2634.6,13.38,123942.2,0.7291,1,0.75,11.3,1.017,196.91,882.169,1.048,1781.1,1,1101.173,219.004,1246290.3,594.633
TRIP-2782,VESSEL-001,Handysize Bulk,35000,32000,7200,175.0,Methanol,0.5,950.0,0.35,2173.5,9.95,21607.5,0.6752,4,1.4,29.4,1.1191,218.44,134.6,1.064,636.6,0,215.787,81.187,222747.65,269.734
TRIP-2783,VESSEL-001,Handysize Bulk,35000,32000,7200,175.0,HFO,1.0,620.0,1.0,2386.3,11.65,29945.2,0.9358,4,3.59,18.5,1.1027,204.83,107.671,1.064,699.7,1,154.797,47.126,109224.14,554.173
TRIP-2784,VESSEL-001,Handysize Bulk,35000,32000,7200,175.0,HFO,1.0,620.0,1.0,1008.0,13.76,12757.3,0.3987,3,1.83,14.4,1.0716,73.26,55.706,1.064,638.9,1,72.383,16.677,58127.46,259.131
TRIP-2785,VESSEL-005,Neo-Panamax Green,110000,102000,16500,158.0,LNG,1.15,780.0,0.78,3405.9,16.12,89209.6,0.8746,1,0.33,8.4,1.0126,211.28,523.496,1.016,1469.4,0,572.483,48.987,475536.74,1597.228
TRIP-2786,VESSEL-002,Panamax Bulk,75000,70000,12500,168.0,Ammonia,0.46,1100.0,0.15,2229.4,13.38,29110.2,0.4159,4,2.38,27.5,1.1162,166.62,424.875,1.04,1131.6,1,554.764,129.889,629490.4,299.573
TRIP-2787,VESSEL-003,Capesize Bulk,180000,170000,21000,162.0,LNG,1.15,780.0,0.78,1938.9,15.12,159015.0,0.9354,2,1.58,10.4,1.0406,128.23,348.364,1.048,1822.9,0,434.324,85.96,378272.72,1211.764
TRIP-2788,VESSEL-005,Neo-Panamax Green,110000,102000,16500,158.0,Hydrogen,2.98,2800.0,0.08,3401.5,14.28,89435.8,0.8768,1,0.32,10.7,1.016,238.2,158.413,1.016,1427.5,1,187.906,29.493,550636.8,54.493
TRIP-2789,VESSEL-003,Capesize Bulk,180000,170000,21000,162.0,LNG,1.15,780.0,0.78,905.8,14.51,80045.0,0.4709,1,0.52,8.0,1.012,62.43,133.657,1.048,1791.6,1,160.29,26.633,160026.2,447.209
TRIP-2790,VESSEL-002,Panamax Bulk,75000,70000,12500,168.0,HFO,1.0,620.0,1.0,2339.1,13.84,34772.4,0.4967,3,0.97,23.7,1.0856,169.01,224.063,1.04,1087.7,0,290.895,66.832,204104.9,1041.404
TRIP-2791,VESSEL-001,Handysize Bulk,35000,32000,7200,175.0,HFO,1.0,620.0,1.0,2615.6,9.89,25851.8,0.8079,2,1.74,11.2,1.0418,264.47,82.58,1.064,681.5,1,126.892,44.312,91923.04,454.273
TRIP-2792,VESSEL-004,Feeder Container,22000,18500,9800,180.0,Methanol,0.5,950.0,0.35,2528.9,17.45,10956.7,0.5923,4,3.37,32.1,1.1231,144.92,653.085,1.032,921.9,1,837.796,184.711,807206.2,1047.245
TRIP-2793,VESSEL-003,Capesize Bulk,180000,170000,21000,162.0,LNG,1.15,780.0,0.78,1576.4,10.77,76600.8,0.4506,1,0.45,11.7,1.0175,146.37,127.464,1.048,1761.2,1,181.874,54.41,176861.72,507.428
TRIP-2794,VESSEL-001,Handysize Bulk,35000,32000,7200,175.0,LNG,1.15,780.0,0.78,1955.1,10.53,16228.6,0.5071,1,0.7,10.6,1.0159,185.67,56.563,1.064,692.4,0,81.329,24.766,81186.62,226.908
TRIP-2795,VESSEL-005,Neo-Panamax Green,110000,102000,16500,158.0,LNG,1.15,780.0,0.78,2964.3,12.87,63800.4,0.6255,5,1.71,39.1,1.1587,230.33,273.567,1.016,1461.0,0,378.05,104.483,323879.0,1054.76
TRIP-2796,VESSEL-004,Feeder Container,22000,18500,9800,180.0,Hydrogen,2.98,2800.0,0.08,904.4,12.4,17329.7,0.9367,3,2.27,24.4,1.0866,72.94,21.354,1.032,867.6,0,27.993,6.639,94180.4,8.118
TRIP-2797,VESSEL-001,Handysize Bulk,35000,32000,7200,175.0,HFO,1.0,620.0,1.0,3124.9,14.39,14102.5,0.4407,3,2.55,17.7,1.0766,217.16,190.915,1.064,670.6,0,244.758,53.843,169499.96,876.234
TRIP-2798,VESSEL-005,Neo-Panamax Green,110000,102000,16500,158.0,LNG,1.15,780.0,0.78,556.5,16.9,91083.7,0.893,3,1.36,13.5,1.0703,32.93,94.421,1.016,1440.6,0,108.545,14.124,113665.1,302.841
TRIP-2799,VESSEL-005,Neo-Panamax Green,110000,102000,16500,158.0,Ammonia,0.46,1100.0,0.15,3407.2,13.88,100516.8,0.9855,4,2.05,16.1,1.0991,245.48,995.783,1.016,1443.4,1,1235.072,239.289,1383079.2,666.939
TRIP-2800,VESSEL-005,Neo-Panamax Green,110000,102000,16500,158.0,Ammonia,0.46,1100.0,0.15,2515.9,12.38,95783.0,0.939,3,2.32,13.4,1.0701,203.22,578.767,1.016,1447.4,0,743.91,165.143,847301.0,401.711
TRIP-2801,VESSEL-004,Feeder Container,22000,18500,9800,180.0,Methanol,0.5,950.0,0.35,2640.1,15.2,17320.8,0.9363,3,2.3,15.6,1.0734,173.69,558.157,1.032,916.7,0,659.49,101.333,642315.5,824.362
TRIP-2802,VESSEL-004,Feeder Container,22000,18500,9800,180.0,Methanol,0.5,950.0,0.35,2970.5,12.98,8650.7,0.4676,3,2.07,16.8,1.0752,228.85,412.313,1.032,911.0,0,534.624,122.311,523692.8,668.28
TRIP-2803,VESSEL-001,Handysize Bulk,35000,32000,7200,175.0,LNG,1.15,780.0,0.78,1697.5,10.51,22174.3,0.6929,4,3.34,28.6,1.1179,161.51,51.213,1.064,643.6,0,79.307,28.094,79609.46,221.267
TRIP-2804,VESSEL-002,Panamax Bulk,75000,70000,12500,168.0,HFO,1.0,620.0,1.0,2922.0,9.67,47816.5,0.6831,3,1.6,18.4,1.0776,302.17,143.187,1.04,1128.2,0,225.754,82.567,163717.48,808.199
TRIP-2805,VESSEL-002,Panamax Bulk,75000,70000,12500,168.0,Methanol,0.5,950.0,0.35,2441.5,13.5,35484.9,0.5069,1,0.53,5.4,1.0081,180.85,446.205,1.04,1052.2,1,560.147,113.942,551389.65,700.184
TRIP-2806,VESSEL-003,Capesize Bulk,180000,170000,21000,162.0,LNG,1.15,780.0,0.78,3495.4,11.93,98331.1,0.5784,4,2.85,16.4,1.0996,292.99,358.441,1.048,1821.1,0,492.895,134.454,423958.1,1375.177
TRIP-2807,VESSEL-005,Neo-Panamax Green,110000,102000,16500,158.0,Ammonia,0.46,1100.0,0.15,535.4,10.43,41105.2,0.403,3,2.03,12.7,1.0691,51.33,76.655,1.016,1399.0,1,112.632,35.977,148395.2,60.821
TRIP-2808,VESSEL-001,Handysize Bulk,35000,32000,7200,175.0,HFO,1.0,620.0,1.0,3942.2,12.89,19616.0,0.613,2,1.61,15.5,1.0482,305.83,201.777,1.064,711.3,0,258.036,56.259,177732.32,923.769
TRIP-2809,VESSEL-001,Handysize Bulk,35000,32000,7200,175.0,Methanol,0.5,950.0,0.35,1831.7,13.53,24591.4,0.7685,3,2.69,22.4,1.0836,135.38,214.47,1.064,687.5,1,281.996,67.526,281146.2,352.495
TRIP-2810,VESSEL-005,Neo-Panamax Green,110000,102000,16500,158.0,LNG,1.15,780.0,0.78,3266.9,11.89,98835.9,0.969,1,0.54,6.1,1.0091,274.76,279.196,1.016,1433.8,1,364.143,84.947,308531.54,1015.959
TRIP-2811,VESSEL-005,Neo-Panamax Green,110000,102000,16500,158.0,LNG,1.15,780.0,0.78,1738.9,11.2,71873.3,0.7046,1,0.34,10.1,1.0151,155.26,123.913,1.016,1431.5,0,169.553,45.64,161251.34,473.053
TRIP-2812,VESSEL-002,Panamax Bulk,75000,70000,12500,168.0,HFO,1.0,620.0,1.0,3975.0,11.01,42659.1,0.6094,4,1.81,17.0,1.1005,361.04,247.952,1.04,1118.4,1,372.859,124.907,250422.58,1334.835
TRIP-2813,VESSEL-001,Handysize Bulk,35000,32000,7200,175.0,Methanol,0.5,950.0,0.35,1838.3,10.44,21952.8,0.686,4,1.37,20.7,1.106,176.08,125.657,1.064,686.3,0,198.048,72.391,205895.6,247.56
TRIP-2814,VESSEL-002,Panamax Bulk,75000,70000,12500,168.0,HFO,1.0,620.0,1.0,1139.0,11.5,31636.6,0.452,5,3.46,39.1,1.1587,99.04,74.46,1.04,1130.0,1,108.578,34.118,86568.36,388.709
TRIP-2815,VESSEL-002,Panamax Bulk,75000,70000,12500,168.0,Ammonia,0.46,1100.0,0.15,3559.9,14.42,43275.7,0.6182,4,2.83,21.6,1.1074,246.87,829.874,1.04,1113.1,1,987.943,158.069,1105987.3,533.489
TRIP-2816,VESSEL-005,Neo-Panamax Green,110000,102000,16500,158.0,Hydrogen,2.98,2800.0,0.08,3193.6,10.22,77234.8,0.7572,5,3.4,20.4,1.1306,312.49,74.059,1.016,1382.0,0,114.902,40.843,350725.6,33.322
TRIP-2817,VESSEL-003,Capesize Bulk,180000,170000,21000,162.0,Ammonia,0.46,1100.0,0.15,4112.5,11.65,129486.8,0.7617,2,0.77,12.1,1.0431,353.0,1052.263,1.048,1813.6,1,1351.342,299.079,1521476.2,729.725
TRIP-2818,VESSEL-005,Neo-Panamax Green,110000,102000,16500,158.0,LNG,1.15,780.0,0.78,3475.3,12.81,57751.7,0.5662,5,3.78,28.8,1.1432,271.3,313.078,1.016,1420.4,0,425.08,112.002,360562.4,1185.973
TRIP-2819,VESSEL-004,Feeder Container,22000,18500,9800,180.0,HFO,1.0,620.0,1.0,1242.3,15.18,17326.8,0.9366,4,2.84,20.5,1.1058,81.84,130.988,1.032,900.7,0,165.323,34.335,118300.26,591.856
TRIP-2820,VESSEL-005,Neo-Panamax Green,110000,102000,16500,158.0,Methanol,0.5,950.0,0.35,3290.2,10.81,39030.7,0.3827,2,0.63,12.4,1.0436,304.37,463.09,1.016,1418.3,0,673.356,210.266,668688.2,841.695
TRIP-2821,VESSEL-003,Capesize Bulk,180000,170000,21000,162.0,LNG,1.15,780.0,0.78,804.3,11.13,134540.9,0.7914,3,1.16,14.7,1.072,72.26,75.673,1.048,1769.3,1,103.158,27.485,115463.24,287.811
TRIP-2822,VESSEL-003,Capesize Bulk,180000,170000,21000,162.0,LNG,1.15,780.0,0.78,1644.7,14.9,144142.1,0.8479,4,1.64,18.1,1.1021,110.38,281.116,1.048,1734.5,1,346.658,65.542,305393.24,967.176
TRIP-2823,VESSEL-001,Handysize Bulk,35000,32000,7200,175.0,LNG,1.15,780.0,0.78,3858.0,14.05,16870.4,0.5272,5,4.27,29.9,1.1449,274.59,199.715,1.064,712.6,0,275.543,75.828,232673.54,768.765
TRIP-2824,VESSEL-001,Handysize Bulk,35000,32000,7200,175.0,LNG,1.15,780.0,0.78,773.4,10.65,26879.2,0.84,3,1.12,16.1,1.0741,72.62,24.807,1.064,651.9,1,36.687,11.88,41865.86,102.357
TRIP-2825,VESSEL-002,Panamax Bulk,75000,70000,12500,168.0,HFO,1.0,620.0,1.0,2345.9,14.35,60625.2,0.8661,2,0.87,13.1,1.0446,163.48,264.524,1.04,1050.9,0,325.869,61.345,225788.78,1166.611
TRIP-2826,VESSEL-002,Panamax Bulk,75000,70000,12500,168.0,LNG,1.15,780.0,0.78,2034.5,12.24,31647.1,0.4521,2,1.33,10.4,1.0406,166.22,131.029,1.04,1111.5,0,173.315,42.286,158935.7,483.549
TRIP-2827,VESSEL-004,Feeder Container,22000,18500,9800,180.0,Methanol,0.5,950.0,0.35,2580.9,13.14,14577.8,0.788,5,2.22,20.8,1.1312,196.42,394.919,1.032,852.2,0,512.565,117.646,502736.75,640.706
TRIP-2828,VESSEL-001,Handysize Bulk,35000,32000,7200,175.0,HFO,1.0,620.0,1.0,2776.4,10.96,27253.0,0.8517,3,1.25,20.8,1.0812,253.32,108.753,1.064,714.8,1,158.368,49.615,111438.16,566.957
TRIP-2829,VESSEL-005,Neo-Panamax Green,110000,102000,16500,158.0,LNG,1.15,780.0,0.78,3816.0,13.65,83301.5,0.8167,4,3.38,23.3,1.1099,279.56,414.886,1.016,1460.4,0,549.85,134.964,457883.0,1534.082
TRIP-2830,VESSEL-001,Handysize Bulk,35000,32000,7200,175.0,LNG,1.15,780.0,0.78,2948.6,13.66,14823.4,0.4632,4,1.89,22.9,1.1094,215.86,141.972,1.064,683.0,1,194.076,52.104,164629.28,541.472
TRIP-2831,VESSEL-001,Handysize Bulk,35000,32000,7200,175.0,HFO,1.0,620.0,1.0,1992.6,13.52,11494.6,0.3592,3,0.94,15.0,1.0725,147.38,105.217,1.064,658.7,1,139.134,33.917,99513.08,498.1
TRIP-2832,VESSEL-002,Panamax Bulk,75000,70000,12500,168.0,HFO,1.0,620.0,1.0,3781.6,12.76,69960.3,0.9994,1,0.38,8.0,1.012,296.36,347.702,1.04,1074.5,0,423.79,76.088,286499.8,1517.168
TRIP-2833,VESSEL-004,Feeder Container,22000,18500,9800,180.0,HFO,1.0,620.0,1.0,745.8,12.91,6711.8,0.3628,6,3.05,44.0,1.191,57.77,49.936,1.032,930.0,0,71.291,21.355,60000.42,255.222
TRIP-2834,VESSEL-003,Capesize Bulk,180000,170000,21000,162.0,Ammonia,0.46,1100.0,0.15,3006.9,12.93,70411.5,0.4142,3,2.45,20.5,1.0808,232.55,867.688,1.048,1787.4,0,1175.96,308.272,1333056.0,635.018
TRIP-2835,VESSEL-003,Capesize Bulk,180000,170000,21000,162.0,HFO,1.0,620.0,1.0,577.5,15.59,151476.5,0.891,2,0.66,19.0,1.0535,37.04,125.54,1.048,1772.8,1,146.962,21.422,126116.44,526.124
TRIP-2836,VESSEL-003,Capesize Bulk,180000,170000,21000,162.0,LNG,1.15,780.0,0.78,568.6,11.89,110605.1,0.6506,3,0.96,19.5,1.0793,47.82,58.98,1.048,1775.8,0,82.562,23.582,103898.36,230.348
TRIP-2837,VESSEL-005,Neo-Panamax Green,110000,102000,16500,158.0,Hydrogen,2.98,2800.0,0.08,2141.0,14.24,56357.3,0.5525,4,1.8,21.2,1.1068,150.35,91.659,1.016,1454.5,0,121.195,29.536,368346.0,35.147
TRIP-2838,VESSEL-001,Handysize Bulk,35000,32000,7200,175.0,LNG,1.15,780.0,0.78,4141.6,14.04,29853.1,0.9329,3,2.37,17.8,1.0767,294.99,235.86,1.064,671.4,1,303.57,67.71,250034.6,846.96
TRIP-2839,VESSEL-005,Neo-Panamax Green,110000,102000,16500,158.0,LNG,1.15,780.0,0.78,4197.8,10.54,59791.0,0.5862,2,0.79,14.0,1.046,398.27,257.295,1.016,1421.9,0,375.454,118.159,321854.12,1047.517
TRIP-2840,VESSEL-003,Capesize Bulk,180000,170000,21000,162.0,HFO,1.0,620.0,1.0,1689.1,10.84,136550.3,0.8032,4,3.53,16.7,1.1,155.82,173.862,1.048,1829.3,0,255.552,81.69,197942.24,914.876
TRIP-2841,VESSEL-005,Neo-Panamax Green,110000,102000,16500,158.0,Methanol,0.5,950.0,0.35,3380.2,15.44,79811.5,0.7825,3,2.55,23.1,1.0847,218.92,1072.716,1.016,1400.9,1,1360.102,287.386,1316596.9,1700.128
TRIP-2842,VESSEL-001,Handysize Bulk,35000,32000,7200,175.0,LNG,1.15,780.0,0.78,2559.0,12.9,20747.5,0.6484,3,2.5,19.8,1.0797,198.37,115.062,1.064,718.3,1,152.427,37.365,132143.06,425.271
TRIP-2843,VESSEL-002,Panamax Bulk,75000,70000,12500,168.0,LNG,1.15,780.0,0.78,1262.9,12.41,47577.4,0.6797,4,2.86,18.4,1.1026,101.76,88.553,1.04,1103.3,1,116.941,28.388,110463.98,326.265
TRIP-2844,VESSEL-004,Feeder Container,22000,18500,9800,180.0,Methanol,0.5,950.0,0.35,2264.8,11.81,10496.1,0.5674,1,0.32,4.4,1.0066,191.77,266.377,1.032,887.8,0,346.723,80.346,345186.85,433.404
TRIP-2845,VESSEL-005,Neo-Panamax Green,110000,102000,16500,158.0,Hydrogen,2.98,2800.0,0.08,3042.4,13.91,86081.1,0.8439,3,2.24,19.6,1.0794,218.72,133.412,1.016,1408.5,1,171.459,38.047,504585.2,49.723
TRIP-2846,VESSEL-001,Handysize Bulk,35000,32000,7200,175.0,LNG,1.15,780.0,0.78,1433.9,9.99,21503.4,0.672,6,3.57,24.2,1.1613,143.53,38.888,1.064,635.3,0,63.151,24.263,67007.78,176.191
TRIP-2847,VESSEL-002,Panamax Bulk,75000,70000,12500,168.0,LNG,1.15,780.0,0.78,4092.2,14.86,63373.0,0.9053,4,2.75,31.7,1.1225,275.38,434.231,1.04,1144.6,1,587.458,153.227,477467.24,1639.008
TRIP-2848,VESSEL-001,Handysize Bulk,35000,32000,7200,175.0,LNG,1.15,780.0,0.78,3674.4,9.04,13371.8,0.4179,1,0.43,5.8,1.0087,406.46,76.587,1.064,686.0,1,126.23,49.643,111709.4,352.182
TRIP-2849,VESSEL-001,Handysize Bulk,35000,32000,7200,175.0,LNG,1.15,780.0,0.78,3961.2,10.14,27102.3,0.8469,1,0.38,9.1,1.0136,390.65,115.364,1.064,706.4,1,174.114,58.75,149058.92,485.778
TRIP-2850,VESSEL-003,Capesize Bulk,180000,170000,21000,162.0,HFO,1.0,620.0,1.0,3542.4,10.64,127497.6,0.75,3,2.63,23.1,1.0847,332.93,346.793,1.048,1800.1,0,522.524,175.731,363464.88,1870.636
TRIP-2851,VESSEL-003,Capesize Bulk,180000,170000,21000,162.0,Ammonia,0.46,1100.0,0.15,3533.3,15.37,167169.2,0.9833,7,3.56,51.3,1.2269,229.88,1658.373,1.048,1763.0,1,2320.62,662.247,2587682.0,1253.135
TRIP-2852,VESSEL-004,Feeder Container,22000,18500,9800,180.0,Hydrogen,2.98,2800.0,0.08,4195.5,13.28,9052.5,0.4893,4,2.17,17.3,1.1009,315.93,102.805,1.032,893.9,1,132.252,29.447,381605.6,38.353
TRIP-2853,VESSEL-003,Capesize Bulk,180000,170000,21000,162.0,LNG,1.15,780.0,0.78,2126.0,11.73,167947.8,0.9879,2,1.02,13.7,1.0455,181.24,232.716,1.048,1823.7,0,315.104,82.388,285281.12,879.14
TRIP-2854,VESSEL-004,Feeder Container,22000,18500,9800,180.0,Methanol,0.5,950.0,0.35,3278.7,14.52,15237.7,0.8237,2,0.72,12.2,1.0433,225.81,617.401,1.032,925.8,1,776.014,158.613,748513.3,970.018
TRIP-2855,VESSEL-005,Neo-Panamax Green,110000,102000,16500,158.0,Ammonia,0.46,1100.0,0.15,3074.6,13.78,42857.4,0.4202,4,1.23,20.6,1.1059,223.12,771.887,1.016,1379.2,1,942.298,170.411,1061027.8,508.841
TRIP-2856,VESSEL-005,Neo-Panamax Green,110000,102000,16500,158.0,LNG,1.15,780.0,0.78,3364.5,11.18,65412.9,0.6413,3,1.46,25.9,1.0889,300.94,235.222,1.016,1463.6,1,317.671,82.449,272283.38,886.302
TRIP-2857,VESSEL-003,Capesize Bulk,180000,170000,21000,162.0,LNG,1.15,780.0,0.78,3578.9,11.41,108348.4,0.6373,4,3.24,31.7,1.1225,313.66,340.739,1.048,1808.1,0,485.933,145.194,418527.74,1355.753
TRIP-2858,VESSEL-003,Capesize Bulk,180000,170000,21000,162.0,HFO,1.0,620.0,1.0,625.8,11.49,142649.7,0.8391,4,3.18,17.1,1.1006,54.46,72.99,1.048,1736.2,0,100.089,27.099,101555.18,358.319
TRIP-2859,VESSEL-001,Handysize Bulk,35000,32000,7200,175.0,HFO,1.0,620.0,1.0,2846.3,12.2,25249.4,0.789,3,1.8,21.0,1.0815,233.3,136.141,1.064,637.9,0,187.409,51.268,133943.58,670.924
TRIP-2860,VESSEL-005,Neo-Panamax Green,110000,102000,16500,158.0,Ammonia,0.46,1100.0,0.15,2351.5,11.76,38460.8,0.3771,5,3.96,25.1,1.1377,199.96,425.132,1.016,1461.0,1,611.267,186.135,696893.7,330.084
TRIP-2861,VESSEL-005,Neo-Panamax Green,110000,102000,16500,158.0,Hydrogen,2.98,2800.0,0.08,2521.4,10.2,67863.0,0.6653,1,0.85,9.7,1.0146,247.2,56.96,1.016,1450.1,0,85.825,28.865,269310.0,24.889
TRIP-2862,VESSEL-002,Panamax Bulk,75000,70000,12500,168.0,LNG,1.15,780.0,0.78,1764.0,15.37,53971.1,0.771,2,1.76,10.0,1.04,114.77,193.997,1.04,1130.6,1,237.128,43.131,204209.84,661.587
TRIP-2863,VESSEL-002,Panamax Bulk,75000,70000,12500,168.0,LNG,1.15,780.0,0.78,3396.5,12.48,58054.1,0.8293,2,1.1,12.6,1.0439,272.16,249.72,1.04,1060.4,0,330.838,81.118,281803.64,923.038
TRIP-2864,VESSEL-002,Panamax Bulk,75000,70000,12500,168.0,Methanol,0.5,950.0,0.35,3273.0,11.97,65696.5,0.9385,2,1.28,9.0,1.0385,273.43,522.311,1.04,1074.5,1,674.451,152.14,659978.45,843.064
TRIP-2865,VESSEL-002,Panamax Bulk,75000,70000,12500,168.0,Ammonia,0.46,1100.0,0.15,1259.8,14.85,32053.0,0.4579,3,1.56,22.4,1.0836,84.84,299.029,1.04,1109.9,1,397.152,98.123,456117.2,214.462
TRIP-2866,VESSEL-004,Feeder Container,22000,18500,9800,180.0,HFO,1.0,620.0,1.0,2331.9,13.9,16130.2,0.8719,4,3.3,16.5,1.0998,167.76,203.315,1.032,888.7,1,267.08,63.765,176889.6,956.146
TRIP-2867,VESSEL-004,Feeder Container,22000,18500,9800,180.0,HFO,1.0,620.0,1.0,1656.6,15.07,16418.7,0.8875,1,0.59,11.3,1.017,109.93,170.353,1.032,913.0,1,195.452,25.099,132480.24,699.718
TRIP-2868,VESSEL-001,Handysize Bulk,35000,32000,7200,175.0,Methanol,0.5,950.0,0.35,3869.9,11.34,13765.8,0.4302,2,0.87,17.0,1.0505,341.26,292.86,1.064,724.1,1,421.812,128.952,413971.4,527.265
TRIP-2869,VESSEL-001,Handysize Bulk,35000,32000,7200,175.0,Methanol,0.5,950.0,0.35,3408.1,11.86,31409.2,0.9815,3,2.19,25.0,1.0875,287.36,322.056,1.064,679.9,0,474.858,152.802,468865.1,593.572
TRIP-2870,VESSEL-004,Feeder Container,22000,18500,9800,180.0,Methanol,0.5,950.0,0.35,2679.6,16.58,14958.4,0.8086,6,2.87,30.5,1.1707,161.62,655.756,1.032,858.2,1,811.159,155.403,781901.05,1013.949
TRIP-2871,VESSEL-003,Capesize Bulk,180000,170000,21000,162.0,LNG,1.15,780.0,0.78,1791.2,13.58,131544.2,0.7738,1,0.45,8.7,1.0131,131.9,249.834,1.048,1811.3,0,301.05,51.216,274319.0,839.93
TRIP-2872,VESSEL-002,Panamax Bulk,75000,70000,12500,168.0,LNG,1.15,780.0,0.78,1971.6,10.03,50570.6,0.7224,2,0.98,10.3,1.0404,196.57,91.257,1.04,1091.2,0,136.914,45.657,130542.92,381.99
TRIP-2873,VESSEL-004,Feeder Container,22000,18500,9800,180.0,HFO,1.0,620.0,1.0,832.3,11.87,17877.6,0.9664,5,4.0,33.6,1.1504,70.12,53.999,1.032,925.2,0,76.308,22.309,63110.96,273.183
TRIP-2874,VESSEL-003,Capesize Bulk,180000,170000,21000,162.0,Ammonia,0.46,1100.0,0.15,604.2,11.87,123107.2,0.7242,3,1.34,20.5,1.0808,50.9,159.024,1.048,1828.5,1,218.128,59.104,274940.8,117.789
TRIP-2875,VESSEL-002,Panamax Bulk,75000,70000,12500,168.0,Methanol,0.5,950.0,0.35,766.3,11.71,60215.2,0.8602,6,3.3,31.2,1.1718,65.44,114.919,1.04,1147.4,0,170.105,55.186,185349.75,212.631
TRIP-2876,VESSEL-004,Feeder Container,22000,18500,9800,180.0,Methanol,0.5,950.0,0.35,2436.8,13.72,8383.9,0.4532,4,1.86,32.0,1.123,177.61,376.617,1.032,853.5,0,502.537,125.92,493210.15,628.171
TRIP-2877,VESSEL-001,Handysize Bulk,35000,32000,7200,175.0,LNG,1.15,780.0,0.78,3338.5,13.67,31025.2,0.9695,2,1.77,18.1,1.0521,244.22,181.734,1.064,642.3,0,240.708,58.974,205502.24,671.575
TRIP-2878,VESSEL-005,Neo-Panamax Green,110000,102000,16500,158.0,LNG,1.15,780.0,0.78,1259.6,10.42,77284.0,0.7577,3,2.3,15.5,1.0733,120.88,78.689,1.016,1409.3,1,120.319,41.63,118348.82,335.69
TRIP-2879,VESSEL-003,Capesize Bulk,180000,170000,21000,162.0,Ammonia,0.46,1100.0,0.15,2439.9,13.59,60975.4,0.3587,3,2.11,14.4,1.0716,179.54,766.345,1.048,1754.1,0,977.644,211.299,1114908.4,527.928
TRIP-2880,VESSEL-002,Panamax Bulk,75000,70000,12500,168.0,Ammonia,0.46,1100.0,0.15,3652.5,12.77,69402.6,0.9915,2,1.04,18.1,1.0521,286.02,729.891,1.04,1139.8,0,948.85,218.959,1067485.0,512.379
TRIP-2881,VESSEL-003,Capesize Bulk,180000,170000,21000,162.0,HFO,1.0,620.0,1.0,1339.9,14.89,117282.7,0.6899,3,2.6,13.1,1.0696,89.99,253.142,1.048,1740.9,1,313.463,60.321,229347.06,1122.198
TRIP-2882,VESSEL-004,Feeder Container,22000,18500,9800,180.0,HFO,1.0,620.0,1.0,576.4,15.4,9416.9,0.509,2,1.08,15.0,1.0475,37.43,56.863,1.032,927.0,0,67.673,10.81,57757.26,242.269
TRIP-2883,VESSEL-001,Handysize Bulk,35000,32000,7200,175.0,HFO,1.0,620.0,1.0,2383.8,9.54,15164.9,0.4739,4,3.26,28.6,1.1179,249.87,64.553,1.064,627.5,1,109.885,45.332,81378.7,393.388
TRIP-2884,VESSEL-003,Capesize Bulk,180000,170000,21000,162.0,Ammonia,0.46,1100.0,0.15,1738.8,10.03,149961.7,0.8821,4,2.86,21.2,1.1068,173.36,339.433,1.048,1829.5,0,535.211,195.778,628232.1,289.014
TRIP-2885,VESSEL-001,Handysize Bulk,35000,32000,7200,175.0,HFO,1.0,620.0,1.0,1910.8,13.91,13678.9,0.4275,4,3.1,32.2,1.1233,137.37,108.712,1.064,705.0,1,141.414,32.702,100926.68,506.262
TRIP-2886,VESSEL-002,Panamax Bulk,75000,70000,12500,168.0,Methanol,0.5,950.0,0.35,4017.5,9.91,60232.6,0.8605,3,1.19,19.0,1.0785,405.4,431.527,1.04,1089.3,0,667.438,235.911,657816.1,834.298
TRIP-2887,VESSEL-004,Feeder Container,22000,18500,9800,180.0,HFO,1.0,620.0,1.0,3714.1,12.22,11050.3,0.5973,4,1.33,24.7,1.112,303.94,235.467,1.032,843.1,1,304.403,68.936,200029.86,1089.763
TRIP-2888,VESSEL-005,Neo-Panamax Green,110000,102000,16500,158.0,Hydrogen,2.98,2800.0,0.08,2711.5,11.26,50599.1,0.4961,2,1.79,10.1,1.0401,240.81,71.55,1.016,1450.6,0,99.996,28.446,308988.8,28.999
TRIP-2889,VESSEL-002,Panamax Bulk,75000,70000,12500,168.0,Methanol,0.5,950.0,0.35,595.2,10.96,68946.0,0.9849,4,1.79,29.8,1.1197,54.31,80.49,1.04,1081.1,0,118.328,37.838,136161.6,147.91
TRIP-2890,VESSEL-002,Panamax Bulk,75000,70000,12500,168.0,HFO,1.0,620.0,1.0,2005.3,10.29,57469.2,0.821,2,1.49,9.1,1.0386,194.88,115.037,1.04,1107.5,1,162.421,47.384,119951.02,581.467
TRIP-2891,VESSEL-003,Capesize Bulk,180000,170000,21000,162.0,HFO,1.0,620.0,1.0,3788.0,12.92,59507.5,0.35,1,0.76,7.8,1.0117,293.19,493.501,1.048,1782.4,1,632.585,139.084,427202.7,2264.654
TRIP-2892,VESSEL-003,Capesize Bulk,180000,170000,21000,162.0,Ammonia,0.46,1100.0,0.15,551.0,10.4,66824.3,0.3931,2,1.42,11.5,1.0422,52.98,102.288,1.048,1764.3,0,146.455,44.167,200600.5,79.086
TRIP-2893,VESSEL-005,Neo-Panamax Green,110000,102000,16500,158.0,LNG,1.15,780.0,0.78,1654.9,11.53,86394.7,0.847,2,0.6,11.0,1.0415,143.53,129.297,1.016,1391.8,1,166.716,37.419,154538.48,465.138
TRIP-2894,VESSEL-004,Feeder Container,22000,18500,9800,180.0,Hydrogen,2.98,2800.0,0.08,710.0,12.99,9010.7,0.4871,4,2.42,17.9,1.1018,54.66,16.638,1.032,856.1,1,21.753,5.115,72208.4,6.308
TRIP-2895,VESSEL-005,Neo-Panamax Green,110000,102000,16500,158.0,Ammonia,0.46,1100.0,0.15,3743.6,13.33,80824.9,0.7924,4,1.25,18.1,1.1021,280.84,964.819,1.016,1455.3,1,1241.9,277.081,1390590.0,670.626
TRIP-2896,VESSEL-003,Capesize Bulk,180000,170000,21000,162.0,LNG,1.15,780.0,0.78,946.1,10.62,122604.5,0.7212,2,1.67,19.0,1.0535,89.09,79.678,1.048,1785.0,1,118.168,38.49,127171.04,329.689
TRIP-2897,VESSEL-001,Handysize Bulk,35000,32000,7200,175.0,Methanol,0.5,950.0,0.35,2023.2,12.83,14995.3,0.4686,3,1.55,14.5,1.0717,157.69,197.918,1.064,699.6,0,264.439,66.521,268967.05,330.549
TRIP-2898,VESSEL-001,Handysize Bulk,35000,32000,7200,175.0,HFO,1.0,620.0,1.0,3588.6,13.67,23900.8,0.7469,3,1.84,20.6,1.0809,262.52,213.372,1.064,663.1,1,273.744,60.372,182971.28,980.004
TRIP-2899,VESSEL-003,Capesize Bulk,180000,170000,21000,162.0,HFO,1.0,620.0,1.0,505.4,12.01,113226.5,0.666,5,2.36,25.2,1.1378,42.08,61.748,1.048,1812.0,1,90.494,28.746,91106.28,323.969
TRIP-2900,VESSEL-002,Panamax Bulk,75000,70000,12500,168.0,LNG,1.15,780.0,0.78,795.4,14.19,28533.0,0.4076,2,0.64,13.5,1.0453,56.05,68.047,1.04,1089.5,1,81.645,13.598,82933.1,227.79
TRIP-2901,VESSEL-004,Feeder Container,22000,18500,9800,180.0,HFO,1.0,620.0,1.0,2814.1,15.54,17700.3,0.9568,3,2.08,23.0,1.0845,181.09,312.291,1.032,923.9,0,374.22,61.929,247816.4,1339.708
TRIP-2902,VESSEL-004,Feeder Container,22000,18500,9800,180.0,Methanol,0.5,950.0,0.35,3070.7,11.49,12950.7,0.7,4,2.6,19.2,1.1038,267.25,352.325,1.032,930.5,0,490.267,137.942,481553.65,612.834
TRIP-2903,VESSEL-003,Capesize Bulk,180000,170000,21000,162.0,LNG,1.15,780.0,0.78,3823.4,10.52,75347.8,0.4432,4,2.08,26.9,1.1153,363.44,294.392,1.048,1775.7,1,455.241,160.849,390087.98,1270.122
TRIP-2904,VESSEL-001,Handysize Bulk,35000,32000,7200,175.0,HFO,1.0,620.0,1.0,2120.8,11.97,25201.3,0.7875,2,1.09,18.0,1.052,177.18,97.62,1.064,642.4,0,130.499,32.879,98659.38,467.186
TRIP-2905,VESSEL-003,Capesize Bulk,180000,170000,21000,162.0,LNG,1.15,780.0,0.78,674.8,10.7,158051.0,0.9297,4,2.1,16.9,1.1003,63.07,60.644,1.048,1814.3,0,87.484,26.84,107737.52,244.08
TRIP-2906,VESSEL-005,Neo-Panamax Green,110000,102000,16500,158.0,Ammonia,0.46,1100.0,0.15,1727.6,13.69,62004.8,0.6079,3,0.96,21.0,1.0815,126.19,449.01,1.016,1430.6,0,551.346,102.336,635480.6,297.727
TRIP-2907,VESSEL-005,Neo-Panamax Green,110000,102000,16500,158.0,LNG,1.15,780.0,0.78,666.4,11.43,92406.6,0.9059,3,2.04,24.8,1.0872,58.3,51.871,1.016,1456.8,1,72.504,20.633,81053.12,202.286
TRIP-2908,VESSEL-003,Capesize Bulk,180000,170000,21000,162.0,HFO,1.0,620.0,1.0,2846.2,15.47,103991.8,0.6117,3,1.67,19.7,1.0796,183.98,569.176,1.048,1765.6,1,716.965,147.789,479518.3,2566.735
TRIP-2909,VESSEL-001,Handysize Bulk,35000,32000,7200,175.0,Methanol,0.5,950.0,0.35,4087.4,12.79,16005.5,0.5002,4,1.67,28.8,1.1182,319.58,400.557,1.064,643.4,1,557.397,156.84,542777.15,696.746
TRIP-2910,VESSEL-004,Feeder Container,22000,18500,9800,180.0,Hydrogen,2.98,2800.0,0.08,1554.5,13.44,17847.9,0.9648,2,1.79,11.3,1.0419,115.66,43.372,1.032,902.0,0,52.489,9.117,162769.2,15.222
TRIP-2911,VESSEL-003,Capesize Bulk,180000,170000,21000,162.0,HFO,1.0,620.0,1.0,1044.7,13.66,139579.9,0.8211,4,2.88,19.4,1.1041,76.48,171.495,1.048,1794.9,1,234.248,62.753,180233.76,838.608
TRIP-2912,VESSEL-003,Capesize Bulk,180000,170000,21000,162.0,Ammonia,0.46,1100.0,0.15,966.5,13.33,139589.8,0.8211,4,2.19,29.6,1.1194,72.51,328.464,1.048,1789.9,0,429.97,101.506,512467.0,232.184
TRIP-2913,VESSEL-002,Panamax Bulk,75000,70000,12500,168.0,Methanol,0.5,950.0,0.35,1169.6,10.31,49411.7,0.7059,4,3.52,22.1,1.1081,113.44,131.029,1.04,1093.5,1,191.102,60.073,200796.9,238.877
TRIP-2914,VESSEL-001,Handysize Bulk,35000,32000,7200,175.0,LNG,1.15,780.0,0.78,1687.4,11.4,21991.3,0.6872,2,1.49,8.7,1.038,148.02,59.815,1.064,657.3,1,81.308,21.493,76670.24,226.849
TRIP-2915,VESSEL-002,Panamax Bulk,75000,70000,12500,168.0,LNG,1.15,780.0,0.78,3620.2,12.93,38248.5,0.5464,2,0.88,13.8,1.0457,279.98,266.553,1.04,1063.6,1,345.687,79.134,288885.86,964.467
TRIP-2916,VESSEL-001,Handysize Bulk,35000,32000,7200,175.0,HFO,1.0,620.0,1.0,1649.9,9.44,27136.7,0.848,4,2.42,20.7,1.106,174.78,47.905,1.064,721.3,1,83.046,35.141,64738.52,297.305
TRIP-2917,VESSEL-005,Neo-Panamax Green,110000,102000,16500,158.0,Methanol,0.5,950.0,0.35,2762.9,12.55,78743.3,0.772,4,1.29,21.0,1.1065,220.15,577.86,1.016,1460.9,0,785.072,207.212,774818.4,981.34
TRIP-2918,VESSEL-002,Panamax Bulk,75000,70000,12500,168.0,LNG,1.15,780.0,0.78,1968.4,13.69,59825.9,0.8547,5,3.14,33.6,1.1504,143.78,175.182,1.04,1059.5,1,234.918,59.736,202486.04,655.421
TRIP-2919,VESSEL-004,Feeder Container,22000,18500,9800,180.0,Hydrogen,2.98,2800.0,0.08,1098.4,16.82,16496.2,0.8917,3,1.13,24.2,1.0863,65.3,47.256,1.032,917.7,1,57.559,10.303,172465.2,16.692
TRIP-2920,VESSEL-003,Capesize Bulk,180000,170000,21000,162.0,LNG,1.15,780.0,0.78,4010.8,12.37,66816.5,0.393,3,2.57,24.3,1.0865,324.24,421.349,1.048,1812.9,1,590.892,169.543,495895.76,1648.589
TRIP-2921,VESSEL-001,Handysize Bulk,35000,32000,7200,175.0,LNG,1.15,780.0,0.78,549.8,10.78,23754.6,0.7423,1,0.71,11.1,1.0167,51.0,17.657,1.064,711.5,0,25.939,8.282,37982.42,72.37
TRIP-2922,VESSEL-002,Panamax Bulk,75000,70000,12500,168.0,Methanol,0.5,950.0,0.35,1822.0,13.76,51557.3,0.7365,4,3.45,30.8,1.1212,132.41,366.3,1.04,1074.3,0,494.487,128.187,493512.65,618.109
TRIP-2923,VESSEL-002,Panamax Bulk,75000,70000,12500,168.0,LNG,1.15,780.0,0.78,2746.7,14.51,68915.1,0.9845,2,1.06,8.1,1.0372,189.3,283.016,1.04,1110.3,1,344.772,61.756,288172.16,961.914
TRIP-2924,VESSEL-004,Feeder Container,22000,18500,9800,180.0,HFO,1.0,620.0,1.0,2760.2,14.36,7603.1,0.411,3,2.61,19.2,1.0788,192.21,231.32,1.032,841.2,1,297.168,65.848,195544.16,1063.861
TRIP-2925,VESSEL-002,Panamax Bulk,75000,70000,12500,168.0,Methanol,0.5,950.0,0.35,3249.8,10.46,44932.1,0.6419,1,0.32,9.4,1.0141,310.69,368.904,1.04,1122.5,0,520.891,151.987,518596.45,651.114
TRIP-2926,VESSEL-004,Feeder Container,22000,18500,9800,180.0,HFO,1.0,620.0,1.0,1104.5,12.81,10548.8,0.5702,3,2.53,15.1,1.0727,86.22,76.468,1.032,902.4,0,102.566,26.098,79390.92,367.186
TRIP-2927,VESSEL-003,Capesize Bulk,180000,170000,21000,162.0,Ammonia,0.46,1100.0,0.15,2083.5,11.93,163041.7,0.9591,4,2.65,18.4,1.1026,174.64,585.85,1.048,1824.0,0,804.35,218.5,924285.0,434.349
TRIP-2928,VESSEL-004,Feeder Container,22000,18500,9800,180.0,Methanol,0.5,950.0,0.35,1783.0,11.65,13930.2,0.753,3,0.91,25.7,1.0886,153.05,212.812,1.032,851.1,1,288.944,76.132,285796.8,361.18
TRIP-2929,VESSEL-002,Panamax Bulk,75000,70000,12500,168.0,Methanol,0.5,950.0,0.35,1064.5,10.53,29582.9,0.4226,2,0.8,15.4,1.0481,101.09,115.802,1.04,1092.1,1,166.669,50.867,177585.55,208.336
TRIP-2930,VESSEL-005,Neo-Panamax Green,110000,102000,16500,158.0,Ammonia,0.46,1100.0,0.15,1006.1,12.52,40467.1,0.3967,4,2.86,27.5,1.1162,80.36,207.233,1.016,1425.2,1,283.941,76.708,336835.1,153.328
TRIP-2931,VESSEL-004,Feeder Container,22000,18500,9800,180.0,Hydrogen,2.98,2800.0,0.08,1665.1,11.69,13066.6,0.7063,3,1.27,23.7,1.0856,142.44,33.228,1.032,934.0,1,46.969,13.741,142813.2,13.621
TRIP-2932,VESSEL-005,Neo-Panamax Green,110000,102000,16500,158.0,Hydrogen,2.98,2800.0,0.08,1346.6,12.4,85825.5,0.8414,3,2.17,22.4,1.0836,108.6,46.899,1.016,1390.7,1,60.794,13.895,194723.2,17.63
TRIP-2933,VESSEL-002,Panamax Bulk,75000,70000,12500,168.0,Methanol,0.5,950.0,0.35,3694.4,10.8,49185.2,0.7026,6,4.49,24.1,1.1611,342.07,453.804,1.04,1063.5,0,663.101,209.297,653695.95,828.876
TRIP-2934,VESSEL-005,Neo-Panamax Green,110000,102000,16500,158.0,Methanol,0.5,950.0,0.35,1874.7,14.31,88505.5,0.8677,3,1.47,18.1,1.0772,131.01,521.448,1.016,1431.0,1,625.68,104.232,618896.0,782.1
TRIP-2935,VESSEL-002,Panamax Bulk,75000,70000,12500,168.0,LNG,1.15,780.0,0.78,1387.1,14.9,45870.6,0.6553,5,3.71,32.8,1.1492,93.09,139.369,1.04,1124.5,0,183.634,44.265,166984.52,512.339
TRIP-2936,VESSEL-004,Feeder Container,22000,18500,9800,180.0,Methanol,0.5,950.0,0.35,1862.6,16.98,13426.6,0.7258,1,0.65,4.9,1.0073,109.69,469.397,1.032,908.3,1,524.908,55.511,509962.6,656.135
TRIP-2937,VESSEL-002,Panamax Bulk,75000,70000,12500,168.0,LNG,1.15,780.0,0.78,2241.1,11.35,34630.7,0.4947,5,2.39,38.1,1.1572,197.45,125.479,1.04,1055.4,0,187.477,61.998,169982.06,523.061
TRIP-2938,VESSEL-003,Capesize Bulk,180000,170000,21000,162.0,LNG,1.15,780.0,0.78,1537.7,10.82,96213.4,0.566,4,2.88,32.2,1.1233,142.12,129.301,1.048,1802.4,1,193.149,63.848,185656.22,538.886
TRIP-2939,VESSEL-002,Panamax Bulk,75000,70000,12500,168.0,LNG,1.15,780.0,0.78,1610.3,14.8,37978.8,0.5426,4,1.75,31.5,1.1222,108.8,155.185,1.04,1103.5,0,206.532,51.347,184844.96,576.224
TRIP-2940,VESSEL-004,Feeder Container,22000,18500,9800,180.0,Methanol,0.5,950.0,0.35,3561.9,15.45,12560.6,0.679,3,1.37,19.8,1.0797,230.54,735.431,1.032,840.4,1,878.773,143.342,846134.35,1098.466
TRIP-2941,VESSEL-004,Feeder Container,22000,18500,9800,180.0,Hydrogen,2.98,2800.0,0.08,3065.1,11.3,9028.2,0.488,4,3.14,29.3,1.1189,271.25,54.363,1.032,847.0,1,78.17,23.807,230176.0,22.669
TRIP-2942,VESSEL-002,Panamax Bulk,75000,70000,12500,168.0,HFO,1.0,620.0,1.0,3103.5,14.42,38136.1,0.5448,2,0.61,17.5,1.0513,215.22,326.709,1.04,1102.4,1,403.057,76.348,269145.34,1442.944
TRIP-2943,VESSEL-003,Capesize Bulk,180000,170000,21000,162.0,Ammonia,0.46,1100.0,0.15,2395.2,15.74,127463.8,0.7498,2,1.59,17.1,1.0506,152.17,1115.468,1.048,1771.7,1,1329.257,213.789,1497182.7,717.799
TRIP-2944,VESSEL-003,Capesize Bulk,180000,170000,21000,162.0,HFO,1.0,620.0,1.0,1879.0,11.41,103022.2,0.606,5,3.01,28.9,1.1434,164.68,204.116,1.048,1811.8,0,315.633,111.517,235192.46,1129.966
TRIP-2945,VESSEL-002,Panamax Bulk,75000,70000,12500,168.0,Methanol,0.5,950.0,0.35,2444.8,9.63,55803.2,0.7972,5,3.0,24.4,1.1366,253.87,244.278,1.04,1130.5,0,404.172,159.894,407713.4,505.215
TRIP-2946,VESSEL-001,Handysize Bulk,35000,32000,7200,175.0,LNG,1.15,780.0,0.78,2335.3,9.28,11957.4,0.3737,2,0.61,11.3,1.0419,251.65,50.711,1.064,673.7,0,84.619,33.908,83752.82,236.087
TRIP-2947,VESSEL-003,Capesize Bulk,180000,170000,21000,162.0,Ammonia,0.46,1100.0,0.15,2426.1,12.22,81078.4,0.4769,3,2.33,24.7,1.0871,198.54,635.751,1.048,1738.7,1,871.113,235.362,993224.3,470.401
TRIP-2948,VESSEL-003,Capesize Bulk,180000,170000,21000,162.0,LNG,1.15,780.0,0.78,652.2,15.52,98341.3,0.5785,3,2.22,18.2,1.0773,42.02,113.183,1.048,1805.8,1,140.785,27.602,144812.3,392.79
TRIP-2949,VESSEL-001,Handysize Bulk,35000,32000,7200,175.0,HFO,1.0,620.0,1.0,3991.3,13.48,22758.3,0.7112,5,2.95,26.4,1.1396,296.09,228.804,1.064,686.2,1,316.897,88.093,209726.14,1134.491
TRIP-2950,VESSEL-004,Feeder Container,22000,18500,9800,180.0,HFO,1.0,620.0,1.0,4002.3,11.86,9344.7,0.5051,2,0.63,8.7,1.038,337.46,233.954,1.032,911.5,1,326.528,92.574,213747.36,1168.97
TRIP-2951,VESSEL-002,Panamax Bulk,75000,70000,12500,168.0,HFO,1.0,620.0,1.0,1434.9,10.35,48147.0,0.6878,7,3.22,34.0,1.201,138.64,80.647,1.04,1112.4,0,129.442,48.795,104004.04,463.402
TRIP-2952,VESSEL-005,Neo-Panamax Green,110000,102000,16500,158.0,LNG,1.15,780.0,0.78,2221.4,13.39,45380.8,0.4449,2,0.87,18.5,1.0527,165.9,211.986,1.016,1406.2,0,266.361,54.375,236761.58,743.147
TRIP-2953,VESSEL-001,Handysize Bulk,35000,32000,7200,175.0,Methanol,0.5,950.0,0.35,692.1,13.68,31584.2,0.987,3,1.84,17.3,1.0759,50.59,87.118,1.064,711.2,0,108.741,21.623,121053.95,135.926
TRIP-2954,VESSEL-005,Neo-Panamax Green,110000,102000,16500,158.0,Methanol,0.5,950.0,0.35,2645.6,10.79,66469.2,0.6517,4,2.19,28.5,1.1178,245.19,397.26,1.016,1383.1,1,593.844,196.584,588651.8,742.305
TRIP-2955,VESSEL-004,Feeder Container,22000,18500,9800,180.0,Methanol,0.5,950.0,0.35,1657.7,17.23,13444.3,0.7267,2,1.01,13.9,1.0458,96.21,430.258,1.032,853.6,1,497.211,66.953,483650.45,621.514
TRIP-2956,VESSEL-001,Handysize Bulk,35000,32000,7200,175.0,Methanol,0.5,950.0,0.35,611.9,9.11,12103.3,0.3782,6,2.21,27.3,1.166,67.17,29.487,1.064,674.4,1,53.592,24.105,64162.4,66.99
TRIP-2957,VESSEL-003,Capesize Bulk,180000,170000,21000,162.0,HFO,1.0,620.0,1.0,1060.6,11.07,158944.4,0.935,1,0.69,7.1,1.0107,95.81,117.462,1.048,1783.1,0,155.948,38.486,136187.76,558.294
TRIP-2958,VESSEL-004,Feeder Container,22000,18500,9800,180.0,Hydrogen,2.98,2800.0,0.08,820.7,12.87,7063.9,0.3818,4,3.39,18.6,1.1029,63.77,18.411,1.032,858.9,1,24.633,6.222,80272.4,7.144
TRIP-2959,VESSEL-003,Capesize Bulk,180000,170000,21000,162.0,LNG,1.15,780.0,0.78,833.5,10.55,155418.1,0.9142,2,0.71,9.1,1.0386,79.0,72.548,1.048,1782.4,1,105.486,32.938,117279.08,294.306
TRIP-2960,VESSEL-002,Panamax Bulk,75000,70000,12500,168.0,LNG,1.15,780.0,0.78,4008.4,12.0,60555.9,0.8651,1,0.65,10.9,1.0164,334.03,274.774,1.04,1115.3,1,359.494,84.72,299655.32,1002.988
TRIP-2961,VESSEL-002,Panamax Bulk,75000,70000,12500,168.0,HFO,1.0,620.0,1.0,4069.6,14.01,57124.3,0.8161,5,3.95,21.7,1.1326,290.48,432.261,1.04,1073.9,0,595.093,162.832,392707.66,2130.433
TRIP-2962,VESSEL-003,Capesize Bulk,180000,170000,21000,162.0,LNG,1.15,780.0,0.78,2585.6,15.04,137188.2,0.807,5,1.83,34.3,1.1515,171.91,445.894,1.048,1744.7,0,595.957,150.063,504346.46,1662.72
TRIP-2963,VESSEL-004,Feeder Container,22000,18500,9800,180.0,HFO,1.0,620.0,1.0,2659.4,14.08,7064.2,0.3818,2,0.61,16.3,1.0494,188.88,212.779,1.032,849.5,0,262.587,49.808,178603.94,940.061
TRIP-2964,VESSEL-001,Handysize Bulk,35000,32000,7200,175.0,HFO,1.0,620.0,1.0,517.0,11.22,24616.4,0.7693,5,1.73,38.0,1.157,46.08,20.819,1.064,720.9,1,32.606,11.787,33465.72,116.729
TRIP-2965,VESSEL-002,Panamax Bulk,75000,70000,12500,168.0,LNG,1.15,780.0,0.78,1252.3,10.35,56630.6,0.809,5,2.45,26.5,1.1398,121.0,63.022,1.04,1141.8,1,102.326,39.304,99064.28,285.49
TRIP-2966,VESSEL-002,Panamax Bulk,75000,70000,12500,168.0,Ammonia,0.46,1100.0,0.15,2432.0,14.78,30006.9,0.4287,4,2.73,23.6,1.1104,164.55,567.472,1.04,1051.7,0,716.568,149.096,811974.8,386.947
TRIP-2967,VESSEL-004,Feeder Container,22000,18500,9800,180.0,Methanol,0.5,950.0,0.35,500.9,12.2,7777.8,0.4204,2,1.52,17.8,1.0517,41.06,60.741,1.032,858.0,0,78.49,17.749,90365.5,98.112
TRIP-2968,VESSEL-003,Capesize Bulk,180000,170000,21000,162.0,LNG,1.15,780.0,0.78,584.0,15.17,114440.9,0.6732,6,5.27,32.8,1.1742,38.5,99.176,1.048,1825.4,0,135.895,36.719,145498.1,379.147
TRIP-2969,VESSEL-001,Handysize Bulk,35000,32000,7200,175.0,Methanol,0.5,950.0,0.35,3383.5,10.06,16330.3,0.5103,3,0.91,17.8,1.0767,336.33,205.657,1.064,648.8,1,312.703,107.046,310317.85,390.879
TRIP-2970,VESSEL-001,Handysize Bulk,35000,32000,7200,175.0,LNG,1.15,780.0,0.78,3271.8,13.77,17781.9,0.5557,4,2.55,23.1,1.1097,237.6,163.845,1.064,693.1,0,224.686,60.841,193005.08,626.874
TRIP-2971,VESSEL-005,Neo-Panamax Green,110000,102000,16500,158.0,Methanol,0.5,950.0,0.35,1757.0,14.13,53425.7,0.5238,1,0.81,10.0,1.015,124.35,438.233,1.016,1388.4,0,505.45,67.217,509177.5,631.812
TRIP-2972,VESSEL-004,Feeder Container,22000,18500,9800,180.0,Methanol,0.5,950.0,0.35,3845.3,16.08,15700.1,0.8487,3,2.01,22.1,1.0832,239.14,892.881,1.032,902.1,1,1031.928,139.047,991631.6,1289.91
TRIP-2973,VESSEL-003,Capesize Bulk,180000,170000,21000,162.0,Ammonia,0.46,1100.0,0.15,3247.8,14.93,74376.4,0.4375,2,1.66,12.7,1.044,217.54,1257.334,1.048,1747.2,0,1607.315,349.981,1807546.5,867.95
TRIP-2974,VESSEL-005,Neo-Panamax Green,110000,102000,16500,158.0,Methanol,0.5,950.0,0.35,4104.4,15.91,90717.0,0.8894,3,1.07,22.7,1.084,257.98,1418.331,1.016,1408.1,0,1780.053,361.722,1720050.35,2225.066
TRIP-2975,VESSEL-001,Handysize Bulk,35000,32000,7200,175.0,Methanol,0.5,950.0,0.35,3640.2,14.09,14764.2,0.4614,3,1.15,23.9,1.0858,258.35,428.69,1.064,723.0,0,553.606,124.916,543675.7,692.007
TRIP-2976,VESSEL-004,Feeder Container,22000,18500,9800,180.0,Methanol,0.5,950.0,0.35,3111.8,11.07,9168.1,0.4956,3,1.49,24.2,1.0863,281.1,316.239,1.032,925.7,1,443.627,127.388,432745.65,554.534
TRIP-2977,VESSEL-001,Handysize Bulk,35000,32000,7200,175.0,HFO,1.0,620.0,1.0,1070.6,14.02,26528.9,0.829,3,0.95,21.9,1.0829,76.36,68.26,1.064,699.4,1,87.835,19.575,67707.7,314.449
TRIP-2978,VESSEL-002,Panamax Bulk,75000,70000,12500,168.0,Methanol,0.5,950.0,0.35,1192.0,13.55,28837.3,0.412,4,2.34,28.5,1.1178,87.97,214.122,1.04,1078.1,1,289.369,75.247,294150.55,361.711
TRIP-2979,VESSEL-001,Handysize Bulk,35000,32000,7200,175.0,Methanol,0.5,950.0,0.35,2824.4,11.99,31122.2,0.9726,1,0.89,5.3,1.0079,235.56,272.228,1.064,697.8,0,339.6,67.372,340370.0,424.5
TRIP-2980,VESSEL-005,Neo-Panamax Green,110000,102000,16500,158.0,LNG,1.15,780.0,0.78,2221.0,16.01,93574.1,0.9174,2,1.66,13.4,1.0451,138.73,340.106,1.016,1413.9,0,397.276,57.17,338875.28,1108.4
TRIP-2981,VESSEL-005,Neo-Panamax Green,110000,102000,16500,158.0,Ammonia,0.46,1100.0,0.15,3817.6,14.23,66624.5,0.6532,2,1.29,11.3,1.0419,268.28,1084.141,1.016,1445.3,1,1294.641,210.5,1448605.1,699.106
TRIP-2982,VESSEL-001,Handysize Bulk,35000,32000,7200,175.0,LNG,1.15,780.0,0.78,2508.4,9.95,16671.2,0.521,2,1.54,16.7,1.05,252.1,65.022,1.064,656.1,0,101.964,36.942,97281.92,284.48
TRIP-2983,VESSEL-005,Neo-Panamax Green,110000,102000,16500,158.0,Hydrogen,2.98,2800.0,0.08,1720.9,11.76,40179.1,0.3939,6,4.65,35.0,1.1775,146.34,48.24,1.016,1400.5,1,70.592,22.352,222157.6,20.472
TRIP-2984,VESSEL-004,Feeder Container,22000,18500,9800,180.0,HFO,1.0,620.0,1.0,2970.4,13.2,11227.9,0.6069,5,2.04,30.3,1.1455,225.03,220.214,1.032,845.9,0,297.081,76.867,199990.22,1063.55
TRIP-2985,VESSEL-001,Handysize Bulk,35000,32000,7200,175.0,LNG,1.15,780.0,0.78,3833.0,9.43,24977.1,0.7805,6,2.58,41.2,1.1868,406.47,95.058,1.064,718.6,1,168.825,73.767,144933.5,471.022
TRIP-2986,VESSEL-002,Panamax Bulk,75000,70000,12500,168.0,Ammonia,0.46,1100.0,0.15,2164.5,12.66,29045.1,0.4149,2,0.94,14.0,1.046,170.97,369.216,1.04,1098.4,1,471.259,102.043,537634.9,254.48
TRIP-2987,VESSEL-001,Handysize Bulk,35000,32000,7200,175.0,HFO,1.0,620.0,1.0,1352.2,11.15,12800.2,0.4,2,1.52,8.2,1.0373,121.27,49.08,1.064,673.8,0,70.843,21.763,61672.66,253.618
TRIP-2988,VESSEL-005,Neo-Panamax Green,110000,102000,16500,158.0,LNG,1.15,780.0,0.78,2553.7,11.42,72060.4,0.7065,1,0.57,7.7,1.0115,223.62,189.28,1.016,1401.9,0,247.172,57.892,221794.16,689.61
TRIP-2989,VESSEL-003,Capesize Bulk,180000,170000,21000,162.0,LNG,1.15,780.0,0.78,1578.4,10.01,124671.5,0.7334,2,1.42,13.8,1.0457,157.68,118.443,1.048,1821.5,0,180.869,62.426,180577.82,504.625
TRIP-2990,VESSEL-004,Feeder Container,22000,18500,9800,180.0,Methanol,0.5,950.0,0.35,1187.5,17.54,10625.7,0.5744,5,2.88,28.3,1.1425,67.7,308.565,1.032,860.8,1,394.007,85.442,385606.65,492.509
TRIP-2991,VESSEL-004,Feeder Container,22000,18500,9800,180.0,Hydrogen,2.98,2800.0,0.08,2152.6,13.82,6843.1,0.3699,2,0.77,12.3,1.0434,155.76,55.519,1.032,843.9,1,66.438,10.919,197326.4,19.267
TRIP-2992,VESSEL-004,Feeder Container,22000,18500,9800,180.0,HFO,1.0,620.0,1.0,3084.6,16.41,17899.5,0.9675,1,0.35,9.9,1.0149,187.97,382.574,1.032,855.5,0,428.438,45.864,281431.56,1533.808
TRIP-2993,VESSEL-005,Neo-Panamax Green,110000,102000,16500,158.0,Methanol,0.5,950.0,0.35,3684.8,15.74,91829.1,0.9003,3,2.24,17.0,1.0755,234.1,1249.382,1.016,1469.8,0,1523.825,274.443,1476633.75,1904.781
TRIP-2994,VESSEL-005,Neo-Panamax Green,110000,102000,16500,158.0,Methanol,0.5,950.0,0.35,2657.9,13.97,59127.0,0.5797,3,1.88,13.7,1.0706,190.26,657.187,1.016,1414.0,1,787.043,129.856,772190.85,983.804
TRIP-2995,VESSEL-003,Capesize Bulk,180000,170000,21000,162.0,Ammonia,0.46,1100.0,0.15,3692.1,12.66,114068.4,0.671,4,1.44,30.7,1.121,291.64,1091.039,1.048,1813.2,1,1497.811,406.772,1682592.1,808.818
TRIP-2996,VESSEL-004,Feeder Container,22000,18500,9800,180.0,HFO,1.0,620.0,1.0,1409.3,12.18,15281.1,0.826,3,2.69,13.4,1.0701,115.71,93.418,1.032,922.1,1,129.0,35.582,91280.0,461.82
TRIP-2997,VESSEL-004,Feeder Container,22000,18500,9800,180.0,HFO,1.0,620.0,1.0,3764.4,11.07,16345.1,0.8835,6,4.82,34.2,1.1763,340.05,208.693,1.032,902.9,1,296.006,87.313,194823.72,1059.701
TRIP-2998,VESSEL-003,Capesize Bulk,180000,170000,21000,162.0,Ammonia,0.46,1100.0,0.15,1882.7,14.96,78989.4,0.4646,2,0.83,12.9,1.0443,125.85,737.018,1.048,1824.8,1,898.978,161.96,1023875.8,485.448
TRIP-2999,VESSEL-002,Panamax Bulk,75000,70000,12500,168.0,LNG,1.15,780.0,0.78,1805.2,11.62,52394.9,0.7485,3,1.39,16.8,1.0752,155.35,112.854,1.04,1120.6,1,152.427,39.573,138143.06,425.271
TRIP-3000,VESSEL-003,Capesize Bulk,180000,170000,21000,162.0,Ammonia,0.46,1100.0,0.15,3119.7,10.5,137003.2,0.8059,1,0.69,4.3,1.0065,297.11,655.389,1.048,1826.1,1,925.316,269.927,1052847.6,499.671
TRIP-3001,VESSEL-004,Feeder Container,22000,18500,9800,180.0,Hydrogen,2.98,2800.0,0.08,501.5,14.17,18480.5,0.9989,2,0.96,8.3,1.0374,35.39,15.666,1.032,912.2,1,19.084,3.418,64735.2,5.534
TRIP-3002,VESSEL-001,Handysize Bulk,35000,32000,7200,175.0,LNG,1.15,780.0,0.78,1483.4,13.42,17342.8,0.542,4,2.14,18.3,1.1024,110.54,70.32,1.064,632.7,1,94.164,23.844,86697.92,262.718
TRIP-3003,VESSEL-001,Handysize Bulk,35000,32000,7200,175.0,LNG,1.15,780.0,0.78,3128.1,13.93,19745.8,0.6171,5,4.02,30.2,1.1453,224.56,162.762,1.064,694.1,0,234.821,72.059,200910.38,655.151
TRIP-3004,VESSEL-005,Neo-Panamax Green,110000,102000,16500,158.0,Hydrogen,2.98,2800.0,0.08,2677.6,11.47,38231.7,0.3748,5,1.58,23.9,1.1359,233.44,71.041,1.016,1416.0,1,100.896,29.855,307008.8,29.26
TRIP-3005,VESSEL-001,Handysize Bulk,35000,32000,7200,175.0,Methanol,0.5,950.0,0.35,630.4,11.85,28229.2,0.8822,2,1.4,9.4,1.0391,53.2,58.143,1.064,649.6,0,78.957,20.814,92759.15,98.696
TRIP-3006,VESSEL-001,Handysize Bulk,35000,32000,7200,175.0,Methanol,0.5,950.0,0.35,766.0,11.2,29865.9,0.9333,3,2.42,25.8,1.0887,68.39,63.85,1.064,695.9,0,92.634,28.784,105752.3,115.793
TRIP-3007,VESSEL-002,Panamax Bulk,75000,70000,12500,168.0,LNG,1.15,780.0,0.78,3235.8,11.61,51964.4,0.7423,4,2.2,28.2,1.1173,278.71,201.648,1.04,1141.6,1,289.891,88.243,245364.98,808.796
TRIP-3008,VESSEL-004,Feeder Container,22000,18500,9800,180.0,HFO,1.0,620.0,1.0,3444.7,16.59,7510.7,0.406,3,1.04,17.9,1.0769,207.64,384.861,1.032,864.1,1,468.067,83.206,301501.54,1675.68
TRIP-3009,VESSEL-003,Capesize Bulk,180000,170000,21000,162.0,HFO,1.0,620.0,1.0,2005.2,11.78,154780.4,0.9105,3,2.42,13.2,1.0698,170.22,250.036,1.048,1769.0,0,338.115,88.079,249131.3,1210.452
TRIP-3010,VESSEL-002,Panamax Bulk,75000,70000,12500,168.0,Methanol,0.5,950.0,0.35,1244.4,9.7,36101.8,0.5157,3,0.92,21.5,1.0823,128.29,117.68,1.04,1135.6,1,177.171,59.491,187562.45,221.464
TRIP-3011,VESSEL-004,Feeder Container,22000,18500,9800,180.0,Methanol,0.5,950.0,0.35,1310.4,15.5,12576.1,0.6798,2,0.98,8.4,1.0376,84.54,272.364,1.032,925.3,1,310.763,38.399,306524.85,388.454
TRIP-3012,VESSEL-001,Handysize Bulk,35000,32000,7200,175.0,HFO,1.0,620.0,1.0,2752.8,9.68,24929.6,0.779,3,1.62,25.4,1.0881,284.38,82.698,1.064,710.9,1,143.543,60.845,102246.66,513.884
TRIP-3013,VESSEL-004,Feeder Container,22000,18500,9800,180.0,HFO,1.0,620.0,1.0,3083.6,16.46,8809.4,0.4762,5,4.38,29.5,1.1442,187.34,344.843,1.032,931.1,1,425.957,81.114,275393.34,1524.926
TRIP-3014,VESSEL-004,Feeder Container,22000,18500,9800,180.0,Methanol,0.5,950.0,0.35,2040.7,14.21,13292.8,0.7185,3,2.61,19.0,1.0785,143.61,359.606,1.032,859.3,1,443.509,83.903,432633.55,554.386
TRIP-3015,VESSEL-005,Neo-Panamax Green,110000,102000,16500,158.0,Methanol,0.5,950.0,0.35,1729.1,15.71,39468.6,0.3869,1,0.35,9.3,1.0139,110.06,514.559,1.016,1408.5,0,591.252,76.693,590689.4,739.065
TRIP-3016,VESSEL-005,Neo-Panamax Green,110000,102000,16500,158.0,Methanol,0.5,950.0,0.35,2881.3,14.37,88713.1,0.8697,2,1.4,12.3,1.0434,200.51,808.538,1.016,1416.3,1,994.233,185.695,969021.35,1242.791
TRIP-3017,VESSEL-005,Neo-Panamax Green,110000,102000,16500,158.0,Methanol,0.5,950.0,0.35,3696.3,15.61,64082.5,0.6283,1,0.66,4.1,1.0062,236.79,1154.979,1.016,1441.4,0,1293.851,138.872,1258158.45,1617.314
TRIP-3018,VESSEL-004,Feeder Container,22000,18500,9800,180.0,HFO,1.0,620.0,1.0,4130.7,11.71,14494.4,0.7835,1,0.88,4.1,1.0062,352.75,250.734,1.032,918.1,1,312.661,61.927,205149.82,1119.326
TRIP-3019,VESSEL-001,Handysize Bulk,35000,32000,7200,175.0,HFO,1.0,620.0,1.0,952.7,11.53,29232.7,0.9135,3,1.45,17.5,1.0763,82.63,41.894,1.064,696.2,1,60.527,18.633,50776.74,216.687
TRIP-3020,VESSEL-002,Panamax Bulk,75000,70000,12500,168.0,Ammonia,0.46,1100.0,0.15,1714.1,9.74,47999.3,0.6857,2,1.01,15.1,1.0476,175.99,185.378,1.04,1073.1,0,284.336,98.958,336519.6,153.541
TRIP-3021,VESSEL-001,Handysize Bulk,35000,32000,7200,175.0,Methanol,0.5,950.0,0.35,1260.5,12.7,13077.3,0.4087,2,0.73,10.3,1.0404,99.25,118.979,1.064,686.7,1,161.697,42.718,166862.15,202.121
TRIP-3022,VESSEL-005,Neo-Panamax Green,110000,102000,16500,158.0,Ammonia,0.46,1100.0,0.15,2973.2,16.71,46843.5,0.4592,5,3.59,24.4,1.1366,177.93,1108.789,1.016,1401.6,0,1429.273,320.484,1601200.3,771.807
TRIP-3023,VESSEL-005,Neo-Panamax Green,110000,102000,16500,158.0,Hydrogen,2.98,2800.0,0.08,3526.0,15.08,36429.1,0.3571,4,1.54,21.9,1.1079,233.82,160.953,1.016,1433.9,0,197.91,36.957,583148.0,57.394
TRIP-3024,VESSEL-001,Handysize Bulk,35000,32000,7200,175.0,HFO,1.0,620.0,1.0,3574.4,9.86,14779.5,0.4619,3,1.99,18.7,1.078,362.52,103.083,1.064,682.9,1,166.47,63.387,116461.4,595.963
TRIP-3025,VESSEL-005,Neo-Panamax Green,110000,102000,16500,158.0,LNG,1.15,780.0,0.78,711.7,11.56,49925.5,0.4895,4,2.52,17.9,1.1018,61.57,51.209,1.016,1406.5,1,71.064,19.855,79929.92,198.269
TRIP-3026,VESSEL-005,Neo-Panamax Green,110000,102000,16500,158.0,Methanol,0.5,950.0,0.35,538.3,10.05,52441.3,0.5141,4,2.33,32.9,1.1243,53.56,67.749,1.016,1443.4,1,104.846,37.097,124103.7,131.058
TRIP-3027,VESSEL-001,Handysize Bulk,35000,32000,7200,175.0,LNG,1.15,780.0,0.78,2462.0,12.88,16270.5,0.5085,3,1.71,14.5,1.0717,191.15,106.604,1.064,648.3,1,143.455,36.851,125144.9,400.239
TRIP-3028,VESSEL-003,Capesize Bulk,180000,170000,21000,162.0,HFO,1.0,620.0,1.0,1925.1,14.14,167995.8,0.9882,4,2.06,30.5,1.1207,136.15,352.184,1.048,1815.8,1,468.22,116.036,325296.4,1676.228
TRIP-3029,VESSEL-004,Feeder Container,22000,18500,9800,180.0,Methanol,0.5,950.0,0.35,2333.2,11.94,11934.2,0.6451,2,1.47,11.0,1.0415,195.41,285.528,1.032,919.4,1,372.649,87.121,365316.55,465.811
TRIP-3030,VESSEL-004,Feeder Container,22000,18500,9800,180.0,Methanol,0.5,950.0,0.35,2577.2,11.92,9225.1,0.4987,2,0.65,11.2,1.0418,216.21,303.9,1.032,924.5,0,393.453,89.553,389580.35,491.816
TRIP-3031,VESSEL-001,Handysize Bulk,35000,32000,7200,175.0,Methanol,0.5,950.0,0.35,3869.6,11.58,15610.2,0.4878,4,1.88,21.8,1.1077,334.16,309.883,1.064,694.6,0,446.189,136.306,441629.55,557.736
TRIP-3032,VESSEL-003,Capesize Bulk,180000,170000,21000,162.0,Ammonia,0.46,1100.0,0.15,3336.5,11.97,115595.3,0.68,4,1.6,17.7,1.1016,278.74,883.369,1.048,1789.1,1,1229.818,346.449,1387799.8,664.102
TRIP-3033,VESSEL-003,Capesize Bulk,180000,170000,21000,162.0,LNG,1.15,780.0,0.78,3993.6,12.23,155665.7,0.9157,3,1.04,15.6,1.0734,326.54,467.31,1.048,1753.3,1,622.179,154.869,520299.62,1735.879
TRIP-3034,VESSEL-002,Panamax Bulk,75000,70000,12500,168.0,HFO,1.0,620.0,1.0,1538.4,12.98,69102.0,0.9872,1,0.61,7.4,1.0111,118.52,145.961,1.04,1095.4,1,171.597,25.636,125640.14,614.317
TRIP-3035,VESSEL-001,Handysize Bulk,35000,32000,7200,175.0,LNG,1.15,780.0,0.78,3792.7,13.75,24750.3,0.7734,5,2.0,33.6,1.1504,275.83,199.641,1.064,657.8,0,278.635,78.994,235085.3,777.392
TRIP-3036,VESSEL-003,Capesize Bulk,180000,170000,21000,162.0,HFO,1.0,620.0,1.0,1247.1,14.1,164324.0,0.9666,5,3.5,31.0,1.1465,88.45,225.732,1.048,1812.1,1,308.047,82.315,225989.14,1102.808
TRIP-3037,VESSEL-005,Neo-Panamax Green,110000,102000,16500,158.0,LNG,1.15,780.0,0.78,2906.1,11.78,89870.7,0.8811,4,2.04,21.6,1.1074,246.7,238.902,1.016,1372.4,0,320.337,81.435,278862.86,893.74
TRIP-3038,VESSEL-003,Capesize Bulk,180000,170000,21000,162.0,Ammonia,0.46,1100.0,0.15,2490.8,11.52,159946.8,0.9409,6,2.08,31.7,1.1725,216.22,650.335,1.048,1768.1,1,988.579,338.244,1122436.9,533.833
TRIP-3039,VESSEL-004,Feeder Container,22000,18500,9800,180.0,Hydrogen,2.98,2800.0,0.08,1791.8,15.59,9723.3,0.5256,7,4.77,50.7,1.226,114.93,61.022,1.032,914.8,0,86.166,25.144,257064.8,24.988
TRIP-3040,VESSEL-004,Feeder Container,22000,18500,9800,180.0,Methanol,0.5,950.0,0.35,1525.8,15.36,8502.8,0.4596,2,1.32,18.7,1.053,99.34,296.026,1.032,929.4,0,361.659,65.633,359376.05,452.074
TRIP-3041,VESSEL-004,Feeder Container,22000,18500,9800,180.0,HFO,1.0,620.0,1.0,3529.4,13.53,9268.8,0.501,2,1.02,14.6,1.0469,260.86,268.249,1.032,874.5,0,328.793,60.544,219651.66,1177.079
TRIP-3042,VESSEL-003,Capesize Bulk,180000,170000,21000,162.0,Ammonia,0.46,1100.0,0.15,4141.0,10.12,94462.5,0.5557,2,0.64,14.4,1.0466,409.19,759.503,1.048,1767.2,1,1083.621,324.118,1226983.1,585.155
TRIP-3043,VESSEL-003,Capesize Bulk,180000,170000,21000,162.0,LNG,1.15,780.0,0.78,2126.1,13.39,63084.2,0.3711,4,2.2,18.0,1.102,158.78,260.166,1.048,1736.2,1,338.604,78.438,299111.12,944.705
TRIP-3044,VESSEL-001,Handysize Bulk,35000,32000,7200,175.0,LNG,1.15,780.0,0.78,744.2,9.04,30384.3,0.9495,5,1.58,35.4,1.1531,82.32,17.636,1.064,679.5,1,30.761,13.125,37243.58,85.823
TRIP-3045,VESSEL-003,Capesize Bulk,180000,170000,21000,162.0,HFO,1.0,620.0,1.0,3797.7,11.43,145419.0,0.8554,3,1.54,12.8,1.0692,332.26,440.076,1.048,1798.2,1,607.538,167.462,411673.56,2174.986
TRIP-3046,VESSEL-002,Panamax Bulk,75000,70000,12500,168.0,HFO,1.0,620.0,1.0,735.6,10.17,56313.7,0.8045,5,2.43,21.8,1.1327,72.33,41.058,1.04,1126.0,1,64.139,23.081,59016.18,229.618
TRIP-3047,VESSEL-003,Capesize Bulk,180000,170000,21000,162.0,HFO,1.0,620.0,1.0,2952.0,12.44,61866.1,0.3639,3,2.19,20.8,1.0812,237.3,357.877,1.048,1795.1,0,495.225,137.348,346539.5,1772.906
TRIP-3048,VESSEL-004,Feeder Container,22000,18500,9800,180.0,Methanol,0.5,950.0,0.35,3691.9,16.33,9436.7,0.5101,3,1.76,12.2,1.0683,226.08,819.238,1.032,872.3,1,1009.89,190.652,970695.5,1262.362
TRIP-3049,VESSEL-004,Feeder Container,22000,18500,9800,180.0,Hydrogen,2.98,2800.0,0.08,3151.2,14.22,18421.1,0.9957,3,1.86,12.6,1.0689,221.6,99.068,1.032,929.7,0,123.408,24.34,361342.4,35.788
TRIP-3050,VESSEL-005,Neo-Panamax Green,110000,102000,16500,158.0,Ammonia,0.46,1100.0,0.15,1268.9,11.29,70148.1,0.6877,4,2.51,16.3,1.0995,112.39,228.752,1.016,1444.4,0,328.337,99.585,390170.7,177.302
TRIP-3051,VESSEL-005,Neo-Panamax Green,110000,102000,16500,158.0,Methanol,0.5,950.0,0.35,543.7,12.49,58150.5,0.5701,6,4.0,33.7,1.1756,43.53,107.198,1.016,1379.7,1,147.396,40.198,164526.2,184.245
TRIP-3052,VESSEL-004,Feeder Container,22000,18500,9800,180.0,Hydrogen,2.98,2800.0,0.08,890.8,16.15,18152.1,0.9812,2,0.9,8.8,1.0382,55.16,36.014,1.032,931.2,0,42.978,6.964,136138.4,12.464
TRIP-3053,VESSEL-002,Panamax Bulk,75000,70000,12500,168.0,Ammonia,0.46,1100.0,0.15,2282.8,10.36,47723.0,0.6818,3,2.38,18.8,1.0782,220.35,279.039,1.04,1140.1,0,423.961,144.922,490107.1,228.939
TRIP-3054,VESSEL-002,Panamax Bulk,75000,70000,12500,168.0,HFO,1.0,620.0,1.0,2446.8,14.93,41564.6,0.5938,2,0.62,13.3,1.0449,163.88,279.548,1.04,1062.9,0,346.1,66.552,238332.0,1239.038
TRIP-3055,VESSEL-005,Neo-Panamax Green,110000,102000,16500,158.0,Ammonia,0.46,1100.0,0.15,3788.9,11.51,48789.6,0.4783,6,4.31,26.8,1.1652,329.18,673.695,1.016,1418.6,0,1002.799,329.104,1132078.9,541.511
TRIP-3056,VESSEL-002,Panamax Bulk,75000,70000,12500,168.0,Methanol,0.5,950.0,0.35,921.1,11.9,67264.3,0.9609,4,1.52,24.9,1.1123,77.4,146.023,1.04,1103.7,0,208.716,62.693,222030.2,260.895
TRIP-3057,VESSEL-003,Capesize Bulk,180000,170000,21000,162.0,LNG,1.15,780.0,0.78,3808.8,10.78,97691.8,0.5747,2,1.02,13.4,1.0451,353.32,318.605,1.048,1733.3,0,459.965,141.36,398272.7,1283.302
TRIP-3058,VESSEL-001,Handysize Bulk,35000,32000,7200,175.0,HFO,1.0,620.0,1.0,2201.4,9.93,15677.6,0.4899,3,1.49,20.1,1.0801,221.69,64.85,1.064,643.1,0,98.403,33.553,78759.86,352.283
TRIP-3059,VESSEL-002,Panamax Bulk,75000,70000,12500,168.0,LNG,1.15,780.0,0.78,3317.9,13.25,31983.1,0.4569,5,2.36,37.6,1.1564,250.41,250.714,1.04,1058.1,1,351.144,100.43,293142.32,979.692
TRIP-3060,VESSEL-004,Feeder Container,22000,18500,9800,180.0,Methanol,0.5,950.0,0.35,2223.2,13.53,17421.4,0.9417,3,2.58,18.5,1.0777,164.32,372.852,1.032,872.8,1,484.306,111.454,471390.7,605.382
TRIP-3061,VESSEL-004,Feeder Container,22000,18500,9800,180.0,HFO,1.0,620.0,1.0,4065.8,13.48,13593.7,0.7348,1,0.32,8.1,1.0122,301.62,323.543,1.032,863.1,0,404.416,80.873,266537.92,1447.809
TRIP-3062,VESSEL-005,Neo-Panamax Green,110000,102000,16500,158.0,Hydrogen,2.98,2800.0,0.08,874.1,11.53,77916.3,0.7639,3,1.95,15.0,1.0725,75.81,25.84,1.016,1409.2,1,35.666,9.826,124364.8,10.343
TRIP-3063,VESSEL-001,Handysize Bulk,35000,32000,7200,175.0,LNG,1.15,780.0,0.78,3979.3,12.55,24688.0,0.7715,2,0.83,14.8,1.0472,317.08,174.422,1.064,682.4,1,234.55,60.128,196199.0,654.394
TRIP-3064,VESSEL-005,Neo-Panamax Green,110000,102000,16500,158.0,LNG,1.15,780.0,0.78,2175.1,14.19,60502.9,0.5932,6,3.8,27.4,1.1661,153.28,242.059,1.016,1414.3,0,326.325,84.266,283533.5,910.447
TRIP-3065,VESSEL-003,Capesize Bulk,180000,170000,21000,162.0,LNG,1.15,780.0,0.78,2341.8,14.27,128956.9,0.7586,3,1.48,13.2,1.0698,164.11,359.343,1.048,1759.9,1,456.969,97.626,391435.82,1274.944
TRIP-3066,VESSEL-002,Panamax Bulk,75000,70000,12500,168.0,LNG,1.15,780.0,0.78,784.4,12.82,37970.0,0.5424,3,1.78,22.6,1.0839,61.19,56.724,1.04,1091.2,1,76.281,19.557,78749.18,212.824
TRIP-3067,VESSEL-002,Panamax Bulk,75000,70000,12500,168.0,Ammonia,0.46,1100.0,0.15,2375.9,10.09,52091.9,0.7442,3,1.02,20.9,1.0814,235.47,279.695,1.04,1093.1,1,441.679,161.984,505096.9,238.507
TRIP-3068,VESSEL-003,Capesize Bulk,180000,170000,21000,162.0,HFO,1.0,620.0,1.0,1673.6,15.68,85178.1,0.501,4,3.16,33.0,1.1245,106.73,334.221,1.048,1757.3,1,413.574,79.353,291415.88,1480.595
TRIP-3069,VESSEL-004,Feeder Container,22000,18500,9800,180.0,HFO,1.0,620.0,1.0,1219.0,12.66,12020.6,0.6498,5,2.72,24.2,1.1363,96.29,83.946,1.032,903.2,0,119.573,35.627,89935.26,428.071
TRIP-3070,VESSEL-002,Panamax Bulk,75000,70000,12500,168.0,HFO,1.0,620.0,1.0,3639.4,14.88,60350.3,0.8621,2,1.71,14.9,1.0474,244.58,440.833,1.04,1136.9,1,518.857,78.024,340941.34,1857.508
TRIP-3071,VESSEL-001,Handysize Bulk,35000,32000,7200,175.0,HFO,1.0,620.0,1.0,2013.3,9.5,25671.0,0.8022,2,1.78,17.9,1.0518,211.93,58.573,1.064,715.4,1,96.709,38.136,73209.58,346.218
TRIP-3072,VESSEL-002,Panamax Bulk,75000,70000,12500,168.0,LNG,1.15,780.0,0.78,3931.1,14.79,58527.3,0.8361,3,1.71,25.6,1.0884,265.79,406.559,1.04,1096.4,1,522.448,115.889,426759.44,1457.63
TRIP-3073,VESSEL-005,Neo-Panamax Green,110000,102000,16500,158.0,Hydrogen,2.98,2800.0,0.08,2811.2,14.45,83442.6,0.8181,3,1.44,21.0,1.0815,194.55,132.225,1.016,1460.8,1,165.436,33.211,487720.8,47.976
TRIP-3074,VESSEL-003,Capesize Bulk,180000,170000,21000,162.0,LNG,1.15,780.0,0.78,1911.0,14.75,77284.1,0.4546,3,1.44,17.2,1.0758,129.56,290.131,1.048,1737.8,0,366.527,76.396,325391.06,1022.61
TRIP-3075,VESSEL-003,Capesize Bulk,180000,170000,21000,162.0,LNG,1.15,780.0,0.78,1782.6,14.78,79666.0,0.4686,1,0.63,8.9,1.0133,120.61,272.74,1.048,1816.6,0,322.127,49.387,290759.06,898.734
TRIP-3076,VESSEL-003,Capesize Bulk,180000,170000,21000,162.0,HFO,1.0,620.0,1.0,657.5,15.81,133891.5,0.7876,2,1.18,10.3,1.0404,41.59,143.43,1.048,1810.4,1,174.714,31.284,143322.68,625.476
TRIP-3077,VESSEL-005,Neo-Panamax Green,110000,102000,16500,158.0,Methanol,0.5,950.0,0.35,2680.8,13.24,52677.0,0.5164,4,2.09,24.6,1.1119,202.48,585.961,1.016,1454.0,0,779.681,193.72,769696.95,974.601
TRIP-3078,VESSEL-001,Handysize Bulk,35000,32000,7200,175.0,Methanol,0.5,950.0,0.35,2921.6,14.41,12780.8,0.3994,2,1.69,11.8,1.0427,202.75,354.195,1.064,677.2,0,433.499,79.304,429574.05,541.874
TRIP-3079,VESSEL-004,Feeder Container,22000,18500,9800,180.0,Hydrogen,2.98,2800.0,0.08,1899.6,17.31,7243.3,0.3915,2,1.18,17.2,1.0508,109.74,77.266,1.032,907.9,1,87.676,10.41,256792.8,25.426
TRIP-3080,VESSEL-004,Feeder Container,22000,18500,9800,180.0,Hydrogen,2.98,2800.0,0.08,958.9,11.72,9392.1,0.5077,3,2.59,13.7,1.0706,81.82,18.38,1.032,915.8,1,24.233,5.853,79152.4,7.028
TRIP-3081,VESSEL-003,Capesize Bulk,180000,170000,21000,162.0,Ammonia,0.46,1100.0,0.15,1102.2,11.02,76226.8,0.4484,4,2.99,31.6,1.1224,100.02,233.136,1.048,1769.8,0,332.629,99.493,405391.9,179.62
TRIP-3082,VESSEL-004,Feeder Container,22000,18500,9800,180.0,HFO,1.0,620.0,1.0,1291.2,11.77,14631.8,0.7909,4,3.27,27.1,1.1157,109.7,79.309,1.032,845.9,1,102.887,23.578,75089.94,368.335
TRIP-3083,VESSEL-005,Neo-Panamax Green,110000,102000,16500,158.0,Methanol,0.5,950.0,0.35,2020.9,16.92,36760.8,0.3604,5,2.8,20.1,1.1301,119.44,692.763,1.016,1385.8,0,900.415,207.652,884394.25,1125.519
TRIP-3084,VESSEL-005,Neo-Panamax Green,110000,102000,16500,158.0,Ammonia,0.46,1100.0,0.15,3814.9,10.09,67358.3,0.6604,3,1.69,14.3,1.0715,378.09,545.656,1.016,1390.2,0,801.755,256.099,910930.5,432.948
TRIP-3085,VESSEL-002,Panamax Bulk,75000,70000,12500,168.0,HFO,1.0,620.0,1.0,2636.9,14.0,56933.4,0.8133,3,1.06,14.4,1.0716,188.35,279.501,1.04,1103.5,0,357.119,77.618,245163.78,1278.486
TRIP-3086,VESSEL-002,Panamax Bulk,75000,70000,12500,168.0,LNG,1.15,780.0,0.78,1714.2,11.03,57326.9,0.819,2,1.18,17.1,1.0506,155.41,98.202,1.04,1135.0,1,141.063,42.861,129279.14,393.566
TRIP-3087,VESSEL-005,Neo-Panamax Green,110000,102000,16500,158.0,LNG,1.15,780.0,0.78,2354.6,15.81,98818.9,0.9688,3,2.0,22.9,1.0844,148.93,355.772,1.016,1452.3,1,436.088,80.316,364648.64,1216.686
TRIP-3088,VESSEL-002,Panamax Bulk,75000,70000,12500,168.0,HFO,1.0,620.0,1.0,3955.8,12.15,61727.2,0.8818,2,1.3,16.8,1.0502,325.58,320.948,1.04,1125.2,1,432.379,111.431,287324.98,1547.917
TRIP-3089,VESSEL-001,Handysize Bulk,35000,32000,7200,175.0,LNG,1.15,780.0,0.78,3333.5,13.25,26235.3,0.8199,3,2.69,22.8,1.0842,251.58,164.723,1.064,683.9,1,220.644,55.921,185352.32,615.597
TRIP-3090,VESSEL-002,Panamax Bulk,75000,70000,12500,168.0,HFO,1.0,620.0,1.0,745.5,11.23,39825.2,0.5689,4,2.92,25.4,1.1131,66.38,47.886,1.04,1121.6,0,72.235,24.349,68535.7,258.601
TRIP-3091,VESSEL-002,Panamax Bulk,75000,70000,12500,168.0,LNG,1.15,780.0,0.78,1224.9,14.67,43721.7,0.6246,4,2.01,19.6,1.1044,83.5,118.406,1.04,1052.7,0,150.777,32.371,141356.06,420.668
TRIP-3092,VESSEL-005,Neo-Panamax Green,110000,102000,16500,158.0,Methanol,0.5,950.0,0.35,963.9,14.64,63767.4,0.6252,4,1.7,24.7,1.112,65.84,264.718,1.016,1400.6,1,339.085,74.367,346630.75,423.856
TRIP-3093,VESSEL-004,Feeder Container,22000,18500,9800,180.0,Methanol,0.5,950.0,0.35,1679.3,13.94,18012.9,0.9737,3,1.47,13.5,1.0703,120.47,300.995,1.032,896.8,1,373.688,72.693,366303.6,467.11
TRIP-3094,VESSEL-002,Panamax Bulk,75000,70000,12500,168.0,Methanol,0.5,950.0,0.35,1459.5,11.99,52477.8,0.7497,3,1.7,24.1,1.0861,121.73,223.51,1.04,1084.8,1,310.338,86.828,314071.1,387.923
TRIP-3095,VESSEL-004,Feeder Container,22000,18500,9800,180.0,HFO,1.0,620.0,1.0,2209.8,15.54,15641.8,0.8455,2,1.69,9.5,1.0393,142.2,239.447,1.032,906.1,1,289.782,50.335,190964.84,1037.42
TRIP-3096,VESSEL-004,Feeder Container,22000,18500,9800,180.0,HFO,1.0,620.0,1.0,1947.1,13.11,10724.7,0.5797,1,0.85,4.6,1.0069,148.52,141.503,1.032,904.0,1,178.041,36.538,121685.42,637.387
TRIP-3097,VESSEL-001,Handysize Bulk,35000,32000,7200,175.0,Methanol,0.5,950.0,0.35,554.5,9.74,31539.1,0.9856,2,0.64,17.2,1.0508,56.93,35.372,1.064,684.4,0,54.921,19.549,69924.95,68.651
TRIP-3098,VESSEL-002,Panamax Bulk,75000,70000,12500,168.0,Methanol,0.5,950.0,0.35,2339.1,13.52,31257.1,0.4465,3,2.55,25.9,1.0889,173.01,422.122,1.04,1115.4,1,546.221,124.099,538159.95,682.776
TRIP-3099,VESSEL-003,Capesize Bulk,180000,170000,21000,162.0,LNG,1.15,780.0,0.78,2749.6,15.26,107376.6,0.6316,4,3.4,16.4,1.0996,180.18,467.577,1.048,1740.4,1,593.71,126.133,498093.8,1656.451
TRIP-3100,VESSEL-005,Neo-Panamax Green,110000,102000,16500,158.0,Hydrogen,2.98,2800.0,0.08,1452.9,15.73,61299.9,0.601,3,2.48,22.2,1.0833,92.36,76.822,1.016,1417.2,1,94.812,17.99,289973.6,27.495
TRIP-3101,VESSEL-001,Handysize Bulk,35000,32000,7200,175.0,HFO,1.0,620.0,1.0,1010.2,12.78,31705.5,0.9908,1,0.46,4.2,1.0063,79.05,55.542,1.064,719.3,0,71.421,15.879,62031.02,255.687
TRIP-3102,VESSEL-002,Panamax Bulk,75000,70000,12500,168.0,LNG,1.15,780.0,0.78,2777.1,10.41,39076.6,0.5582,6,3.81,36.3,1.1795,266.77,132.939,1.04,1053.5,1,201.058,68.119,176075.24,560.952
TRIP-3103,VESSEL-004,Feeder Container,22000,18500,9800,180.0,Methanol,0.5,950.0,0.35,3740.9,11.81,18480.6,0.999,3,1.36,24.9,1.0874,316.76,483.819,1.032,846.3,1,636.916,153.097,616370.2,796.145
TRIP-3104,VESSEL-002,Panamax Bulk,75000,70000,12500,168.0,Methanol,0.5,950.0,0.35,2143.1,11.52,37034.5,0.5291,1,0.83,8.1,1.0122,186.03,286.823,1.04,1122.5,0,381.067,94.244,385763.65,476.334
TRIP-3105,VESSEL-005,Neo-Panamax Green,110000,102000,16500,158.0,Hydrogen,2.98,2800.0,0.08,3368.5,11.48,89807.1,0.8805,2,0.69,17.1,1.0506,293.42,101.473,1.016,1381.0,0,140.534,39.061,422495.2,40.755
TRIP-3106,VESSEL-004,Feeder Container,22000,18500,9800,180.0,HFO,1.0,620.0,1.0,2710.3,15.8,13076.8,0.7069,1,0.45,11.4,1.0171,171.54,294.466,1.032,863.0,0,358.043,63.577,237786.66,1281.794
TRIP-3107,VESSEL-002,Panamax Bulk,75000,70000,12500,168.0,HFO,1.0,620.0,1.0,2548.5,10.33,33994.4,0.4856,5,2.48,26.5,1.1398,246.71,135.611,1.04,1106.4,0,217.752,82.141,158756.24,779.552
TRIP-3108,VESSEL-005,Neo-Panamax Green,110000,102000,16500,158.0,Ammonia,0.46,1100.0,0.15,1384.9,15.47,73087.0,0.7165,2,1.73,16.8,1.0502,89.52,472.047,1.016,1372.3,1,552.327,80.28,632059.7,298.257
TRIP-3109,VESSEL-002,Panamax Bulk,75000,70000,12500,168.0,Methanol,0.5,950.0,0.35,3389.2,12.61,25056.4,0.3579,2,1.47,8.2,1.0373,268.77,519.787,1.04,1129.6,1,666.894,147.107,652799.3,833.618
TRIP-3110,VESSEL-002,Panamax Bulk,75000,70000,12500,168.0,LNG,1.15,780.0,0.78,2596.0,15.46,50888.6,0.727,2,1.09,9.4,1.0391,167.92,285.797,1.04,1126.3,0,336.756,50.959,286419.68,939.549
TRIP-3111,VESSEL-002,Panamax Bulk,75000,70000,12500,168.0,HFO,1.0,620.0,1.0,1797.6,13.2,38685.3,0.5526,3,2.2,17.7,1.0766,136.18,158.885,1.04,1064.3,0,208.919,50.034,153279.78,747.93
TRIP-3112,VESSEL-001,Handysize Bulk,35000,32000,7200,175.0,HFO,1.0,620.0,1.0,3785.2,14.4,19025.7,0.5946,5,2.52,22.0,1.133,262.86,240.699,1.064,643.9,0,322.788,82.089,217878.56,1155.581
TRIP-3113,VESSEL-005,Neo-Panamax Green,110000,102000,16500,158.0,Methanol,0.5,950.0,0.35,1171.0,11.92,97151.1,0.9525,6,2.86,38.6,1.1829,98.24,230.471,1.016,1377.0,0,321.709,91.238,334623.55,402.136
TRIP-3114,VESSEL-003,Capesize Bulk,180000,170000,21000,162.0,HFO,1.0,620.0,1.0,3173.5,13.56,102586.2,0.6034,4,3.12,30.7,1.121,234.03,486.574,1.048,1812.0,0,643.307,156.733,438350.34,2303.039
TRIP-3115,VESSEL-004,Feeder Container,22000,18500,9800,180.0,HFO,1.0,620.0,1.0,986.3,13.44,10671.6,0.5768,3,1.95,23.2,1.0848,73.39,75.287,1.032,854.1,0,95.176,19.889,74809.12,340.73
TRIP-3116,VESSEL-005,Neo-Panamax Green,110000,102000,16500,158.0,Ammonia,0.46,1100.0,0.15,3396.6,16.75,78998.3,0.7745,2,0.77,10.8,1.0412,202.78,1376.301,1.016,1395.6,1,1564.602,188.301,1745562.2,844.885
TRIP-3117,VESSEL-005,Neo-Panamax Green,110000,102000,16500,158.0,LNG,1.15,780.0,0.78,4127.8,13.92,62138.8,0.6092,1,0.43,6.3,1.0094,296.54,443.837,1.016,1458.1,0,539.126,95.289,449518.28,1504.162
TRIP-3118,VESSEL-001,Handysize Bulk,35000,32000,7200,175.0,Methanol,0.5,950.0,0.35,705.7,9.3,19562.4,0.6113,4,3.02,30.5,1.1207,75.88,37.589,1.064,700.4,1,65.287,27.698,75272.65,81.609
TRIP-3119,VESSEL-003,Capesize Bulk,180000,170000,21000,162.0,HFO,1.0,620.0,1.0,2349.5,15.62,80838.7,0.4755,7,4.96,50.8,1.2262,150.42,462.564,1.048,1733.0,0,651.535,188.971,443451.7,2332.495
TRIP-3120,VESSEL-002,Panamax Bulk,75000,70000,12500,168.0,Ammonia,0.46,1100.0,0.15,2972.1,11.06,66167.7,0.9453,5,2.84,38.7,1.1581,268.73,440.828,1.04,1096.3,0,667.809,226.981,758339.9,360.617
TRIP-3121,VESSEL-002,Panamax Bulk,75000,70000,12500,168.0,Methanol,0.5,950.0,0.35,2045.3,13.13,64865.3,0.9266,3,1.63,22.1,1.0832,155.77,391.639,1.04,1125.2,1,497.323,105.684,491706.85,621.654
TRIP-3122,VESSEL-004,Feeder Container,22000,18500,9800,180.0,HFO,1.0,620.0,1.0,1248.7,11.26,7698.0,0.4161,1,0.34,6.4,1.0096,110.9,64.425,1.032,844.0,1,87.567,23.142,65591.54,313.49
TRIP-3123,VESSEL-004,Feeder Container,22000,18500,9800,180.0,Hydrogen,2.98,2800.0,0.08,1271.0,17.36,16946.8,0.916,1,0.36,8.5,1.0128,73.21,58.554,1.032,894.1,1,63.603,5.049,189388.4,18.445
TRIP-3124,VESSEL-003,Capesize Bulk,180000,170000,21000,162.0,Ammonia,0.46,1100.0,0.15,3991.6,14.74,62259.3,0.3662,1,0.59,11.4,1.0171,270.8,1477.844,1.048,1778.8,0,1733.136,255.292,1945949.6,935.893
TRIP-3125,VESSEL-002,Panamax Bulk,75000,70000,12500,168.0,Methanol,0.5,950.0,0.35,1628.1,10.55,57842.6,0.8263,3,2.08,19.6,1.0794,154.32,196.599,1.04,1116.2,1,289.045,92.446,293842.75,361.306
TRIP-3126,VESSEL-004,Feeder Container,22000,18500,9800,180.0,Methanol,0.5,950.0,0.35,4048.0,15.79,9631.7,0.5206,2,1.24,16.1,1.0491,256.36,841.89,1.032,921.0,0,1002.059,160.169,967756.05,1252.574
TRIP-3127,VESSEL-004,Feeder Container,22000,18500,9800,180.0,HFO,1.0,620.0,1.0,787.5,15.73,6816.4,0.3685,4,2.53,18.2,1.1023,50.06,78.38,1.032,895.4,0,99.362,20.982,77404.44,355.716
TRIP-3128,VESSEL-003,Capesize Bulk,180000,170000,21000,162.0,Ammonia,0.46,1100.0,0.15,1677.8,15.81,157558.2,0.9268,4,1.59,19.3,1.1039,106.12,822.343,1.048,1748.1,0,1048.86,226.517,1193246.0,566.384
TRIP-3129,VESSEL-004,Feeder Container,22000,18500,9800,180.0,Methanol,0.5,950.0,0.35,3640.0,15.05,9588.9,0.5183,4,1.44,27.0,1.1155,241.86,687.381,1.032,906.2,0,898.541,211.16,869413.95,1123.176
TRIP-3130,VESSEL-001,Handysize Bulk,35000,32000,7200,175.0,Methanol,0.5,950.0,0.35,1095.8,12.13,11981.8,0.3744,2,1.46,18.3,1.0524,90.34,93.527,1.064,688.5,1,132.083,38.556,138728.85,165.104
TRIP-3131,VESSEL-002,Panamax Bulk,75000,70000,12500,168.0,Methanol,0.5,950.0,0.35,1006.3,12.74,34969.7,0.4996,6,1.86,45.5,1.1932,78.99,163.484,1.04,1071.8,1,228.283,64.799,236118.85,285.354
TRIP-3132,VESSEL-003,Capesize Bulk,180000,170000,21000,162.0,LNG,1.15,780.0,0.78,3777.9,11.62,94895.2,0.5582,4,3.19,16.9,1.1003,325.12,365.652,1.048,1787.9,1,533.554,167.902,451172.12,1488.616
TRIP-3133,VESSEL-003,Capesize Bulk,180000,170000,21000,162.0,LNG,1.15,780.0,0.78,3699.9,14.49,76576.4,0.4504,6,3.84,39.7,1.1845,255.34,541.497,1.048,1816.0,1,736.741,195.244,609657.98,2055.507
TRIP-3134,VESSEL-002,Panamax Bulk,75000,70000,12500,168.0,LNG,1.15,780.0,0.78,2588.2,10.17,60711.9,0.8673,4,1.57,25.2,1.1128,254.49,127.499,1.04,1126.7,1,204.927,77.428,179093.06,571.746
TRIP-3135,VESSEL-003,Capesize Bulk,180000,170000,21000,162.0,HFO,1.0,620.0,1.0,1759.4,10.85,116139.6,0.6832,3,2.04,14.2,1.0713,162.16,176.196,1.048,1819.3,1,252.894,76.698,191794.28,905.361
TRIP-3136,VESSEL-002,Panamax Bulk,75000,70000,12500,168.0,LNG,1.15,780.0,0.78,3973.7,13.71,60173.5,0.8596,7,4.41,42.6,1.2139,289.84,355.107,1.04,1052.2,1,500.62,145.513,409733.6,1396.73
TRIP-3137,VESSEL-002,Panamax Bulk,75000,70000,12500,168.0,Ammonia,0.46,1100.0,0.15,1019.2,10.09,37505.7,0.5358,2,0.69,11.5,1.0422,101.01,113.938,1.04,1092.4,1,159.99,46.052,195239.0,86.395
TRIP-3138,VESSEL-001,Handysize Bulk,35000,32000,7200,175.0,Methanol,0.5,950.0,0.35,1139.9,12.47,11559.5,0.3612,2,1.74,8.9,1.0383,91.41,102.464,1.064,697.0,0,133.137,30.673,144230.15,166.421
TRIP-3139,VESSEL-001,Handysize Bulk,35000,32000,7200,175.0,LNG,1.15,780.0,0.78,2315.0,10.58,13889.5,0.434,5,1.8,28.8,1.1432,218.81,66.369,1.064,628.2,1,105.726,39.357,95716.28,294.976
TRIP-3140,VESSEL-002,Panamax Bulk,75000,70000,12500,168.0,Methanol,0.5,950.0,0.35,3225.5,10.01,49142.5,0.702,4,2.48,24.4,1.1116,322.23,340.318,1.04,1147.0,1,554.296,213.978,545831.2,692.87
TRIP-3141,VESSEL-004,Feeder Container,22000,18500,9800,180.0,HFO,1.0,620.0,1.0,3803.6,11.83,14057.8,0.7599,2,0.87,17.8,1.0517,321.52,234.412,1.032,903.2,1,309.429,75.017,203145.98,1107.756
TRIP-3142,VESSEL-003,Capesize Bulk,180000,170000,21000,162.0,LNG,1.15,780.0,0.78,3452.8,13.71,122168.4,0.7186,2,1.45,18.9,1.0534,251.85,484.304,1.048,1769.0,1,596.547,112.243,500306.66,1664.366
TRIP-3143,VESSEL-002,Panamax Bulk,75000,70000,12500,168.0,Methanol,0.5,950.0,0.35,596.0,11.19,67036.3,0.9577,2,1.18,12.4,1.0436,53.26,83.485,1.04,1112.9,1,114.926,31.441,128429.7,143.657
TRIP-3144,VESSEL-002,Panamax Bulk,75000,70000,12500,168.0,LNG,1.15,780.0,0.78,2367.6,12.57,33385.0,0.4769,2,0.66,13.5,1.0453,188.35,161.847,1.04,1068.2,0,198.169,36.322,178321.82,552.892
TRIP-3145,VESSEL-004,Feeder Container,22000,18500,9800,180.0,HFO,1.0,620.0,1.0,3661.9,17.07,13264.8,0.717,2,1.03,14.1,1.0461,214.52,465.427,1.032,849.3,1,542.919,77.492,347909.78,1943.65
TRIP-3146,VESSEL-003,Capesize Bulk,180000,170000,21000,162.0,LNG,1.15,780.0,0.78,932.9,11.36,141871.8,0.8345,5,4.33,37.4,1.1561,82.12,92.393,1.048,1751.1,0,133.463,41.07,143601.14,372.362
TRIP-3147,VESSEL-005,Neo-Panamax Green,110000,102000,16500,158.0,Hydrogen,2.98,2800.0,0.08,1525.8,11.14,69818.9,0.6845,3,2.23,13.1,1.0696,136.97,41.308,1.016,1421.6,1,55.469,14.161,179813.2,16.086
TRIP-3148,VESSEL-002,Panamax Bulk,75000,70000,12500,168.0,LNG,1.15,780.0,0.78,642.4,10.22,51971.5,0.7425,6,5.38,27.4,1.1661,62.86,31.023,1.04,1092.7,1,50.334,19.311,58510.52,140.432
TRIP-3149,VESSEL-002,Panamax Bulk,75000,70000,12500,168.0,HFO,1.0,620.0,1.0,3787.4,15.21,69012.5,0.9859,4,1.7,18.7,1.103,249.01,493.286,1.04,1094.5,0,635.066,141.78,417490.92,2273.536
TRIP-3150,VESSEL-004,Feeder Container,22000,18500,9800,180.0,Hydrogen,2.98,2800.0,0.08,1332.9,14.12,11936.7,0.6452,6,3.51,36.3,1.1795,94.4,38.276,1.032,855.9,1,52.335,14.059,157838.0,15.177
TRIP-3151,VESSEL-003,Capesize Bulk,180000,170000,21000,162.0,HFO,1.0,620.0,1.0,2609.6,11.65,59804.9,0.3518,3,2.52,12.6,1.0689,224.0,276.555,1.048,1734.3,0,390.12,113.565,281374.4,1396.63
TRIP-3152,VESSEL-002,Panamax Bulk,75000,70000,12500,168.0,Ammonia,0.46,1100.0,0.15,3002.6,10.98,59954.5,0.8565,2,1.57,9.0,1.0385,273.46,429.942,1.04,1123.9,1,602.174,172.232,681641.4,325.174
TRIP-3153,VESSEL-002,Panamax Bulk,75000,70000,12500,168.0,LNG,1.15,780.0,0.78,3317.8,11.16,50588.2,0.7227,3,2.35,21.6,1.0824,297.29,190.128,1.04,1077.4,1,270.944,80.816,230586.32,755.934
TRIP-3154,VESSEL-002,Panamax Bulk,75000,70000,12500,168.0,LNG,1.15,780.0,0.78,3994.6,13.47,41219.7,0.5889,2,1.32,16.3,1.0494,296.56,322.65,1.04,1140.6,0,399.063,76.413,335019.14,1113.386
TRIP-3155,VESSEL-005,Neo-Panamax Green,110000,102000,16500,158.0,Hydrogen,2.98,2800.0,0.08,2919.5,13.01,57161.1,0.5604,5,1.88,31.2,1.1468,224.4,104.535,1.016,1459.8,1,143.181,38.646,425406.8,41.522
TRIP-3156,VESSEL-003,Capesize Bulk,180000,170000,21000,162.0,Ammonia,0.46,1100.0,0.15,2410.6,12.77,86304.6,0.5077,3,2.26,19.6,1.0794,188.77,695.35,1.048,1791.4,1,907.971,212.621,1033768.1,490.304
TRIP-3157,VESSEL-003,Capesize Bulk,180000,170000,21000,162.0,LNG,1.15,780.0,0.78,3400.7,13.17,97595.7,0.5741,2,0.64,15.7,1.0485,258.22,424.535,1.048,1744.5,1,545.428,120.893,460433.84,1521.744
TRIP-3158,VESSEL-002,Panamax Bulk,75000,70000,12500,168.0,LNG,1.15,780.0,0.78,1577.2,13.33,46197.0,0.66,5,1.99,35.1,1.1527,118.32,126.985,1.04,1130.0,1,176.112,49.127,156617.36,491.352
TRIP-3159,VESSEL-004,Feeder Container,22000,18500,9800,180.0,Hydrogen,2.98,2800.0,0.08,1184.1,17.12,15332.1,0.8288,2,1.2,14.5,1.0467,69.16,52.063,1.032,912.2,1,59.678,7.615,178398.4,17.307
TRIP-3160,VESSEL-002,Panamax Bulk,75000,70000,12500,168.0,Ammonia,0.46,1100.0,0.15,3160.2,12.13,35180.1,0.5026,5,3.81,22.4,1.1336,260.53,506.27,1.04,1103.8,1,712.725,206.455,803247.5,384.872
TRIP-3161,VESSEL-004,Feeder Container,22000,18500,9800,180.0,Hydrogen,2.98,2800.0,0.08,1722.4,14.08,9896.7,0.535,2,0.83,14.5,1.0467,122.33,47.951,1.032,884.9,1,57.566,9.615,172484.8,16.694
TRIP-3162,VESSEL-004,Feeder Container,22000,18500,9800,180.0,Hydrogen,2.98,2800.0,0.08,1603.4,17.74,10670.2,0.5768,3,2.2,25.5,1.0882,90.38,71.548,1.032,887.7,1,87.945,16.397,257546.0,25.504
TRIP-3163,VESSEL-004,Feeder Container,22000,18500,9800,180.0,Methanol,0.5,950.0,0.35,1572.5,11.28,17227.9,0.9312,2,1.8,11.8,1.0427,139.41,182.898,1.032,847.7,0,243.774,60.876,247385.3,304.717
TRIP-3164,VESSEL-004,Feeder Container,22000,18500,9800,180.0,Hydrogen,2.98,2800.0,0.08,2588.9,17.41,11254.2,0.6083,3,1.03,16.8,1.0752,148.7,112.077,1.032,902.4,1,126.593,14.516,365760.4,36.712
TRIP-3165,VESSEL-005,Neo-Panamax Green,110000,102000,16500,158.0,Ammonia,0.46,1100.0,0.15,2491.0,10.05,36155.2,0.3545,3,1.9,22.1,1.0832,247.86,326.939,1.016,1462.1,0,498.67,171.731,577537.0,269.282
TRIP-3166,VESSEL-002,Panamax Bulk,75000,70000,12500,168.0,Methanol,0.5,950.0,0.35,827.4,14.17,69067.8,0.9867,4,2.11,18.4,1.1026,58.39,187.09,1.04,1099.3,0,239.839,52.749,251597.05,299.799
TRIP-3167,VESSEL-001,Handysize Bulk,35000,32000,7200,175.0,LNG,1.15,780.0,0.78,2198.1,13.01,21349.8,0.6672,2,1.03,10.0,1.04,168.95,100.986,1.064,699.5,0,133.363,32.377,121773.14,372.083
TRIP-3168,VESSEL-004,Feeder Container,22000,18500,9800,180.0,HFO,1.0,620.0,1.0,3943.6,11.61,16124.6,0.8716,2,1.1,13.6,1.0454,339.67,239.862,1.032,847.5,1,305.2,65.338,200524.0,1092.616
TRIP-3169,VESSEL-003,Capesize Bulk,180000,170000,21000,162.0,Ammonia,0.46,1100.0,0.15,4181.1,15.61,109056.0,0.6415,1,0.38,7.5,1.0112,267.85,1864.654,1.048,1817.4,0,2273.764,409.11,2540640.4,1227.833
TRIP-3170,VESSEL-003,Capesize Bulk,180000,170000,21000,162.0,HFO,1.0,620.0,1.0,764.3,13.89,129557.2,0.7621,2,1.17,12.9,1.0443,55.03,127.903,1.048,1805.2,0,160.942,33.039,139284.04,576.172
TRIP-3171,VESSEL-001,Handysize Bulk,35000,32000,7200,175.0,HFO,1.0,620.0,1.0,3481.0,12.55,23599.4,0.7375,4,3.2,26.8,1.1152,277.37,174.055,1.064,641.9,0,234.668,60.613,163244.16,840.111
TRIP-3172,VESSEL-002,Panamax Bulk,75000,70000,12500,168.0,Ammonia,0.46,1100.0,0.15,2270.5,13.07,51333.8,0.7333,3,0.91,13.3,1.0699,173.72,447.315,1.04,1118.3,0,562.335,115.02,642318.5,303.661
TRIP-3173,VESSEL-004,Feeder Container,22000,18500,9800,180.0,Methanol,0.5,950.0,0.35,1733.9,13.22,14547.1,0.7863,3,1.44,23.0,1.0845,131.16,268.456,1.032,865.2,1,341.079,72.623,335325.05,426.349
TRIP-3174,VESSEL-005,Neo-Panamax Green,110000,102000,16500,158.0,Methanol,0.5,950.0,0.35,1009.9,12.58,49664.6,0.4869,4,2.29,19.9,1.1048,80.28,197.787,1.016,1462.0,0,268.001,70.214,283600.95,335.001
TRIP-3175,VESSEL-004,Feeder Container,22000,18500,9800,180.0,Methanol,0.5,950.0,0.35,572.3,15.15,13526.9,0.7312,2,0.67,14.3,1.0464,37.78,114.97,1.032,898.5,0,135.806,20.836,144815.7,169.758
TRIP-3176,VESSEL-001,Handysize Bulk,35000,32000,7200,175.0,HFO,1.0,620.0,1.0,3396.9,10.07,22604.9,0.7064,4,2.8,21.1,1.1066,337.33,108.546,1.064,708.3,1,170.282,61.736,118824.84,609.61
TRIP-3177,VESSEL-003,Capesize Bulk,180000,170000,21000,162.0,LNG,1.15,780.0,0.78,1933.9,11.51,168148.3,0.9891,3,2.2,17.9,1.0769,168.02,203.884,1.048,1783.6,0,279.438,75.554,257461.64,779.632
TRIP-3178,VESSEL-003,Capesize Bulk,180000,170000,21000,162.0,LNG,1.15,780.0,0.78,3861.2,12.2,63882.2,0.3758,2,1.44,17.6,1.0514,316.49,392.736,1.048,1761.0,1,506.264,113.528,429885.92,1412.477
TRIP-3179,VESSEL-004,Feeder Container,22000,18500,9800,180.0,Hydrogen,2.98,2800.0,0.08,2607.2,15.02,13147.5,0.7107,4,2.15,27.5,1.1162,173.58,85.973,1.032,912.8,1,109.988,24.015,319266.4,31.897
TRIP-3180,VESSEL-002,Panamax Bulk,75000,70000,12500,168.0,LNG,1.15,780.0,0.78,1826.9,15.41,27008.7,0.3858,2,1.06,18.1,1.0521,118.55,183.273,1.04,1086.8,1,221.831,38.558,192278.18,618.908
TRIP-3181,VESSEL-005,Neo-Panamax Green,110000,102000,16500,158.0,Methanol,0.5,950.0,0.35,1652.0,15.98,70292.0,0.6891,3,1.66,15.6,1.0734,103.38,549.11,1.016,1399.0,1,646.32,97.21,638504.0,807.9
TRIP-3182,VESSEL-001,Handysize Bulk,35000,32000,7200,175.0,Methanol,0.5,950.0,0.35,2211.8,14.43,19043.7,0.5951,2,1.07,16.0,1.049,153.28,282.513,1.064,647.7,0,344.82,62.307,345329.0,431.025
TRIP-3183,VESSEL-003,Capesize Bulk,180000,170000,21000,162.0,LNG,1.15,780.0,0.78,2125.5,10.01,65460.4,0.3851,1,0.4,9.8,1.0147,212.34,145.907,1.048,1778.0,1,232.873,86.966,216640.94,649.716
TRIP-3184,VESSEL-003,Capesize Bulk,180000,170000,21000,162.0,HFO,1.0,620.0,1.0,3966.3,11.04,72915.1,0.4289,3,1.07,15.1,1.0727,359.27,385.329,1.048,1802.6,0,553.204,167.875,382486.48,1980.47
TRIP-3185,VESSEL-001,Handysize Bulk,35000,32000,7200,175.0,HFO,1.0,620.0,1.0,3025.1,10.99,21651.2,0.6766,3,2.61,13.4,1.0701,275.26,114.312,1.064,705.9,1,163.335,49.023,114517.7,584.739
TRIP-3186,VESSEL-004,Feeder Container,22000,18500,9800,180.0,HFO,1.0,620.0,1.0,914.8,13.03,14558.1,0.7869,2,1.79,8.1,1.0372,70.21,68.808,1.032,849.2,1,82.045,13.237,62167.9,293.721
TRIP-3187,VESSEL-005,Neo-Panamax Green,110000,102000,16500,158.0,Methanol,0.5,950.0,0.35,3066.3,10.24,43743.0,0.4289,7,4.58,31.2,1.1968,299.44,391.965,1.016,1388.4,1,667.337,275.372,658470.15,834.171
TRIP-3188,VESSEL-004,Feeder Container,22000,18500,9800,180.0,HFO,1.0,620.0,1.0,1139.7,17.9,8856.4,0.4787,5,2.37,26.7,1.1401,63.67,150.819,1.032,888.9,0,189.953,39.134,133570.86,680.032
TRIP-3189,VESSEL-004,Feeder Container,22000,18500,9800,180.0,Hydrogen,2.98,2800.0,0.08,1995.9,17.42,8029.5,0.434,1,0.78,5.3,1.0079,114.58,83.062,1.032,911.3,1,92.621,9.559,270638.8,26.86
TRIP-3190,VESSEL-003,Capesize Bulk,180000,170000,21000,162.0,Ammonia,0.46,1100.0,0.15,1194.5,11.88,133239.1,0.7838,6,2.48,41.2,1.1868,100.55,319.541,1.048,1810.3,0,461.425,141.884,547067.5,249.17
TRIP-3191,VESSEL-001,Handysize Bulk,35000,32000,7200,175.0,Methanol,0.5,950.0,0.35,3184.0,9.91,31697.4,0.9905,3,1.36,12.3,1.0685,321.29,210.498,1.064,693.0,1,321.041,110.543,318238.95,401.301
TRIP-3192,VESSEL-002,Panamax Bulk,75000,70000,12500,168.0,LNG,1.15,780.0,0.78,3408.9,10.4,60757.7,0.868,2,1.52,14.4,1.0466,327.78,175.64,1.04,1061.0,1,253.016,77.376,216602.48,705.915
TRIP-3193,VESSEL-004,Feeder Container,22000,18500,9800,180.0,HFO,1.0,620.0,1.0,607.0,14.55,15959.1,0.8627,4,3.47,24.5,1.1118,41.72,57.876,1.032,867.8,0,74.687,16.811,62105.94,267.379
TRIP-3194,VESSEL-002,Panamax Bulk,75000,70000,12500,168.0,HFO,1.0,620.0,1.0,2499.6,10.44,47097.8,0.6728,5,2.74,31.3,1.147,239.43,142.416,1.04,1138.5,0,224.343,81.927,162842.66,803.148
TRIP-3195,VESSEL-003,Capesize Bulk,180000,170000,21000,162.0,Ammonia,0.46,1100.0,0.15,2493.4,10.46,136799.3,0.8047,2,1.28,10.1,1.0401,238.37,519.679,1.048,1800.8,0,734.719,215.04,847690.9,396.748
TRIP-3196,VESSEL-003,Capesize Bulk,180000,170000,21000,162.0,Ammonia,0.46,1100.0,0.15,511.1,11.2,153991.6,0.9058,4,2.45,31.7,1.1225,45.63,125.092,1.048,1750.5,0,178.917,53.825,236308.7,96.615
TRIP-3197,VESSEL-004,Feeder Container,22000,18500,9800,180.0,Methanol,0.5,950.0,0.35,3528.1,15.15,8720.7,0.4714,3,2.37,23.4,1.0851,232.88,667.745,1.032,842.7,1,816.361,148.616,786842.95,1020.451
TRIP-3198,VESSEL-003,Capesize Bulk,180000,170000,21000,162.0,HFO,1.0,620.0,1.0,3371.2,11.32,129507.7,0.7618,6,4.57,27.6,1.1664,297.81,374.646,1.048,1752.5,1,593.927,219.281,403234.74,2126.259
TRIP-3199,VESSEL-001,Handysize Bulk,35000,32000,7200,175.0,Methanol,0.5,950.0,0.35,3885.1,10.62,21013.1,0.6567,4,2.28,32.7,1.124,365.83,272.861,1.064,705.5,1,405.517,132.656,398491.15,506.896
TRIP-3200,VESSEL-001,Handysize Bulk,35000,32000,7200,175.0,HFO,1.0,620.0,1.0,2481.0,10.32,27076.3,0.8461,3,2.32,19.9,1.0798,240.41,86.055,1.064,689.5,0,133.573,47.518,100565.26,478.191
TRIP-3201,VESSEL-002,Panamax Bulk,75000,70000,12500,168.0,Methanol,0.5,950.0,0.35,3523.0,13.49,32144.9,0.4592,2,0.99,13.4,1.0451,261.16,635.055,1.04,1109.5,0,784.729,149.674,769242.55,980.911
TRIP-3202,VESSEL-001,Handysize Bulk,35000,32000,7200,175.0,LNG,1.15,780.0,0.78,913.2,12.25,23104.4,0.722,2,0.9,13.4,1.0451,74.55,37.692,1.064,699.1,1,50.926,13.234,52972.28,142.084
TRIP-3203,VESSEL-002,Panamax Bulk,75000,70000,12500,168.0,LNG,1.15,780.0,0.78,3279.2,12.14,31899.8,0.4557,2,1.18,15.6,1.0484,270.12,207.95,1.04,1072.8,0,276.673,68.723,239554.94,771.918
TRIP-3204,VESSEL-001,Handysize Bulk,35000,32000,7200,175.0,Methanol,0.5,950.0,0.35,1080.7,13.21,15283.5,0.4776,4,2.14,32.1,1.1231,81.81,112.333,1.064,720.3,1,154.173,41.84,159714.35,192.716
TRIP-3205,VESSEL-003,Capesize Bulk,180000,170000,21000,162.0,Ammonia,0.46,1100.0,0.15,803.4,11.17,157004.4,0.9236,3,1.47,25.4,1.0881,71.92,196.399,1.048,1741.8,0,276.307,79.908,343437.7,149.206
TRIP-3206,VESSEL-004,Feeder Container,22000,18500,9800,180.0,HFO,1.0,620.0,1.0,3066.1,17.4,9411.9,0.5088,4,1.86,16.5,1.0998,176.21,386.101,1.032,870.5,0,479.555,93.454,313124.1,1716.807
TRIP-3207,VESSEL-005,Neo-Panamax Green,110000,102000,16500,158.0,Hydrogen,2.98,2800.0,0.08,549.7,12.67,71177.3,0.6978,4,3.42,30.3,1.1204,43.39,19.314,1.016,1373.7,0,26.765,7.451,103942.0,7.762
TRIP-3208,VESSEL-005,Neo-Panamax Green,110000,102000,16500,158.0,Methanol,0.5,950.0,0.35,2326.4,16.21,45095.0,0.4421,1,0.47,10.5,1.0157,143.52,747.814,1.016,1467.5,1,856.145,108.331,837837.75,1070.181
TRIP-3209,VESSEL-001,Handysize Bulk,35000,32000,7200,175.0,HFO,1.0,620.0,1.0,3710.5,14.1,28311.1,0.8847,5,2.96,24.2,1.1363,263.16,242.401,1.064,628.1,0,325.642,83.241,219648.04,1165.798
TRIP-3210,VESSEL-002,Panamax Bulk,75000,70000,12500,168.0,LNG,1.15,780.0,0.78,980.8,10.29,68885.9,0.9841,3,1.7,12.1,1.0682,95.32,50.822,1.04,1116.8,1,74.245,23.423,77161.1,207.144
TRIP-3211,VESSEL-005,Neo-Panamax Green,110000,102000,16500,158.0,Hydrogen,2.98,2800.0,0.08,1970.2,12.21,58353.0,0.5721,3,1.64,21.9,1.0829,161.36,62.319,1.016,1394.6,0,83.27,20.951,262156.0,24.148
TRIP-3212,VESSEL-005,Neo-Panamax Green,110000,102000,16500,158.0,Methanol,0.5,950.0,0.35,1368.6,10.94,69507.8,0.6814,5,2.02,20.4,1.1306,125.1,212.808,1.016,1414.8,1,310.435,97.627,319413.25,388.044
TRIP-3213,VESSEL-005,Neo-Panamax Green,110000,102000,16500,158.0,LNG,1.15,780.0,0.78,3383.6,15.83,47308.7,0.4638,4,2.76,23.4,1.1101,213.75,453.513,1.016,1406.7,1,559.174,105.661,460655.72,1560.095
TRIP-3214,VESSEL-004,Feeder Container,22000,18500,9800,180.0,HFO,1.0,620.0,1.0,1013.8,16.83,6862.4,0.3709,4,3.45,16.9,1.1003,60.24,115.592,1.032,904.1,0,139.454,23.862,102261.48,499.245
TRIP-3215,VESSEL-003,Capesize Bulk,180000,170000,21000,162.0,LNG,1.15,780.0,0.78,3109.8,14.86,89869.5,0.5286,3,1.83,20.4,1.0806,209.27,488.51,1.048,1731.8,1,614.847,126.337,514580.66,1715.423
TRIP-3216,VESSEL-002,Panamax Bulk,75000,70000,12500,168.0,LNG,1.15,780.0,0.78,2502.4,12.45,58967.6,0.8424,3,2.19,14.4,1.0716,201.0,183.666,1.04,1095.7,0,241.374,57.708,212021.72,673.433
TRIP-3217,VESSEL-002,Panamax Bulk,75000,70000,12500,168.0,Methanol,0.5,950.0,0.35,779.4,13.05,30036.1,0.4291,2,1.3,10.1,1.0401,59.72,130.44,1.04,1077.5,0,161.922,31.482,177575.9,202.403
TRIP-3218,VESSEL-004,Feeder Container,22000,18500,9800,180.0,HFO,1.0,620.0,1.0,2711.0,16.77,9547.1,0.5161,4,3.36,25.3,1.1129,161.66,317.663,1.032,890.1,1,401.058,83.395,259955.96,1435.788
TRIP-3219,VESSEL-004,Feeder Container,22000,18500,9800,180.0,HFO,1.0,620.0,1.0,2541.5,12.19,16894.1,0.9132,5,1.51,32.6,1.1489,208.49,171.942,1.032,875.2,0,249.592,77.65,170547.04,893.539
TRIP-3220,VESSEL-002,Panamax Bulk,75000,70000,12500,168.0,LNG,1.15,780.0,0.78,3881.1,9.88,52823.0,0.7546,3,1.09,13.2,1.0698,392.82,175.669,1.04,1078.2,1,267.5,91.831,227900.0,746.325
TRIP-3221,VESSEL-003,Capesize Bulk,180000,170000,21000,162.0,HFO,1.0,620.0,1.0,1767.3,15.34,108141.0,0.6361,2,1.0,8.8,1.0382,115.21,349.652,1.048,1810.3,0,417.416,67.764,298297.92,1494.349
TRIP-3222,VESSEL-002,Panamax Bulk,75000,70000,12500,168.0,LNG,1.15,780.0,0.78,722.9,11.98,51600.6,0.7372,2,0.87,12.5,1.0437,60.34,47.904,1.04,1087.1,1,65.173,17.269,70084.94,181.833
TRIP-3223,VESSEL-002,Panamax Bulk,75000,70000,12500,168.0,HFO,1.0,620.0,1.0,541.9,9.84,27022.6,0.386,1,0.82,9.6,1.0144,55.07,25.492,1.04,1149.6,0,40.214,14.722,48682.68,143.966
TRIP-3224,VESSEL-004,Feeder Container,22000,18500,9800,180.0,Hydrogen,2.98,2800.0,0.08,2980.2,16.92,15054.6,0.8138,1,0.41,11.7,1.0175,176.13,127.578,1.032,879.4,1,149.11,21.532,428808.0,43.242
TRIP-3225,VESSEL-004,Feeder Container,22000,18500,9800,180.0,Hydrogen,2.98,2800.0,0.08,2689.1,11.29,12080.8,0.653,2,1.46,13.5,1.0453,238.18,49.455,1.032,926.8,1,68.263,18.808,202436.4,19.796
TRIP-3226,VESSEL-002,Panamax Bulk,75000,70000,12500,168.0,Methanol,0.5,950.0,0.35,3328.0,15.13,59618.0,0.8517,5,3.23,27.9,1.1419,219.96,831.507,1.04,1098.1,1,1099.634,268.127,1063902.3,1374.543
TRIP-3227,VESSEL-002,Panamax Bulk,75000,70000,12500,168.0,Methanol,0.5,950.0,0.35,3529.9,13.16,34422.7,0.4918,3,1.3,18.7,1.078,268.23,610.656,1.04,1149.7,0,789.594,178.938,773864.3,986.993
TRIP-3228,VESSEL-002,Panamax Bulk,75000,70000,12500,168.0,Methanol,0.5,950.0,0.35,3691.8,14.65,31605.0,0.4515,1,0.84,6.1,1.0091,252.0,783.27,1.04,1111.1,0,923.321,140.051,900904.95,1154.151
TRIP-3229,VESSEL-003,Capesize Bulk,180000,170000,21000,162.0,LNG,1.15,780.0,0.78,2010.2,15.28,157543.7,0.9267,2,1.36,17.6,1.0514,131.56,368.134,1.048,1737.5,0,433.404,65.27,377555.12,1209.197
TRIP-3230,VESSEL-004,Feeder Container,22000,18500,9800,180.0,Hydrogen,2.98,2800.0,0.08,3679.1,15.77,13697.9,0.7404,1,0.36,10.9,1.0164,233.3,134.629,1.032,884.3,0,155.285,20.656,450598.0,45.033
TRIP-3231,VESSEL-002,Panamax Bulk,75000,70000,12500,168.0,LNG,1.15,780.0,0.78,3430.2,14.87,55876.9,0.7982,2,0.95,17.5,1.0513,230.68,355.4,1.04,1111.5,1,433.584,78.184,357445.52,1209.699
TRIP-3232,VESSEL-002,Panamax Bulk,75000,70000,12500,168.0,HFO,1.0,620.0,1.0,1623.7,13.43,26417.6,0.3774,4,1.56,19.8,1.1047,120.9,141.961,1.04,1137.9,1,182.432,40.471,132357.84,653.107
TRIP-3233,VESSEL-005,Neo-Panamax Green,110000,102000,16500,158.0,Methanol,0.5,950.0,0.35,2625.0,11.48,58335.5,0.5719,2,1.18,12.5,1.0437,228.66,437.445,1.016,1417.7,1,610.866,173.421,604822.7,763.582
TRIP-3234,VESSEL-004,Feeder Container,22000,18500,9800,180.0,Methanol,0.5,950.0,0.35,2645.9,13.2,13639.2,0.7373,5,3.87,37.1,1.1557,200.45,404.015,1.032,923.1,1,549.078,145.063,532924.1,686.347
TRIP-3235,VESSEL-005,Neo-Panamax Green,110000,102000,16500,158.0,Ammonia,0.46,1100.0,0.15,3051.4,11.51,73608.2,0.7216,3,2.43,25.4,1.0881,265.11,576.479,1.016,1426.9,0,821.711,245.232,932882.1,443.724
TRIP-3236,VESSEL-004,Feeder Container,22000,18500,9800,180.0,Hydrogen,2.98,2800.0,0.08,3788.8,16.12,11479.0,0.6205,3,2.04,20.9,1.0814,235.04,141.01,1.032,852.4,0,169.821,28.811,491298.8,49.248
TRIP-3237,VESSEL-003,Capesize Bulk,180000,170000,21000,162.0,Ammonia,0.46,1100.0,0.15,841.1,11.04,112497.5,0.6617,5,1.8,32.3,1.1485,76.19,188.581,1.048,1764.0,0,286.655,98.074,354820.5,154.794
TRIP-3238,VESSEL-001,Handysize Bulk,35000,32000,7200,175.0,HFO,1.0,620.0,1.0,4161.4,9.36,23218.0,0.7256,4,2.98,16.5,1.0998,444.59,115.412,1.064,628.1,0,195.633,80.221,139042.46,700.366
TRIP-3239,VESSEL-004,Feeder Container,22000,18500,9800,180.0,Methanol,0.5,950.0,0.35,1493.5,16.72,6616.9,0.3577,2,0.78,15.7,1.0485,89.32,335.029,1.032,890.7,0,380.282,45.253,377067.9,475.352
TRIP-3240,VESSEL-001,Handysize Bulk,35000,32000,7200,175.0,Methanol,0.5,950.0,0.35,1546.3,11.62,18185.7,0.5683,4,3.5,25.9,1.1139,133.07,127.225,1.064,717.3,0,187.062,59.837,195458.9,233.828
TRIP-3241,VESSEL-003,Capesize Bulk,180000,170000,21000,162.0,LNG,1.15,780.0,0.78,3956.0,15.12,129224.8,0.7601,3,1.33,15.0,1.0725,261.64,681.756,1.048,1785.6,0,874.661,192.905,721735.58,2440.304
TRIP-3242,VESSEL-002,Panamax Bulk,75000,70000,12500,168.0,HFO,1.0,620.0,1.0,3596.7,14.72,63439.7,0.9063,3,2.07,22.9,1.0844,244.34,430.768,1.04,1059.2,0,543.41,112.642,360664.2,1945.408
TRIP-3243,VESSEL-001,Handysize Bulk,35000,32000,7200,175.0,HFO,1.0,620.0,1.0,1353.6,11.81,28623.5,0.8945,4,2.17,31.4,1.1221,114.61,62.173,1.064,688.7,1,89.143,26.97,68518.66,319.132
TRIP-3244,VESSEL-004,Feeder Container,22000,18500,9800,180.0,HFO,1.0,620.0,1.0,2778.4,17.85,15943.8,0.8618,3,1.52,17.9,1.0769,155.65,398.616,1.032,866.8,1,476.708,78.092,306858.96,1706.615
TRIP-3245,VESSEL-004,Feeder Container,22000,18500,9800,180.0,HFO,1.0,620.0,1.0,2634.5,13.93,13043.3,0.705,4,1.21,30.3,1.1204,189.12,222.389,1.032,860.8,1,297.743,75.354,195900.66,1065.92
TRIP-3246,VESSEL-001,Handysize Bulk,35000,32000,7200,175.0,LNG,1.15,780.0,0.78,1414.7,9.14,18870.1,0.5897,6,2.75,45.7,1.1936,154.78,31.477,1.064,719.8,1,58.717,27.24,59049.26,163.82
TRIP-3247,VESSEL-003,Capesize Bulk,180000,170000,21000,162.0,HFO,1.0,620.0,1.0,3620.2,10.01,147224.1,0.866,6,2.59,40.9,1.1864,361.66,322.558,1.048,1781.9,1,539.916,217.358,369747.92,1932.899
TRIP-3248,VESSEL-001,Handysize Bulk,35000,32000,7200,175.0,Methanol,0.5,950.0,0.35,1617.6,11.68,21060.0,0.6581,2,1.75,17.5,1.0513,138.49,137.465,1.064,707.7,0,184.208,46.743,192747.6,230.26
TRIP-3249,VESSEL-001,Handysize Bulk,35000,32000,7200,175.0,Methanol,0.5,950.0,0.35,2363.1,13.45,15041.2,0.47,2,1.05,17.4,1.0511,175.7,254.154,1.064,715.1,0,327.079,72.925,328475.05,408.849
TRIP-3250,VESSEL-004,Feeder Container,22000,18500,9800,180.0,Methanol,0.5,950.0,0.35,3214.0,16.95,13075.5,0.7068,4,2.03,28.9,1.1183,189.62,803.738,1.032,918.3,1,1041.722,237.984,1000935.9,1302.152
TRIP-3251,VESSEL-005,Neo-Panamax Green,110000,102000,16500,158.0,Ammonia,0.46,1100.0,0.15,2070.9,12.52,98266.5,0.9634,5,4.07,22.5,1.1338,165.41,489.973,1.016,1466.6,1,685.64,195.667,778704.0,370.246
TRIP-3252,VESSEL-004,Feeder Container,22000,18500,9800,180.0,Hydrogen,2.98,2800.0,0.08,3565.7,13.9,15301.2,0.8271,1,0.71,6.3,1.0094,256.53,103.32,1.032,841.5,1,123.062,19.742,355873.6,35.688
TRIP-3253,VESSEL-005,Neo-Panamax Green,110000,102000,16500,158.0,LNG,1.15,780.0,0.78,3615.7,15.16,84845.7,0.8318,3,0.92,15.6,1.0734,238.5,486.623,1.016,1416.8,1,574.424,87.801,472550.72,1602.643
TRIP-3254,VESSEL-001,Handysize Bulk,35000,32000,7200,175.0,HFO,1.0,620.0,1.0,4125.3,9.5,18111.3,0.566,3,1.42,24.8,1.0872,434.24,113.369,1.064,659.6,1,194.094,80.725,133588.28,694.857
TRIP-3255,VESSEL-005,Neo-Panamax Green,110000,102000,16500,158.0,Methanol,0.5,950.0,0.35,1387.3,11.1,72915.1,0.7149,1,0.86,4.4,1.0066,124.98,223.88,1.016,1441.7,1,303.022,79.142,312370.9,378.777
TRIP-3256,VESSEL-004,Feeder Container,22000,18500,9800,180.0,Hydrogen,2.98,2800.0,0.08,956.6,15.14,15770.1,0.8524,4,3.37,19.0,1.1035,63.18,33.064,1.032,917.9,0,41.246,8.182,131288.8,11.961
TRIP-3257,VESSEL-002,Panamax Bulk,75000,70000,12500,168.0,LNG,1.15,780.0,0.78,1612.3,11.54,45963.1,0.6566,2,1.49,10.5,1.0407,139.71,97.205,1.04,1090.8,1,128.034,30.829,119116.52,357.215
TRIP-3258,VESSEL-004,Feeder Container,22000,18500,9800,180.0,Methanol,0.5,950.0,0.35,3565.2,16.52,13043.5,0.7051,2,1.45,12.6,1.0439,215.81,846.554,1.032,841.7,1,963.298,116.744,926433.1,1204.122
TRIP-3259,VESSEL-004,Feeder Container,22000,18500,9800,180.0,Methanol,0.5,950.0,0.35,3326.7,12.9,17490.5,0.9454,2,0.89,12.8,1.0442,257.88,507.556,1.032,863.3,0,626.177,118.621,610668.15,782.721
TRIP-3260,VESSEL-003,Capesize Bulk,180000,170000,21000,162.0,Ammonia,0.46,1100.0,0.15,2679.0,11.59,68622.1,0.4037,3,2.25,25.8,1.0887,231.15,619.413,1.048,1742.0,0,847.921,228.508,972213.1,457.877
TRIP-3261,VESSEL-003,Capesize Bulk,180000,170000,21000,162.0,HFO,1.0,620.0,1.0,2666.9,14.13,63638.9,0.3743,1,0.46,8.0,1.012,188.74,418.295,1.048,1821.1,1,509.83,91.535,351094.6,1825.191
TRIP-3262,VESSEL-003,Capesize Bulk,180000,170000,21000,162.0,HFO,1.0,620.0,1.0,1808.7,15.98,168549.3,0.9915,3,2.53,13.3,1.0699,113.19,422.93,1.048,1775.2,0,512.476,89.546,357235.12,1834.664
TRIP-3263,VESSEL-003,Capesize Bulk,180000,170000,21000,162.0,Ammonia,0.46,1100.0,0.15,817.5,12.95,127233.9,0.7484,4,2.44,25.7,1.1136,63.13,257.642,1.048,1796.6,1,379.633,121.991,452596.3,205.002
TRIP-3264,VESSEL-001,Handysize Bulk,35000,32000,7200,175.0,LNG,1.15,780.0,0.78,510.7,13.13,20085.9,0.6277,3,2.61,15.6,1.0734,38.9,23.672,1.064,707.6,1,31.726,8.054,37996.28,88.516
TRIP-3265,VESSEL-004,Feeder Container,22000,18500,9800,180.0,HFO,1.0,620.0,1.0,3960.9,13.57,11837.2,0.6398,4,3.3,28.9,1.1183,291.89,312.681,1.032,865.0,0,401.178,88.497,264530.36,1436.217
TRIP-3266,VESSEL-002,Panamax Bulk,75000,70000,12500,168.0,Ammonia,0.46,1100.0,0.15,1442.4,13.17,62056.3,0.8865,4,1.69,25.3,1.1129,109.52,299.239,1.04,1093.4,1,403.329,104.09,462911.9,217.798
TRIP-3267,VESSEL-003,Capesize Bulk,180000,170000,21000,162.0,HFO,1.0,620.0,1.0,2531.2,14.0,121217.7,0.713,3,2.6,25.1,1.0877,180.8,425.155,1.048,1766.0,0,557.081,131.926,384890.22,1994.35
TRIP-3268,VESSEL-001,Handysize Bulk,35000,32000,7200,175.0,Methanol,0.5,950.0,0.35,2862.5,10.27,15846.5,0.4952,3,1.21,24.4,1.0866,278.72,180.637,1.064,713.4,1,271.978,91.341,271629.1,339.973
TRIP-3269,VESSEL-001,Handysize Bulk,35000,32000,7200,175.0,HFO,1.0,620.0,1.0,1521.4,9.31,13420.2,0.4194,2,1.65,18.8,1.0532,163.42,38.695,1.064,707.7,1,66.91,28.215,54734.2,239.538
TRIP-3270,VESSEL-003,Capesize Bulk,180000,170000,21000,162.0,Ammonia,0.46,1100.0,0.15,1106.3,13.61,76584.8,0.4505,3,1.5,24.7,1.0871,81.29,357.132,1.048,1791.2,1,486.971,129.839,570668.1,262.964
TRIP-3271,VESSEL-004,Feeder Container,22000,18500,9800,180.0,Methanol,0.5,950.0,0.35,3111.7,14.49,11659.8,0.6303,3,2.66,21.4,1.0821,214.75,558.939,1.032,900.0,0,709.045,150.106,689392.75,886.306
TRIP-3272,VESSEL-002,Panamax Bulk,75000,70000,12500,168.0,LNG,1.15,780.0,0.78,2233.5,10.1,52863.4,0.7552,3,2.12,20.7,1.0811,221.14,105.663,1.04,1079.4,1,157.169,51.506,141841.82,438.502
TRIP-3273,VESSEL-003,Capesize Bulk,180000,170000,21000,162.0,Ammonia,0.46,1100.0,0.15,1549.0,12.94,168570.6,0.9916,3,2.13,13.8,1.0707,119.71,516.318,1.048,1765.4,1,658.582,142.264,759440.2,355.634
TRIP-3274,VESSEL-001,Handysize Bulk,35000,32000,7200,175.0,LNG,1.15,780.0,0.78,3114.5,13.76,19371.5,0.6054,4,1.92,32.5,1.1238,226.34,157.666,1.064,712.5,0,219.695,62.029,189112.1,612.949
TRIP-3275,VESSEL-001,Handysize Bulk,35000,32000,7200,175.0,LNG,1.15,780.0,0.78,2935.2,13.75,25556.8,0.7986,2,1.09,12.8,1.0442,213.47,155.425,1.064,699.4,0,194.321,38.896,169320.38,542.156
TRIP-3276,VESSEL-003,Capesize Bulk,180000,170000,21000,162.0,LNG,1.15,780.0,0.78,1839.7,10.81,87150.5,0.5127,4,1.98,31.0,1.1215,170.19,152.31,1.048,1760.0,0,231.024,78.714,219698.72,644.557
TRIP-3277,VESSEL-003,Capesize Bulk,180000,170000,21000,162.0,LNG,1.15,780.0,0.78,4025.8,15.79,169916.1,0.9995,4,2.99,28.9,1.1183,254.96,800.669,1.048,1816.3,0,1015.068,214.399,831253.04,2832.04
TRIP-3278,VESSEL-005,Neo-Panamax Green,110000,102000,16500,158.0,Methanol,0.5,950.0,0.35,1498.7,14.54,54029.4,0.5297,5,2.41,35.4,1.1531,103.07,396.378,1.016,1434.3,1,529.987,133.609,527987.65,662.484
TRIP-3279,VESSEL-003,Capesize Bulk,180000,170000,21000,162.0,LNG,1.15,780.0,0.78,4156.2,10.21,113498.8,0.6676,2,1.24,15.4,1.0481,407.07,319.254,1.048,1778.4,1,498.572,179.318,423886.16,1391.016
TRIP-3280,VESSEL-003,Capesize Bulk,180000,170000,21000,162.0,LNG,1.15,780.0,0.78,2948.9,15.4,113081.5,0.6652,2,1.19,8.2,1.0373,191.49,515.031,1.048,1769.1,0,618.738,103.707,522115.64,1726.279
TRIP-3281,VESSEL-003,Capesize Bulk,180000,170000,21000,162.0,HFO,1.0,620.0,1.0,2230.4,14.04,147002.3,0.8647,5,4.12,27.1,1.1407,158.86,390.829,1.048,1767.7,1,514.211,123.382,353810.82,1840.875
TRIP-3282,VESSEL-005,Neo-Panamax Green,110000,102000,16500,158.0,Ammonia,0.46,1100.0,0.15,1246.0,15.28,55425.1,0.5434,2,1.23,8.1,1.0372,81.54,396.955,1.016,1441.0,1,468.222,71.267,539544.2,252.84
TRIP-3283,VESSEL-001,Handysize Bulk,35000,32000,7200,175.0,Methanol,0.5,950.0,0.35,3090.0,10.45,14907.7,0.4659,2,1.54,10.2,1.0403,295.69,200.393,1.064,687.3,1,301.725,101.332,299888.75,377.156
TRIP-3284,VESSEL-004,Feeder Container,22000,18500,9800,180.0,Methanol,0.5,950.0,0.35,1083.3,12.38,12357.6,0.668,4,3.17,28.0,1.117,87.5,143.254,1.032,878.0,1,205.974,62.72,206975.3,257.467
TRIP-3285,VESSEL-001,Handysize Bulk,35000,32000,7200,175.0,Methanol,0.5,950.0,0.35,854.0,11.69,12475.8,0.3899,3,2.6,24.7,1.0871,73.05,67.964,1.064,672.6,0,97.133,29.169,110026.35,121.416
TRIP-3286,VESSEL-005,Neo-Panamax Green,110000,102000,16500,158.0,Methanol,0.5,950.0,0.35,919.0,15.31,36735.0,0.3601,1,0.38,10.0,1.015,60.03,257.928,1.016,1458.5,0,297.955,40.027,312057.25,372.444
TRIP-3287,VESSEL-001,Handysize Bulk,35000,32000,7200,175.0,LNG,1.15,780.0,0.78,1795.8,10.5,24660.0,0.7706,6,2.27,46.8,1.1952,171.03,55.087,1.064,627.2,1,84.668,29.581,79291.04,236.224
TRIP-3288,VESSEL-001,Handysize Bulk,35000,32000,7200,175.0,HFO,1.0,620.0,1.0,2673.3,13.82,14039.7,0.4387,1,0.49,5.2,1.0078,193.44,150.567,1.064,723.8,0,187.266,36.699,133854.92,670.412
TRIP-3289,VESSEL-004,Feeder Container,22000,18500,9800,180.0,Methanol,0.5,950.0,0.35,2742.4,12.35,17409.4,0.941,3,0.99,22.5,1.0837,222.06,383.146,1.032,881.8,1,515.64,132.494,501158.0,644.55
TRIP-3290,VESSEL-001,Handysize Bulk,35000,32000,7200,175.0,LNG,1.15,780.0,0.78,3707.7,9.78,14538.5,0.4543,2,1.06,11.7,1.0425,379.11,91.301,1.064,712.5,1,149.323,58.022,129721.94,416.611
TRIP-3291,VESSEL-001,Handysize Bulk,35000,32000,7200,175.0,LNG,1.15,780.0,0.78,865.1,13.05,28899.2,0.9031,2,0.76,13.1,1.0446,66.29,42.274,1.064,697.8,1,54.655,12.381,55880.9,152.487
TRIP-3292,VESSEL-002,Panamax Bulk,75000,70000,12500,168.0,HFO,1.0,620.0,1.0,1548.5,10.13,37064.2,0.5295,5,3.16,32.2,1.1483,152.86,80.133,1.04,1086.7,0,127.721,47.588,102937.02,457.241
TRIP-3293,VESSEL-004,Feeder Container,22000,18500,9800,180.0,HFO,1.0,620.0,1.0,3667.8,15.4,7605.9,0.4111,4,2.62,31.6,1.1224,238.17,353.54,1.032,850.9,0,449.866,96.326,294716.92,1610.52
TRIP-3294,VESSEL-002,Panamax Bulk,75000,70000,12500,168.0,Ammonia,0.46,1100.0,0.15,4188.1,14.29,37658.8,0.538,2,1.75,17.9,1.0518,293.08,939.626,1.04,1105.2,1,1166.064,226.438,1301920.4,629.675
TRIP-3295,VESSEL-005,Neo-Panamax Green,110000,102000,16500,158.0,Methanol,0.5,950.0,0.35,3148.6,15.15,91164.6,0.8938,3,1.31,23.9,1.0858,207.83,987.574,1.016,1445.0,1,1266.566,278.992,1227737.7,1583.207
TRIP-3296,VESSEL-005,Neo-Panamax Green,110000,102000,16500,158.0,Methanol,0.5,950.0,0.35,2376.9,15.2,92469.0,0.9066,3,2.44,15.3,1.073,156.38,752.701,1.016,1414.4,1,973.935,221.234,949738.25,1217.419
TRIP-3297,VESSEL-003,Capesize Bulk,180000,170000,21000,162.0,HFO,1.0,620.0,1.0,1367.5,10.1,82989.3,0.4882,2,0.94,14.5,1.0467,135.4,112.938,1.048,1818.6,1,166.347,53.409,138135.14,595.522
TRIP-3298,VESSEL-001,Handysize Bulk,35000,32000,7200,175.0,HFO,1.0,620.0,1.0,2574.1,14.14,30172.0,0.9429,2,1.37,11.4,1.0421,182.04,171.373,1.064,667.2,0,217.365,45.992,152516.3,778.167
TRIP-3299,VESSEL-001,Handysize Bulk,35000,32000,7200,175.0,Methanol,0.5,950.0,0.35,2247.5,9.04,17379.2,0.5431,2,1.57,13.9,1.0458,248.62,111.223,1.064,705.4,1,193.01,81.787,196609.5,241.262
TRIP-3300,VESSEL-001,Handysize Bulk,35000,32000,7200,175.0,LNG,1.15,780.0,0.78,2852.9,10.56,24654.1,0.7704,2,1.71,13.3,1.0449,270.16,88.513,1.064,702.4,0,129.921,41.408,119088.38,362.48
TRIP-3301,VESSEL-004,Feeder Container,22000,18500,9800,180.0,Methanol,0.5,950.0,0.35,1524.8,11.58,8747.3,0.4728,7,3.85,41.0,1.2115,131.68,168.668,1.032,911.0,1,264.297,95.629,262382.15,330.371
TRIP-3302,VESSEL-002,Panamax Bulk,75000,70000,12500,168.0,HFO,1.0,620.0,1.0,1910.7,14.28,42762.1,0.6109,5,3.55,32.4,1.1486,133.8,200.563,1.04,1125.8,1,271.721,71.158,187717.02,972.761
TRIP-3303,VESSEL-003,Capesize Bulk,180000,170000,21000,162.0,Ammonia,0.46,1100.0,0.15,567.2,11.92,121152.9,0.7127,3,2.26,14.3,1.0715,47.58,150.113,1.048,1736.5,0,205.539,55.426,265592.9,110.991
TRIP-3304,VESSEL-005,Neo-Panamax Green,110000,102000,16500,158.0,LNG,1.15,780.0,0.78,1891.9,14.61,57852.1,0.5672,2,1.6,13.6,1.0454,129.49,221.743,1.016,1425.7,1,274.167,52.424,238350.26,764.926
TRIP-3305,VESSEL-003,Capesize Bulk,180000,170000,21000,162.0,Ammonia,0.46,1100.0,0.15,611.1,10.4,77354.5,0.455,4,2.72,19.6,1.1044,58.76,115.323,1.048,1744.9,0,180.255,64.932,237780.5,97.338
TRIP-3306,VESSEL-001,Handysize Bulk,35000,32000,7200,175.0,LNG,1.15,780.0,0.78,3293.8,9.49,31961.6,0.9988,3,1.96,19.1,1.0787,347.08,86.983,1.064,651.7,0,144.048,57.065,130107.44,401.894
TRIP-3307,VESSEL-004,Feeder Container,22000,18500,9800,180.0,Hydrogen,2.98,2800.0,0.08,2575.0,11.49,7370.5,0.3984,5,4.24,20.2,1.1303,224.11,46.224,1.032,844.7,1,68.169,21.945,202173.2,19.769
TRIP-3308,VESSEL-001,Handysize Bulk,35000,32000,7200,175.0,Methanol,0.5,950.0,0.35,768.7,12.73,15370.9,0.4803,1,0.67,4.3,1.0065,60.38,74.246,1.064,699.9,1,96.632,22.386,105050.4,120.79
TRIP-3309,VESSEL-001,Handysize Bulk,35000,32000,7200,175.0,LNG,1.15,780.0,0.78,2807.5,14.44,17355.6,0.5424,2,1.07,14.0,1.046,194.43,154.102,1.064,687.2,1,197.567,43.465,167352.26,551.212
TRIP-3310,VESSEL-002,Panamax Bulk,75000,70000,12500,168.0,Ammonia,0.46,1100.0,0.15,537.6,12.37,34300.1,0.49,2,0.91,13.3,1.0449,43.46,89.276,1.04,1126.2,0,119.683,30.407,155401.3,64.629
TRIP-3311,VESSEL-005,Neo-Panamax Green,110000,102000,16500,158.0,Methanol,0.5,950.0,0.35,2736.5,11.55,50349.1,0.4936,5,3.52,33.5,1.1502,236.93,452.543,1.016,1450.6,1,682.159,229.616,672551.05,852.699
TRIP-3312,VESSEL-001,Handysize Bulk,35000,32000,7200,175.0,LNG,1.15,780.0,0.78,3423.7,13.94,25747.1,0.8046,2,0.76,9.2,1.0388,245.6,186.594,1.064,711.7,0,240.334,53.74,205210.52,670.532
TRIP-3313,VESSEL-001,Handysize Bulk,35000,32000,7200,175.0,HFO,1.0,620.0,1.0,3364.3,14.17,13650.8,0.4266,3,2.36,22.5,1.0837,237.42,198.578,1.064,689.3,0,264.857,66.279,181961.34,948.188
TRIP-3314,VESSEL-002,Panamax Bulk,75000,70000,12500,168.0,LNG,1.15,780.0,0.78,877.8,13.92,33011.2,0.4716,2,0.95,9.7,1.0395,63.06,73.486,1.04,1103.6,0,93.671,20.185,96813.38,261.342
TRIP-3315,VESSEL-004,Feeder Container,22000,18500,9800,180.0,Methanol,0.5,950.0,0.35,669.2,16.02,8949.9,0.4838,4,3.23,27.9,1.1168,41.77,142.024,1.032,898.4,1,178.17,36.146,180561.5,222.712
TRIP-3316,VESSEL-004,Feeder Container,22000,18500,9800,180.0,Methanol,0.5,950.0,0.35,2463.7,14.34,7882.3,0.4261,3,1.86,18.6,1.0779,171.81,413.301,1.032,892.7,1,497.995,84.694,484395.25,622.494
TRIP-3317,VESSEL-003,Capesize Bulk,180000,170000,21000,162.0,Ammonia,0.46,1100.0,0.15,1360.9,15.12,154789.0,0.9105,1,0.89,7.4,1.0111,90.01,607.785,1.048,1730.2,1,752.545,144.76,862799.5,406.374
TRIP-3318,VESSEL-003,Capesize Bulk,180000,170000,21000,162.0,HFO,1.0,620.0,1.0,618.9,15.49,163385.0,0.9611,4,1.74,19.2,1.1038,39.95,135.006,1.048,1810.0,0,170.189,35.183,145017.18,609.277
TRIP-3319,VESSEL-005,Neo-Panamax Green,110000,102000,16500,158.0,Hydrogen,2.98,2800.0,0.08,1006.3,10.3,88884.6,0.8714,2,1.17,12.4,1.0436,97.7,24.351,1.016,1418.6,0,35.042,10.691,127117.6,10.162
TRIP-3320,VESSEL-004,Feeder Container,22000,18500,9800,180.0,Hydrogen,2.98,2800.0,0.08,1484.2,14.16,13705.6,0.7408,4,1.44,25.5,1.1132,104.82,43.793,1.032,896.4,0,57.152,13.359,175825.6,16.574
TRIP-3321,VESSEL-002,Panamax Bulk,75000,70000,12500,168.0,Ammonia,0.46,1100.0,0.15,1920.1,12.32,35026.3,0.5004,6,2.32,36.5,1.1798,155.85,317.129,1.04,1136.7,1,489.855,172.726,558090.5,264.522
TRIP-3322,VESSEL-001,Handysize Bulk,35000,32000,7200,175.0,HFO,1.0,620.0,1.0,651.8,10.91,26446.9,0.8265,2,1.36,12.9,1.0443,59.74,25.15,1.064,708.8,0,35.313,10.163,39644.06,126.421
TRIP-3323,VESSEL-004,Feeder Container,22000,18500,9800,180.0,Hydrogen,2.98,2800.0,0.08,2048.2,11.97,17660.0,0.9546,2,1.55,18.4,1.0526,171.11,45.233,1.032,925.8,1,60.617,15.384,181027.6,17.579
TRIP-3324,VESSEL-005,Neo-Panamax Green,110000,102000,16500,158.0,Hydrogen,2.98,2800.0,0.08,3766.0,13.41,66845.3,0.6553,5,3.86,34.1,1.1512,280.84,146.69,1.016,1437.8,0,192.332,45.642,567529.6,55.776
TRIP-3325,VESSEL-004,Feeder Container,22000,18500,9800,180.0,Hydrogen,2.98,2800.0,0.08,1256.0,14.54,12801.6,0.692,4,2.21,28.6,1.1179,86.38,38.649,1.032,874.9,0,48.794,10.145,152423.2,14.15
TRIP-3326,VESSEL-003,Capesize Bulk,180000,170000,21000,162.0,LNG,1.15,780.0,0.78,1031.3,13.95,72131.0,0.4243,2,1.31,16.3,1.0494,73.93,138.937,1.048,1757.4,1,178.209,39.272,174003.02,497.203
TRIP-3327,VESSEL-002,Panamax Bulk,75000,70000,12500,168.0,HFO,1.0,620.0,1.0,3786.0,15.32,30630.9,0.4376,4,1.38,24.2,1.1113,247.13,437.618,1.04,1101.9,0,557.073,119.455,369135.26,1994.321
TRIP-3328,VESSEL-001,Handysize Bulk,35000,32000,7200,175.0,HFO,1.0,620.0,1.0,786.9,12.52,15586.7,0.4871,7,3.23,31.7,1.1975,62.85,36.824,1.064,695.9,1,56.431,19.607,48237.22,202.023
TRIP-3329,VESSEL-005,Neo-Panamax Green,110000,102000,16500,158.0,Ammonia,0.46,1100.0,0.15,673.7,10.74,41678.5,0.4086,4,2.61,27.3,1.1159,62.73,102.434,1.016,1420.6,1,154.661,52.227,194627.1,83.517
TRIP-3330,VESSEL-001,Handysize Bulk,35000,32000,7200,175.0,HFO,1.0,620.0,1.0,3641.3,11.24,20252.7,0.6329,2,1.28,16.0,1.049,323.96,142.409,1.064,701.0,1,209.929,67.52,143405.98,751.546
TRIP-3331,VESSEL-004,Feeder Container,22000,18500,9800,180.0,Hydrogen,2.98,2800.0,0.08,1868.2,12.83,17410.9,0.9411,4,1.28,19.9,1.1048,145.61,47.263,1.032,868.6,0,60.285,13.022,184598.0,17.483
TRIP-3332,VESSEL-001,Handysize Bulk,35000,32000,7200,175.0,HFO,1.0,620.0,1.0,1253.8,10.43,14861.8,0.4644,4,2.19,22.9,1.1094,120.21,40.486,1.064,722.7,0,66.587,26.101,59033.94,238.381
TRIP-3333,VESSEL-002,Panamax Bulk,75000,70000,12500,168.0,HFO,1.0,620.0,1.0,1966.2,11.29,42728.5,0.6104,3,1.95,15.5,1.0733,174.15,128.992,1.04,1129.4,1,181.246,52.254,131622.52,648.861
TRIP-3334,VESSEL-001,Handysize Bulk,35000,32000,7200,175.0,Methanol,0.5,950.0,0.35,1430.7,11.69,28539.4,0.8919,4,2.18,17.0,1.1005,122.39,128.703,1.064,656.4,0,182.026,53.323,190674.7,227.533
TRIP-3335,VESSEL-004,Feeder Container,22000,18500,9800,180.0,Methanol,0.5,950.0,0.35,2092.9,17.87,8997.5,0.4864,6,3.27,32.0,1.173,117.12,553.065,1.032,845.0,1,702.217,149.152,678406.15,877.771
TRIP-3336,VESSEL-003,Capesize Bulk,180000,170000,21000,162.0,HFO,1.0,620.0,1.0,3677.4,11.16,88223.3,0.519,4,3.09,29.1,1.1186,329.52,373.764,1.048,1775.9,1,574.233,200.469,391024.46,2055.754
TRIP-3337,VESSEL-003,Capesize Bulk,180000,170000,21000,162.0,LNG,1.15,780.0,0.78,1661.2,10.25,131869.6,0.7757,3,2.08,18.2,1.0773,162.07,132.064,1.048,1744.8,1,200.774,68.71,191603.72,560.159
TRIP-3338,VESSEL-005,Neo-Panamax Green,110000,102000,16500,158.0,LNG,1.15,780.0,0.78,1869.8,15.77,50401.7,0.4941,3,1.51,17.7,1.0766,118.57,250.665,1.016,1449.5,0,303.566,52.901,265781.48,846.949
TRIP-3339,VESSEL-002,Panamax Bulk,75000,70000,12500,168.0,LNG,1.15,780.0,0.78,913.2,9.62,47598.8,0.68,2,0.99,8.9,1.0383,94.93,38.483,1.04,1086.1,0,54.886,16.403,66561.08,153.132
TRIP-3340,VESSEL-004,Feeder Container,22000,18500,9800,180.0,Hydrogen,2.98,2800.0,0.08,3913.0,11.02,9106.9,0.4923,1,0.54,10.3,1.0154,355.08,66.069,1.032,917.8,1,90.383,24.314,264372.4,26.211
TRIP-3341,VESSEL-005,Neo-Panamax Green,110000,102000,16500,158.0,Methanol,0.5,950.0,0.35,1444.5,14.2,53188.5,0.5215,4,1.57,16.1,1.0991,101.73,363.655,1.016,1403.7,1,483.562,119.907,483883.9,604.452
TRIP-3342,VESSEL-004,Feeder Container,22000,18500,9800,180.0,Methanol,0.5,950.0,0.35,1914.7,15.66,9740.1,0.5265,3,1.02,16.1,1.0741,122.27,392.236,1.032,874.6,1,475.521,83.285,463044.95,594.401
TRIP-3343,VESSEL-002,Panamax Bulk,75000,70000,12500,168.0,HFO,1.0,620.0,1.0,3845.3,13.81,46040.9,0.6577,3,1.85,12.0,1.068,278.44,381.922,1.04,1081.0,0,478.258,96.336,320269.96,1712.164
TRIP-3344,VESSEL-002,Panamax Bulk,75000,70000,12500,168.0,LNG,1.15,780.0,0.78,1623.6,9.97,48688.0,0.6955,3,2.32,21.3,1.0819,162.85,73.769,1.04,1094.6,1,115.633,41.864,109443.74,322.616
TRIP-3345,VESSEL-001,Handysize Bulk,35000,32000,7200,175.0,Methanol,0.5,950.0,0.35,1613.4,13.1,15054.7,0.4705,2,0.83,8.1,1.0372,123.16,164.622,1.064,643.4,0,213.646,49.024,220713.7,267.058
TRIP-3346,VESSEL-002,Panamax Bulk,75000,70000,12500,168.0,LNG,1.15,780.0,0.78,2224.5,13.94,40626.5,0.5804,1,0.66,6.9,1.0104,159.58,192.025,1.04,1093.4,0,239.225,47.2,210345.5,667.438
TRIP-3347,VESSEL-003,Capesize Bulk,180000,170000,21000,162.0,Ammonia,0.46,1100.0,0.15,562.7,13.43,106142.7,0.6244,3,2.48,22.8,1.0842,41.9,184.958,1.048,1828.2,1,240.365,55.407,299401.5,129.797
TRIP-3348,VESSEL-005,Neo-Panamax Green,110000,102000,16500,158.0,Ammonia,0.46,1100.0,0.15,3050.5,11.03,64060.6,0.628,3,2.51,22.0,1.083,276.56,517.258,1.016,1433.4,0,728.254,210.996,830079.4,393.257
TRIP-3349,VESSEL-003,Capesize Bulk,180000,170000,21000,162.0,HFO,1.0,620.0,1.0,1737.3,12.57,167389.4,0.9846,3,2.68,15.7,1.0736,138.21,250.953,1.048,1746.7,1,346.671,95.718,249936.02,1241.082
TRIP-3350,VESSEL-001,Handysize Bulk,35000,32000,7200,175.0,Methanol,0.5,950.0,0.35,1912.6,13.23,14802.8,0.4626,1,0.8,6.7,1.01,144.57,198.652,1.064,650.8,1,261.886,63.234,262041.7,327.358
TRIP-3351,VESSEL-005,Neo-Panamax Green,110000,102000,16500,158.0,LNG,1.15,780.0,0.78,2570.1,11.48,50119.5,0.4914,4,2.05,24.8,1.1122,223.88,182.455,1.016,1392.8,1,256.552,74.097,224610.56,715.78
TRIP-3352,VESSEL-003,Capesize Bulk,180000,170000,21000,162.0,HFO,1.0,620.0,1.0,844.8,10.84,64644.9,0.3803,2,1.57,11.5,1.0422,77.93,78.104,1.048,1748.6,0,110.384,32.28,107938.08,395.175
TRIP-3353,VESSEL-002,Panamax Bulk,75000,70000,12500,168.0,Methanol,0.5,950.0,0.35,3146.0,12.91,59880.2,0.8554,3,1.59,17.7,1.0766,243.69,572.803,1.04,1093.3,0,769.934,197.131,755187.3,962.418
TRIP-3354,VESSEL-003,Capesize Bulk,180000,170000,21000,162.0,HFO,1.0,620.0,1.0,657.4,14.67,92447.0,0.5438,4,2.96,32.4,1.1236,44.81,116.189,1.048,1755.4,0,148.325,32.136,131461.5,531.003
TRIP-3355,VESSEL-003,Capesize Bulk,180000,170000,21000,162.0,HFO,1.0,620.0,1.0,3351.0,14.65,119210.1,0.7012,3,1.46,15.7,1.0736,228.74,614.549,1.048,1769.9,1,770.397,155.848,512646.14,2758.021
TRIP-3356,VESSEL-005,Neo-Panamax Green,110000,102000,16500,158.0,Ammonia,0.46,1100.0,0.15,3357.1,12.79,56634.3,0.5552,1,0.69,10.6,1.0159,262.48,751.635,1.016,1460.7,1,920.851,169.216,1037436.1,497.26
TRIP-3357,VESSEL-005,Neo-Panamax Green,110000,102000,16500,158.0,LNG,1.15,780.0,0.78,2862.9,10.99,43461.1,0.4261,5,1.7,22.1,1.1332,260.5,183.146,1.016,1426.6,0,277.439,94.293,245402.42,774.055
TRIP-3358,VESSEL-002,Panamax Bulk,75000,70000,12500,168.0,HFO,1.0,620.0,1.0,3035.0,12.77,63729.9,0.9104,4,1.84,31.1,1.1217,237.67,273.837,1.04,1087.7,1,357.687,83.85,241015.94,1280.519
TRIP-3359,VESSEL-001,Handysize Bulk,35000,32000,7200,175.0,Methanol,0.5,950.0,0.35,3082.6,13.71,31840.9,0.995,6,3.06,38.4,1.1826,224.84,390.438,1.064,677.2,0,582.006,191.568,570655.7,727.507
TRIP-3360,VESSEL-005,Neo-Panamax Green,110000,102000,16500,158.0,Ammonia,0.46,1100.0,0.15,1724.3,10.29,97269.9,0.9536,5,1.82,34.9,1.1523,167.57,274.96,1.016,1427.9,0,420.08,145.12,491088.0,226.843
TRIP-3361,VESSEL-003,Capesize Bulk,180000,170000,21000,162.0,Ammonia,0.46,1100.0,0.15,2735.6,10.16,114891.7,0.6758,4,3.58,20.4,1.1056,269.25,521.256,1.048,1762.2,1,830.315,309.059,948346.5,448.37
TRIP-3362,VESSEL-003,Capesize Bulk,180000,170000,21000,162.0,LNG,1.15,780.0,0.78,4166.6,15.67,156671.8,0.9216,3,2.61,22.7,1.084,265.9,801.523,1.048,1746.8,0,968.106,166.583,794622.68,2701.016
TRIP-3363,VESSEL-003,Capesize Bulk,180000,170000,21000,162.0,LNG,1.15,780.0,0.78,1330.1,14.67,129302.5,0.7606,4,1.54,30.0,1.12,90.67,215.81,1.048,1809.4,0,279.243,63.433,257309.54,779.088
TRIP-3364,VESSEL-001,Handysize Bulk,35000,32000,7200,175.0,Methanol,0.5,950.0,0.35,3928.8,14.47,23679.1,0.74,2,1.08,13.5,1.0453,271.51,522.606,1.064,658.3,1,662.087,139.481,642232.65,827.609
TRIP-3365,VESSEL-002,Panamax Bulk,75000,70000,12500,168.0,HFO,1.0,620.0,1.0,2229.5,12.37,58684.4,0.8383,1,0.63,9.0,1.0135,180.23,185.586,1.04,1148.1,0,236.056,50.47,170104.72,845.08
TRIP-3366,VESSEL-001,Handysize Bulk,35000,32000,7200,175.0,HFO,1.0,620.0,1.0,1464.6,10.2,13164.3,0.4114,4,1.38,22.5,1.1087,143.59,44.62,1.064,677.4,1,70.565,25.945,57000.3,252.623
TRIP-3367,VESSEL-004,Feeder Container,22000,18500,9800,180.0,Hydrogen,2.98,2800.0,0.08,1227.7,16.99,9505.5,0.5138,3,2.38,17.1,1.0756,72.26,49.522,1.032,877.2,0,57.769,8.247,177553.2,16.753
TRIP-3368,VESSEL-001,Handysize Bulk,35000,32000,7200,175.0,LNG,1.15,780.0,0.78,1761.6,10.38,15241.3,0.4763,5,1.54,20.2,1.1303,169.71,49.138,1.064,647.7,0,78.04,28.902,78621.2,217.732
TRIP-3369,VESSEL-002,Panamax Bulk,75000,70000,12500,168.0,Methanol,0.5,950.0,0.35,3600.0,14.45,55882.4,0.7983,3,1.97,19.2,1.0788,249.13,810.103,1.04,1097.5,1,1041.21,231.107,1008399.5,1301.513
TRIP-3370,VESSEL-001,Handysize Bulk,35000,32000,7200,175.0,LNG,1.15,780.0,0.78,1138.1,10.31,23107.4,0.7221,4,1.35,18.8,1.1032,110.39,33.274,1.064,644.4,0,49.811,16.537,56602.58,138.973
TRIP-3371,VESSEL-003,Capesize Bulk,180000,170000,21000,162.0,HFO,1.0,620.0,1.0,3684.3,15.89,145513.0,0.856,1,0.37,8.5,1.0128,231.86,825.211,1.048,1827.8,0,930.52,105.309,616422.4,3331.262
TRIP-3372,VESSEL-005,Neo-Panamax Green,110000,102000,16500,158.0,LNG,1.15,780.0,0.78,617.7,12.54,83025.6,0.814,5,4.32,37.8,1.1567,49.26,56.645,1.016,1461.3,0,81.711,25.066,92734.58,227.974
TRIP-3373,VESSEL-004,Feeder Container,22000,18500,9800,180.0,HFO,1.0,620.0,1.0,1191.2,13.56,16928.1,0.915,3,0.98,12.6,1.0689,87.85,99.765,1.032,928.3,1,126.367,26.602,89647.54,452.394
TRIP-3374,VESSEL-002,Panamax Bulk,75000,70000,12500,168.0,HFO,1.0,620.0,1.0,2294.5,11.55,59165.1,0.8452,3,2.64,18.6,1.0779,198.66,166.79,1.04,1091.8,1,237.106,70.316,166255.72,848.839
TRIP-3375,VESSEL-001,Handysize Bulk,35000,32000,7200,175.0,HFO,1.0,620.0,1.0,1389.4,12.03,18360.6,0.5738,1,0.74,5.9,1.0089,115.49,61.344,1.064,686.7,1,81.584,20.24,63832.08,292.071
TRIP-3376,VESSEL-005,Neo-Panamax Green,110000,102000,16500,158.0,Methanol,0.5,950.0,0.35,2185.1,13.1,59500.6,0.5833,4,2.08,29.2,1.1188,166.8,475.51,1.016,1460.4,0,655.183,179.673,651423.85,818.979
TRIP-3377,VESSEL-004,Feeder Container,22000,18500,9800,180.0,HFO,1.0,620.0,1.0,3347.7,12.92,16625.1,0.8987,3,1.11,25.6,1.0884,259.11,253.633,1.032,896.4,0,338.578,84.945,225718.36,1212.109
TRIP-3378,VESSEL-001,Handysize Bulk,35000,32000,7200,175.0,LNG,1.15,780.0,0.78,1447.7,11.16,27265.7,0.8521,4,2.43,18.8,1.1032,129.72,51.131,1.064,639.6,1,74.17,23.039,71102.6,206.934
TRIP-3379,VESSEL-005,Neo-Panamax Green,110000,102000,16500,158.0,Methanol,0.5,950.0,0.35,1456.4,16.38,69720.8,0.6835,2,0.79,13.7,1.0455,88.91,507.916,1.016,1400.8,1,587.294,79.378,582429.3,734.117
TRIP-3380,VESSEL-003,Capesize Bulk,180000,170000,21000,162.0,HFO,1.0,620.0,1.0,2336.1,14.34,99729.8,0.5866,4,2.95,23.2,1.1098,162.91,398.883,1.048,1784.4,1,513.144,114.261,353149.28,1837.056
TRIP-3381,VESSEL-004,Feeder Container,22000,18500,9800,180.0,Methanol,0.5,950.0,0.35,2434.7,16.49,7860.6,0.4249,6,3.1,30.8,1.1712,147.65,539.938,1.032,894.1,0,709.299,169.361,689634.05,886.624
TRIP-3382,VESSEL-004,Feeder Container,22000,18500,9800,180.0,Methanol,0.5,950.0,0.35,1916.2,15.22,11506.3,0.622,2,1.0,13.5,1.0453,125.9,379.032,1.032,858.8,1,434.42,55.388,423999.0,543.025
TRIP-3383,VESSEL-002,Panamax Bulk,75000,70000,12500,168.0,Methanol,0.5,950.0,0.35,500.7,11.12,28933.3,0.4133,3,1.28,12.2,1.0683,45.03,60.601,1.04,1085.9,1,86.451,25.85,101378.45,108.064
TRIP-3384,VESSEL-003,Capesize Bulk,180000,170000,21000,162.0,HFO,1.0,620.0,1.0,4036.0,10.44,60774.0,0.3575,2,1.15,12.3,1.0434,386.59,344.014,1.048,1803.0,0,512.848,168.834,357465.76,1835.996
TRIP-3385,VESSEL-004,Feeder Container,22000,18500,9800,180.0,Hydrogen,2.98,2800.0,0.08,2539.7,17.97,11814.9,0.6386,3,2.35,15.7,1.0736,141.33,117.947,1.032,851.0,1,136.819,18.872,394393.2,39.678
TRIP-3386,VESSEL-005,Neo-Panamax Green,110000,102000,16500,158.0,Ammonia,0.46,1100.0,0.15,2023.5,11.86,90085.9,0.8832,2,1.15,14.2,1.0463,170.62,421.747,1.016,1446.3,0,573.682,151.935,660050.2,309.788
TRIP-3387,VESSEL-005,Neo-Panamax Green,110000,102000,16500,158.0,Ammonia,0.46,1100.0,0.15,837.1,12.9,97751.3,0.9583,1,0.71,5.4,1.0081,64.89,210.012,1.016,1461.7,1,252.188,42.176,301906.8,136.182
TRIP-3388,VESSEL-005,Neo-Panamax Green,110000,102000,16500,158.0,Methanol,0.5,950.0,0.35,1817.5,16.55,92411.9,0.906,2,0.85,13.7,1.0455,109.82,682.228,1.016,1429.7,0,802.836,120.608,791694.2,1003.545
TRIP-3389,VESSEL-005,Neo-Panamax Green,110000,102000,16500,158.0,LNG,1.15,780.0,0.78,1125.9,15.81,65159.0,0.6388,6,2.76,42.4,1.1886,71.21,157.305,1.016,1389.4,1,204.994,47.689,184395.32,571.933
TRIP-3390,VESSEL-004,Feeder Container,22000,18500,9800,180.0,Methanol,0.5,950.0,0.35,1884.2,16.81,8850.1,0.4784,4,3.47,16.3,1.0995,112.09,439.771,1.032,860.1,1,500.216,60.445,486505.2,625.27
TRIP-3391,VESSEL-004,Feeder Container,22000,18500,9800,180.0,Hydrogen,2.98,2800.0,0.08,1965.7,11.27,12437.5,0.6723,2,1.05,18.8,1.0532,174.42,36.181,1.032,906.3,0,50.698,14.517,157754.4,14.702
TRIP-3392,VESSEL-004,Feeder Container,22000,18500,9800,180.0,Hydrogen,2.98,2800.0,0.08,1820.3,17.8,16867.0,0.9117,3,1.65,24.0,1.086,102.26,88.084,1.032,933.4,1,100.832,12.748,293629.6,29.241
TRIP-3393,VESSEL-001,Handysize Bulk,35000,32000,7200,175.0,HFO,1.0,620.0,1.0,3682.2,9.54,31053.3,0.9704,4,2.14,23.6,1.1104,385.97,112.287,1.064,638.0,0,184.521,72.234,132153.02,660.585
TRIP-3394,VESSEL-004,Feeder Container,22000,18500,9800,180.0,Methanol,0.5,950.0,0.35,3426.9,13.16,10627.1,0.5744,2,1.58,14.2,1.0463,260.4,501.285,1.032,912.0,1,617.018,115.733,597467.1,771.273
TRIP-3395,VESSEL-001,Handysize Bulk,35000,32000,7200,175.0,HFO,1.0,620.0,1.0,2005.6,10.89,12355.6,0.3861,2,1.29,16.6,1.0499,184.17,69.193,1.064,674.6,0,99.186,29.993,79245.32,355.086
TRIP-3396,VESSEL-005,Neo-Panamax Green,110000,102000,16500,158.0,LNG,1.15,780.0,0.78,2698.7,10.21,96751.6,0.9485,3,0.98,17.8,1.0767,264.32,169.274,1.016,1456.7,1,247.701,78.427,217706.78,691.086
TRIP-3397,VESSEL-005,Neo-Panamax Green,110000,102000,16500,158.0,Ammonia,0.46,1100.0,0.15,2494.6,10.89,43171.4,0.4232,4,2.12,18.3,1.1024,229.07,391.442,1.016,1421.1,1,558.835,167.393,639218.5,301.771
TRIP-3398,VESSEL-003,Capesize Bulk,180000,170000,21000,162.0,HFO,1.0,620.0,1.0,2539.2,14.13,132424.1,0.779,2,1.05,11.5,1.0422,179.7,441.493,1.048,1821.7,1,527.791,86.298,362230.42,1889.492
TRIP-3399,VESSEL-005,Neo-Panamax Green,110000,102000,16500,158.0,Ammonia,0.46,1100.0,0.15,2768.2,10.4,93631.0,0.918,2,1.27,10.4,1.0406,266.17,447.224,1.016,1464.7,1,644.467,197.243,733413.7,348.012
TRIP-3400,VESSEL-005,Neo-Panamax Green,110000,102000,16500,158.0,Methanol,0.5,950.0,0.35,3058.4,13.36,98312.7,0.9638,3,2.7,16.8,1.0752,228.92,758.112,1.016,1451.4,1,949.03,190.918,926078.5,1186.287
TRIP-3401,VESSEL-004,Feeder Container,22000,18500,9800,180.0,Hydrogen,2.98,2800.0,0.08,4181.3,15.69,7781.7,0.4206,2,1.32,10.7,1.041,266.49,140.705,1.032,850.9,0,171.052,30.347,494745.6,49.605
TRIP-3402,VESSEL-004,Feeder Container,22000,18500,9800,180.0,HFO,1.0,620.0,1.0,1595.5,15.37,15691.3,0.8482,4,1.38,22.1,1.1081,103.81,169.227,1.032,881.4,1,212.508,43.281,143054.96,760.779
TRIP-3403,VESSEL-001,Handysize Bulk,35000,32000,7200,175.0,Methanol,0.5,950.0,0.35,2809.1,11.5,24269.8,0.7584,3,1.49,21.4,1.0821,244.27,237.055,1.064,709.7,1,336.834,99.779,333242.3,421.043
TRIP-3404,VESSEL-004,Feeder Container,22000,18500,9800,180.0,Hydrogen,2.98,2800.0,0.08,2269.6,16.47,14330.6,0.7746,3,1.14,14.9,1.0724,137.8,91.273,1.032,926.8,1,106.779,15.506,310281.2,30.966
TRIP-3405,VESSEL-001,Handysize Bulk,35000,32000,7200,175.0,HFO,1.0,620.0,1.0,3044.8,10.8,24695.9,0.7717,3,2.25,12.4,1.0686,281.93,113.668,1.064,651.6,0,166.613,52.945,121050.06,596.475
TRIP-3406,VESSEL-001,Handysize Bulk,35000,32000,7200,175.0,HFO,1.0,620.0,1.0,2164.5,9.28,24509.1,0.7659,3,2.66,17.6,1.0764,233.24,59.576,1.064,656.7,0,99.699,40.123,79563.38,356.922
TRIP-3407,VESSEL-004,Feeder Container,22000,18500,9800,180.0,Hydrogen,2.98,2800.0,0.08,3731.2,16.24,13262.7,0.7169,2,1.31,15.3,1.0479,229.75,144.036,1.032,862.1,0,175.046,31.01,505928.8,50.763
TRIP-3408,VESSEL-005,Neo-Panamax Green,110000,102000,16500,158.0,Ammonia,0.46,1100.0,0.15,1295.6,10.78,38853.1,0.3809,3,1.49,18.2,1.0773,120.19,197.026,1.016,1378.4,0,273.687,76.661,330055.7,147.791
TRIP-3409,VESSEL-004,Feeder Container,22000,18500,9800,180.0,Methanol,0.5,950.0,0.35,3127.0,15.65,11399.3,0.6162,2,0.99,17.9,1.0518,199.81,653.12,1.032,876.2,0,759.731,106.611,737544.45,949.664
TRIP-3410,VESSEL-005,Neo-Panamax Green,110000,102000,16500,158.0,Methanol,0.5,950.0,0.35,3733.3,12.97,101265.4,0.9928,3,2.45,20.3,1.0805,287.84,877.936,1.016,1406.9,0,1127.52,249.584,1100144.0,1409.4
TRIP-3411,VESSEL-004,Feeder Container,22000,18500,9800,180.0,HFO,1.0,620.0,1.0,619.5,15.93,15604.7,0.8435,3,2.21,17.3,1.0759,38.89,70.51,1.032,834.6,1,86.38,15.87,64855.6,309.24
TRIP-3412,VESSEL-003,Capesize Bulk,180000,170000,21000,162.0,HFO,1.0,620.0,1.0,1374.0,11.84,111000.1,0.6529,2,1.19,16.1,1.0491,116.05,162.629,1.048,1752.2,1,216.472,53.843,169212.64,774.97
TRIP-3413,VESSEL-005,Neo-Panamax Green,110000,102000,16500,158.0,Methanol,0.5,950.0,0.35,1289.5,13.91,87174.2,0.8546,2,0.66,18.4,1.0526,92.7,337.85,1.016,1418.7,1,405.991,68.141,410191.45,507.489
TRIP-3414,VESSEL-002,Panamax Bulk,75000,70000,12500,168.0,LNG,1.15,780.0,0.78,1546.4,10.38,43627.0,0.6232,4,1.21,17.8,1.1017,148.98,74.812,1.04,1141.9,0,114.849,40.037,113332.22,320.429
TRIP-3415,VESSEL-004,Feeder Container,22000,18500,9800,180.0,HFO,1.0,620.0,1.0,1281.5,16.55,16715.4,0.9035,4,2.68,28.7,1.118,77.43,159.474,1.032,912.8,1,199.482,40.008,134978.84,714.146
TRIP-3416,VESSEL-001,Handysize Bulk,35000,32000,7200,175.0,HFO,1.0,620.0,1.0,3188.2,14.02,18679.6,0.5837,4,2.25,16.9,1.1003,227.4,191.663,1.064,721.0,0,257.138,65.475,177175.56,920.554
TRIP-3417,VESSEL-003,Capesize Bulk,180000,170000,21000,162.0,LNG,1.15,780.0,0.78,1252.7,10.71,152121.8,0.8948,6,5.1,37.9,1.1819,116.97,111.868,1.048,1796.0,0,164.06,52.192,167466.8,457.727
TRIP-3418,VESSEL-002,Panamax Bulk,75000,70000,12500,168.0,Methanol,0.5,950.0,0.35,2495.0,12.85,34251.5,0.4893,3,1.76,18.4,1.0776,194.16,411.261,1.04,1061.1,0,550.954,139.693,547156.3,688.692
TRIP-3419,VESSEL-005,Neo-Panamax Green,110000,102000,16500,158.0,Hydrogen,2.98,2800.0,0.08,1613.8,11.11,56733.0,0.5562,1,0.39,10.8,1.0162,145.26,42.095,1.016,1428.9,0,57.548,15.453,190134.4,16.689
TRIP-3420,VESSEL-003,Capesize Bulk,180000,170000,21000,162.0,HFO,1.0,620.0,1.0,3530.6,15.42,86069.3,0.5063,4,2.46,31.8,1.1227,228.96,682.83,1.048,1745.7,0,834.951,152.121,557169.62,2989.125
TRIP-3421,VESSEL-005,Neo-Panamax Green,110000,102000,16500,158.0,LNG,1.15,780.0,0.78,1385.8,15.81,38033.9,0.3729,3,2.18,16.2,1.0743,87.65,180.92,1.016,1414.8,1,214.852,33.932,192084.56,599.437
TRIP-3422,VESSEL-005,Neo-Panamax Green,110000,102000,16500,158.0,Ammonia,0.46,1100.0,0.15,3509.2,14.59,100985.5,0.9901,2,1.29,8.7,1.038,240.52,1134.359,1.016,1394.7,0,1329.627,195.268,1491589.7,717.999
TRIP-3423,VESSEL-003,Capesize Bulk,180000,170000,21000,162.0,Ammonia,0.46,1100.0,0.15,3951.8,14.07,114683.0,0.6746,2,1.04,11.6,1.0424,280.87,1443.675,1.048,1753.6,0,1779.213,335.538,1996634.3,960.775
TRIP-3424,VESSEL-002,Panamax Bulk,75000,70000,12500,168.0,Methanol,0.5,950.0,0.35,1667.1,11.78,49178.9,0.7026,3,0.95,23.0,1.0845,141.52,243.627,1.04,1146.9,1,343.186,99.559,345276.7,428.982
TRIP-3425,VESSEL-004,Feeder Container,22000,18500,9800,180.0,Methanol,0.5,950.0,0.35,3967.5,17.01,13022.9,0.7039,1,0.31,4.7,1.0071,233.25,998.573,1.032,839.8,1,1132.616,134.043,1087285.2,1415.77
TRIP-3426,VESSEL-004,Feeder Container,22000,18500,9800,180.0,Methanol,0.5,950.0,0.35,3664.5,11.22,14715.5,0.7954,4,1.69,25.9,1.1139,326.6,409.487,1.032,909.7,0,584.918,175.431,571472.1,731.148
TRIP-3427,VESSEL-003,Capesize Bulk,180000,170000,21000,162.0,HFO,1.0,620.0,1.0,2469.3,15.8,60194.5,0.3541,2,0.95,14.6,1.0469,156.28,481.614,1.048,1774.6,1,584.224,102.61,397218.88,2091.522
TRIP-3428,VESSEL-003,Capesize Bulk,180000,170000,21000,162.0,LNG,1.15,780.0,0.78,2756.6,15.93,168486.0,0.9911,4,2.68,21.3,1.1069,173.04,556.914,1.048,1749.3,0,710.54,153.626,593721.2,1982.407
TRIP-3429,VESSEL-005,Neo-Panamax Green,110000,102000,16500,158.0,Hydrogen,2.98,2800.0,0.08,2001.3,12.21,59352.0,0.5819,6,2.73,35.3,1.178,163.91,63.46,1.016,1465.1,0,94.235,30.775,292858.0,27.328
TRIP-3430,VESSEL-003,Capesize Bulk,180000,170000,21000,162.0,LNG,1.15,780.0,0.78,3994.1,12.9,164390.4,0.967,5,4.16,20.8,1.1312,309.62,526.232,1.048,1770.1,1,715.452,189.22,593052.56,1996.111
TRIP-3431,VESSEL-001,Handysize Bulk,35000,32000,7200,175.0,LNG,1.15,780.0,0.78,2719.3,13.25,15530.3,0.4853,3,1.93,22.1,1.0832,205.23,123.881,1.064,721.0,1,171.563,47.682,147069.14,478.661
TRIP-3432,VESSEL-001,Handysize Bulk,35000,32000,7200,175.0,HFO,1.0,620.0,1.0,849.0,14.13,13444.4,0.4201,4,1.96,27.2,1.1158,60.08,49.744,1.064,680.5,1,65.677,15.933,53969.74,235.124
TRIP-3433,VESSEL-005,Neo-Panamax Green,110000,102000,16500,158.0,Hydrogen,2.98,2800.0,0.08,1469.1,14.75,53049.0,0.5201,5,3.26,35.8,1.1537,99.6,66.929,1.016,1415.0,0,87.016,20.087,272644.8,25.235
TRIP-3434,VESSEL-003,Capesize Bulk,180000,170000,21000,162.0,Ammonia,0.46,1100.0,0.15,2106.5,14.13,122348.3,0.7197,4,1.96,28.1,1.1171,149.08,784.807,1.048,1785.1,0,1013.292,228.485,1154121.2,547.178
TRIP-3435,VESSEL-001,Handysize Bulk,35000,32000,7200,175.0,Methanol,0.5,950.0,0.35,3505.6,13.87,17648.3,0.5515,2,1.59,8.6,1.0379,252.75,409.244,1.064,626.7,1,544.396,135.152,530426.2,680.495
TRIP-3436,VESSEL-005,Neo-Panamax Green,110000,102000,16500,158.0,LNG,1.15,780.0,0.78,1997.3,12.71,78336.9,0.768,1,0.69,7.1,1.0107,157.14,186.104,1.016,1371.9,0,232.522,46.418,210367.16,648.736
TRIP-3437,VESSEL-005,Neo-Panamax Green,110000,102000,16500,158.0,Methanol,0.5,950.0,0.35,2607.0,14.93,86945.1,0.8524,2,1.09,9.1,1.0386,174.61,786.47,1.016,1465.3,0,936.459,149.989,918636.05,1170.574
TRIP-3438,VESSEL-001,Handysize Bulk,35000,32000,7200,175.0,LNG,1.15,780.0,0.78,522.6,13.16,16884.5,0.5276,4,2.22,26.9,1.1153,39.71,23.736,1.064,654.7,0,31.606,7.87,42402.68,88.181
TRIP-3439,VESSEL-004,Feeder Container,22000,18500,9800,180.0,HFO,1.0,620.0,1.0,2020.6,11.59,18163.9,0.9818,2,1.23,8.7,1.038,174.34,125.388,1.032,919.0,0,160.159,34.771,115098.58,573.369
TRIP-3440,VESSEL-001,Handysize Bulk,35000,32000,7200,175.0,LNG,1.15,780.0,0.78,2708.2,12.15,19871.6,0.621,4,3.0,22.8,1.1092,222.9,107.306,1.064,697.7,0,152.394,45.088,136617.32,425.179
TRIP-3441,VESSEL-003,Capesize Bulk,180000,170000,21000,162.0,HFO,1.0,620.0,1.0,2657.8,10.44,86473.7,0.5087,4,1.43,19.5,1.1042,254.58,235.773,1.048,1829.2,0,352.252,116.479,257896.24,1261.062
TRIP-3442,VESSEL-005,Neo-Panamax Green,110000,102000,16500,158.0,Methanol,0.5,950.0,0.35,4082.5,13.54,93342.0,0.9151,3,1.53,21.7,1.0826,301.51,1027.845,1.016,1403.6,1,1265.009,237.164,1226258.55,1581.261
TRIP-3443,VESSEL-004,Feeder Container,22000,18500,9800,180.0,HFO,1.0,620.0,1.0,2054.5,12.87,7379.6,0.3989,3,2.32,23.3,1.085,159.63,137.901,1.032,933.2,1,183.386,45.485,124999.32,656.522
TRIP-3444,VESSEL-004,Feeder Container,22000,18500,9800,180.0,HFO,1.0,620.0,1.0,1660.9,12.86,7309.2,0.3951,6,5.04,33.1,1.1746,129.15,111.208,1.032,921.6,0,154.552,43.344,111622.24,553.296
TRIP-3445,VESSEL-004,Feeder Container,22000,18500,9800,180.0,Hydrogen,2.98,2800.0,0.08,3432.6,17.94,15666.7,0.8468,2,0.83,18.8,1.0532,191.34,166.395,1.032,903.5,1,186.722,20.327,534121.6,54.149
TRIP-3446,VESSEL-002,Panamax Bulk,75000,70000,12500,168.0,LNG,1.15,780.0,0.78,519.5,13.79,48830.3,0.6976,5,4.37,24.0,1.136,37.67,45.176,1.04,1134.2,1,62.117,16.941,67701.26,173.306
TRIP-3447,VESSEL-004,Feeder Container,22000,18500,9800,180.0,Methanol,0.5,950.0,0.35,721.1,12.3,18229.9,0.9854,2,1.49,14.8,1.0472,58.63,100.879,1.032,902.5,0,132.956,32.077,142108.2,166.195
TRIP-3448,VESSEL-005,Neo-Panamax Green,110000,102000,16500,158.0,Hydrogen,2.98,2800.0,0.08,2767.7,10.94,69561.5,0.682,2,0.69,10.1,1.0401,252.99,72.218,1.016,1412.1,1,102.531,30.313,311586.8,29.734
TRIP-3449,VESSEL-004,Feeder Container,22000,18500,9800,180.0,Methanol,0.5,950.0,0.35,4053.9,13.47,17669.2,0.9551,2,1.64,15.5,1.0482,300.96,675.769,1.032,861.4,1,812.945,137.176,783597.75,1016.181
TRIP-3450,VESSEL-003,Capesize Bulk,180000,170000,21000,162.0,HFO,1.0,620.0,1.0,2515.1,11.16,124982.2,0.7352,1,0.68,10.1,1.0151,225.37,269.906,1.048,1758.7,1,349.67,79.764,251795.4,1251.819
TRIP-3451,VESSEL-004,Feeder Container,22000,18500,9800,180.0,Methanol,0.5,950.0,0.35,2107.8,11.62,11630.6,0.6287,3,0.97,14.9,1.0724,181.39,243.39,1.032,854.0,0,317.327,73.937,317260.65,396.659
TRIP-3452,VESSEL-004,Feeder Container,22000,18500,9800,180.0,Hydrogen,2.98,2800.0,0.08,3102.1,16.88,18157.9,0.9815,3,1.12,18.7,1.078,183.77,137.011,1.032,879.7,0,165.584,28.573,479435.2,48.019
TRIP-3453,VESSEL-005,Neo-Panamax Green,110000,102000,16500,158.0,LNG,1.15,780.0,0.78,641.7,13.48,40551.9,0.3976,1,0.42,6.2,1.0093,47.6,61.297,1.016,1386.9,0,72.681,11.384,85691.18,202.78
TRIP-3454,VESSEL-001,Handysize Bulk,35000,32000,7200,175.0,LNG,1.15,780.0,0.78,1677.5,9.15,21965.8,0.6864,1,0.89,9.3,1.0139,183.33,38.299,1.064,716.2,1,62.653,24.354,62119.34,174.802
TRIP-3455,VESSEL-002,Panamax Bulk,75000,70000,12500,168.0,HFO,1.0,620.0,1.0,2406.2,11.03,32866.7,0.4695,3,1.75,17.4,1.0761,218.15,145.372,1.04,1066.8,1,203.738,58.366,145567.56,729.382
TRIP-3456,VESSEL-003,Capesize Bulk,180000,170000,21000,162.0,HFO,1.0,620.0,1.0,3766.3,13.47,89302.8,0.5253,4,2.05,26.0,1.114,279.61,558.587,1.048,1742.9,0,744.981,186.394,501388.22,2667.032
TRIP-3457,VESSEL-002,Panamax Bulk,75000,70000,12500,168.0,LNG,1.15,780.0,0.78,1346.4,10.29,47226.0,0.6747,4,3.43,16.1,1.0991,130.85,64.833,1.04,1073.3,1,102.595,37.762,99274.1,286.24
TRIP-3458,VESSEL-003,Capesize Bulk,180000,170000,21000,162.0,Ammonia,0.46,1100.0,0.15,3398.2,13.82,87941.4,0.5173,2,1.76,8.1,1.0372,245.89,1150.919,1.048,1787.0,0,1371.569,220.65,1548225.9,740.647
TRIP-3459,VESSEL-005,Neo-Panamax Green,110000,102000,16500,158.0,Methanol,0.5,950.0,0.35,3406.6,14.44,81420.4,0.7982,3,1.35,24.4,1.0866,235.91,949.149,1.016,1451.1,1,1191.295,242.146,1156230.25,1489.119
TRIP-3460,VESSEL-003,Capesize Bulk,180000,170000,21000,162.0,LNG,1.15,780.0,0.78,1767.4,11.69,126528.6,0.7443,4,2.51,31.8,1.1227,151.19,181.367,1.048,1791.8,0,257.058,75.691,240005.24,717.192
TRIP-3461,VESSEL-005,Neo-Panamax Green,110000,102000,16500,158.0,Methanol,0.5,950.0,0.35,1949.6,12.11,53759.5,0.5271,1,0.88,8.3,1.0125,160.99,357.457,1.016,1447.3,1,468.514,111.057,469588.3,585.643
TRIP-3462,VESSEL-003,Capesize Bulk,180000,170000,21000,162.0,HFO,1.0,620.0,1.0,2932.6,15.82,114069.7,0.671,1,0.48,11.1,1.0167,185.37,622.457,1.048,1805.9,1,712.968,90.511,477040.16,2552.425
TRIP-3463,VESSEL-002,Panamax Bulk,75000,70000,12500,168.0,Ammonia,0.46,1100.0,0.15,1914.0,12.42,50276.1,0.7182,3,1.47,17.4,1.0761,154.11,339.265,1.04,1146.6,0,453.463,114.198,522559.3,244.87
TRIP-3464,VESSEL-003,Capesize Bulk,180000,170000,21000,162.0,HFO,1.0,620.0,1.0,3278.8,13.29,123954.8,0.7291,6,4.03,26.6,1.1649,246.71,498.245,1.048,1738.9,1,687.547,189.302,461279.14,2461.418
TRIP-3465,VESSEL-005,Neo-Panamax Green,110000,102000,16500,158.0,Methanol,0.5,950.0,0.35,3275.9,11.13,52497.8,0.5147,3,1.95,14.9,1.0724,294.33,505.764,1.016,1432.9,1,722.696,216.932,711061.2,903.37
TRIP-3466,VESSEL-003,Capesize Bulk,180000,170000,21000,162.0,LNG,1.15,780.0,0.78,3010.2,13.44,95453.4,0.5615,3,2.17,18.0,1.077,223.97,390.084,1.048,1817.7,0,512.906,122.822,439566.68,1431.008
TRIP-3467,VESSEL-005,Neo-Panamax Green,110000,102000,16500,158.0,Hydrogen,2.98,2800.0,0.08,2417.0,13.9,69458.1,0.681,4,2.61,31.0,1.1215,173.88,101.783,1.016,1431.9,0,132.786,31.003,400800.8,38.508
TRIP-3468,VESSEL-001,Handysize Bulk,35000,32000,7200,175.0,LNG,1.15,780.0,0.78,1262.6,14.36,14793.7,0.4623,4,1.31,30.0,1.12,87.92,67.163,1.064,645.9,1,87.331,20.168,81368.18,243.653
TRIP-3469,VESSEL-004,Feeder Container,22000,18500,9800,180.0,Methanol,0.5,950.0,0.35,4001.8,15.61,13536.3,0.7317,3,2.47,20.1,1.0801,256.36,853.478,1.032,925.4,0,1055.088,201.61,1018133.6,1318.86
TRIP-3470,VESSEL-002,Panamax Bulk,75000,70000,12500,168.0,LNG,1.15,780.0,0.78,2558.0,12.95,60637.4,0.8662,2,0.92,10.6,1.0409,197.53,204.271,1.04,1148.0,0,247.954,43.683,217154.12,691.792
TRIP-3471,VESSEL-002,Panamax Bulk,75000,70000,12500,168.0,Ammonia,0.46,1100.0,0.15,1225.3,12.01,29768.8,0.4253,3,2.34,24.3,1.0865,102.02,188.604,1.04,1136.6,1,269.989,81.385,316237.9,145.794
TRIP-3472,VESSEL-001,Handysize Bulk,35000,32000,7200,175.0,LNG,1.15,780.0,0.78,792.5,11.15,22548.0,0.7046,4,3.41,22.6,1.1089,71.08,26.987,1.064,700.0,1,42.409,15.422,46329.02,118.321
TRIP-3473,VESSEL-001,Handysize Bulk,35000,32000,7200,175.0,Methanol,0.5,950.0,0.35,3199.4,10.73,13470.7,0.421,2,0.66,16.5,1.0497,298.17,216.257,1.064,716.5,1,330.159,113.902,326901.05,412.699
TRIP-3474,VESSEL-005,Neo-Panamax Green,110000,102000,16500,158.0,Hydrogen,2.98,2800.0,0.08,882.6,13.48,101225.8,0.9924,4,2.74,25.9,1.1139,65.47,37.611,1.016,1442.6,1,49.389,11.778,162789.2,14.323
TRIP-3475,VESSEL-001,Handysize Bulk,35000,32000,7200,175.0,Methanol,0.5,950.0,0.35,559.8,9.96,15298.3,0.4781,2,0.92,15.9,1.0488,56.2,33.08,1.064,673.6,1,51.57,18.49,62241.5,64.463
TRIP-3476,VESSEL-005,Neo-Panamax Green,110000,102000,16500,158.0,Hydrogen,2.98,2800.0,0.08,1638.0,15.44,85963.8,0.8428,2,0.86,17.0,1.0505,106.09,88.476,1.016,1444.7,1,108.7,20.224,328860.0,31.523
TRIP-3477,VESSEL-001,Handysize Bulk,35000,32000,7200,175.0,Methanol,0.5,950.0,0.35,1192.4,9.28,12148.7,0.3796,2,1.27,11.9,1.0428,128.49,59.645,1.064,670.5,1,104.065,44.42,112111.75,130.081
TRIP-3478,VESSEL-002,Panamax Bulk,75000,70000,12500,168.0,Ammonia,0.46,1100.0,0.15,1669.0,14.36,66255.8,0.9465,1,0.84,11.4,1.0171,116.23,417.441,1.04,1055.1,0,506.077,88.636,580434.7,273.282
TRIP-3479,VESSEL-002,Panamax Bulk,75000,70000,12500,168.0,LNG,1.15,780.0,0.78,4062.5,12.58,50152.1,0.7165,1,0.85,7.8,1.0117,322.93,295.37,1.04,1071.0,0,371.41,76.04,313449.8,1036.234
TRIP-3480,VESSEL-002,Panamax Bulk,75000,70000,12500,168.0,Ammonia,0.46,1100.0,0.15,3049.6,12.34,55850.2,0.7979,3,1.6,12.9,1.0694,247.13,543.934,1.04,1099.4,0,757.66,213.726,857176.0,409.136
TRIP-3481,VESSEL-002,Panamax Bulk,75000,70000,12500,168.0,Ammonia,0.46,1100.0,0.15,2645.0,11.48,28479.8,0.4069,3,2.33,15.7,1.0736,230.4,370.208,1.04,1087.2,1,520.13,149.922,591393.0,280.87
TRIP-3482,VESSEL-005,Neo-Panamax Green,110000,102000,16500,158.0,LNG,1.15,780.0,0.78,1536.7,14.22,61324.9,0.6012,4,3.29,20.9,1.1063,108.07,172.094,1.016,1440.7,0,224.89,52.796,204414.2,627.443
TRIP-3483,VESSEL-002,Panamax Bulk,75000,70000,12500,168.0,HFO,1.0,620.0,1.0,1801.3,13.23,67243.4,0.9606,4,1.96,29.7,1.1196,136.15,176.473,1.04,1126.0,1,233.514,57.041,164028.68,835.98
TRIP-3484,VESSEL-002,Panamax Bulk,75000,70000,12500,168.0,LNG,1.15,780.0,0.78,3108.7,14.18,26634.4,0.3805,4,1.35,25.2,1.1128,219.23,263.695,1.04,1074.5,1,336.331,72.636,281588.18,938.363
TRIP-3485,VESSEL-003,Capesize Bulk,180000,170000,21000,162.0,Ammonia,0.46,1100.0,0.15,3026.5,15.18,87244.9,0.5132,3,2.45,18.0,1.077,199.37,1235.363,1.048,1735.2,0,1561.54,326.177,1757194.0,843.232
TRIP-3486,VESSEL-004,Feeder Container,22000,18500,9800,180.0,Hydrogen,2.98,2800.0,0.08,679.5,15.64,13050.0,0.7054,5,2.03,29.0,1.1435,43.45,24.268,1.032,928.8,0,31.347,7.079,103571.6,9.091
TRIP-3487,VESSEL-001,Handysize Bulk,35000,32000,7200,175.0,LNG,1.15,780.0,0.78,2031.2,10.98,27798.2,0.8687,3,1.19,13.0,1.0695,184.99,69.712,1.064,714.0,1,98.713,29.001,90246.14,275.409
TRIP-3488,VESSEL-001,Handysize Bulk,35000,32000,7200,175.0,LNG,1.15,780.0,0.78,891.4,13.16,25385.7,0.7933,6,5.07,29.4,1.1691,67.74,43.186,1.064,706.4,0,59.77,16.584,64370.6,166.758
TRIP-3489,VESSEL-004,Feeder Container,22000,18500,9800,180.0,Methanol,0.5,950.0,0.35,968.5,12.16,12951.1,0.7001,3,1.34,18.3,1.0775,79.65,124.467,1.032,900.8,1,165.372,40.905,168403.4,206.715
TRIP-3490,VESSEL-002,Panamax Bulk,75000,70000,12500,168.0,LNG,1.15,780.0,0.78,2382.2,14.67,54658.5,0.7808,2,1.76,16.8,1.0502,162.39,239.231,1.04,1088.1,0,297.562,58.331,255848.36,830.198
TRIP-3491,VESSEL-003,Capesize Bulk,180000,170000,21000,162.0,LNG,1.15,780.0,0.78,3888.7,15.94,90326.7,0.5313,2,1.74,16.2,1.0493,243.96,703.388,1.048,1764.7,1,867.806,164.418,711888.68,2421.179
TRIP-3492,VESSEL-005,Neo-Panamax Green,110000,102000,16500,158.0,Methanol,0.5,950.0,0.35,3689.9,13.98,68046.6,0.6671,4,1.58,18.4,1.1026,263.94,933.648,1.016,1425.7,0,1151.768,218.12,1123179.6,1439.71
TRIP-3493,VESSEL-003,Capesize Bulk,180000,170000,21000,162.0,HFO,1.0,620.0,1.0,1613.7,12.39,81194.8,0.4776,2,0.61,16.9,1.0503,130.24,199.995,1.048,1825.7,1,262.387,62.392,197679.94,939.345
TRIP-3494,VESSEL-001,Handysize Bulk,35000,32000,7200,175.0,Methanol,0.5,950.0,0.35,3941.9,10.98,21268.5,0.6646,3,2.11,21.9,1.0829,359.01,296.513,1.064,709.7,1,437.287,140.774,428672.65,546.609
TRIP-3495,VESSEL-002,Panamax Bulk,75000,70000,12500,168.0,HFO,1.0,620.0,1.0,3669.2,10.98,28035.6,0.4005,2,0.66,17.5,1.0513,334.17,215.746,1.04,1101.0,0,309.123,93.377,215406.26,1106.66
TRIP-3496,VESSEL-002,Panamax Bulk,75000,70000,12500,168.0,Methanol,0.5,950.0,0.35,2729.1,12.12,25708.0,0.3673,3,1.15,19.4,1.0791,225.17,387.609,1.04,1130.1,1,550.451,162.842,542178.45,688.064
TRIP-3497,VESSEL-005,Neo-Panamax Green,110000,102000,16500,158.0,Hydrogen,2.98,2800.0,0.08,3074.4,10.91,89449.8,0.877,6,3.73,32.2,1.1733,281.8,83.579,1.016,1466.3,1,125.591,42.012,376154.8,36.421
TRIP-3498,VESSEL-003,Capesize Bulk,180000,170000,21000,162.0,Ammonia,0.46,1100.0,0.15,3508.1,13.4,71633.0,0.4214,3,1.11,14.2,1.0713,261.8,1089.339,1.048,1812.2,0,1425.108,335.769,1607118.8,769.558
TRIP-3499,VESSEL-004,Feeder Container,22000,18500,9800,180.0,Methanol,0.5,950.0,0.35,3706.4,16.54,10002.2,0.5407,4,3.2,28.0,1.117,224.09,849.791,1.032,892.0,1,1066.21,216.419,1024199.5,1332.763
TRIP-3500,VESSEL-001,Handysize Bulk,35000,32000,7200,175.0,Methanol,0.5,950.0,0.35,932.1,12.08,18846.2,0.5889,2,1.52,11.0,1.0415,77.16,83.308,1.064,626.2,1,109.476,26.168,117252.2,136.845
TRIP-3501,VESSEL-001,Handysize Bulk,35000,32000,7200,175.0,Methanol,0.5,950.0,0.35,3308.6,11.68,25660.9,0.8019,5,2.35,24.5,1.1368,283.27,290.981,1.064,725.6,1,438.813,147.832,430122.35,548.516
TRIP-3502,VESSEL-004,Feeder Container,22000,18500,9800,180.0,Methanol,0.5,950.0,0.35,512.4,14.34,10218.8,0.5524,4,1.86,21.6,1.1074,35.73,88.541,1.032,918.3,0,110.857,22.316,121114.15,138.571
TRIP-3503,VESSEL-002,Panamax Bulk,75000,70000,12500,168.0,Ammonia,0.46,1100.0,0.15,2182.6,9.51,67232.2,0.9605,2,1.41,17.9,1.0518,229.51,240.187,1.04,1093.8,0,375.47,135.283,436767.0,202.754
TRIP-3504,VESSEL-001,Handysize Bulk,35000,32000,7200,175.0,HFO,1.0,620.0,1.0,1869.9,12.84,22351.6,0.6985,4,2.53,16.1,1.0991,145.63,96.96,1.064,709.9,0,131.707,34.747,99408.34,471.511
TRIP-3505,VESSEL-004,Feeder Container,22000,18500,9800,180.0,HFO,1.0,620.0,1.0,537.3,16.48,8724.8,0.4716,5,3.02,27.0,1.1405,32.6,60.162,1.032,915.9,0,77.549,17.387,63880.38,277.625
TRIP-3506,VESSEL-004,Feeder Container,22000,18500,9800,180.0,HFO,1.0,620.0,1.0,604.6,12.5,14025.9,0.7582,3,2.62,23.1,1.0847,48.37,41.587,1.032,868.6,0,53.795,12.208,49152.9,192.586
TRIP-3507,VESSEL-004,Feeder Container,22000,18500,9800,180.0,Hydrogen,2.98,2800.0,0.08,2019.2,17.8,18378.2,0.9934,2,1.69,16.7,1.05,113.44,99.421,1.032,885.1,1,112.019,12.598,324953.2,32.486
TRIP-3508,VESSEL-002,Panamax Bulk,75000,70000,12500,168.0,HFO,1.0,620.0,1.0,1905.9,10.66,43106.9,0.6158,2,0.7,11.5,1.0422,178.79,111.625,1.04,1124.5,1,151.866,40.241,113406.92,543.68
TRIP-3509,VESSEL-004,Feeder Container,22000,18500,9800,180.0,Hydrogen,2.98,2800.0,0.08,1537.1,11.98,8968.0,0.4848,1,0.87,7.6,1.0114,128.31,30.619,1.032,882.2,1,38.741,8.122,119774.8,11.235
TRIP-3510,VESSEL-004,Feeder Container,22000,18500,9800,180.0,Hydrogen,2.98,2800.0,0.08,2652.4,11.84,6807.2,0.368,2,1.61,13.1,1.0446,224.02,50.188,1.032,917.8,1,70.569,20.381,208893.2,20.465
TRIP-3511,VESSEL-005,Neo-Panamax Green,110000,102000,16500,158.0,LNG,1.15,780.0,0.78,2968.5,12.6,98379.6,0.9645,3,1.53,25.1,1.0877,235.6,284.613,1.016,1403.8,1,367.55,82.937,311189.0,1025.465
TRIP-3512,VESSEL-004,Feeder Container,22000,18500,9800,180.0,Hydrogen,2.98,2800.0,0.08,1592.3,13.65,16187.2,0.875,5,4.37,36.3,1.1545,116.65,44.956,1.032,932.8,1,62.429,17.473,186101.2,18.104
TRIP-3513,VESSEL-001,Handysize Bulk,35000,32000,7200,175.0,HFO,1.0,620.0,1.0,2004.9,13.6,21450.3,0.6703,3,2.08,22.5,1.0837,147.42,115.843,1.064,692.8,1,156.658,40.815,110377.96,560.836
TRIP-3514,VESSEL-003,Capesize Bulk,180000,170000,21000,162.0,HFO,1.0,620.0,1.0,4172.3,14.71,62901.1,0.37,4,2.81,32.4,1.1236,283.64,708.421,1.048,1791.2,0,960.326,251.905,634902.12,3437.967
TRIP-3515,VESSEL-004,Feeder Container,22000,18500,9800,180.0,HFO,1.0,620.0,1.0,3366.0,13.59,12001.5,0.6487,3,1.75,16.2,1.0743,247.68,267.034,1.032,888.0,1,331.889,64.855,217071.18,1188.163
TRIP-3516,VESSEL-005,Neo-Panamax Green,110000,102000,16500,158.0,Ammonia,0.46,1100.0,0.15,2862.7,10.36,58485.8,0.5734,4,3.51,28.7,1.118,276.32,422.447,1.016,1412.9,0,631.234,208.787,723357.4,340.866
TRIP-3517,VESSEL-001,Handysize Bulk,35000,32000,7200,175.0,Methanol,0.5,950.0,0.35,3007.5,12.45,21805.6,0.6814,2,0.99,11.2,1.0418,241.57,292.04,1.064,705.8,0,393.918,101.878,391972.1,492.398
TRIP-3518,VESSEL-002,Panamax Bulk,75000,70000,12500,168.0,Ammonia,0.46,1100.0,0.15,1418.1,13.18,43789.7,0.6256,2,1.71,10.6,1.0409,107.59,276.669,1.04,1146.2,0,341.656,64.987,399571.6,184.494
TRIP-3519,VESSEL-001,Handysize Bulk,35000,32000,7200,175.0,LNG,1.15,780.0,0.78,1822.1,13.97,13370.5,0.4178,4,3.1,30.3,1.1204,130.43,90.697,1.064,717.4,1,124.423,33.726,110299.94,347.14
TRIP-3520,VESSEL-003,Capesize Bulk,180000,170000,21000,162.0,Ammonia,0.46,1100.0,0.15,3126.7,13.51,136775.2,0.8046,4,1.36,23.0,1.1095,231.44,1087.122,1.048,1759.5,0,1444.263,357.141,1628189.3,779.902
TRIP-3521,VESSEL-001,Handysize Bulk,35000,32000,7200,175.0,LNG,1.15,780.0,0.78,2512.3,10.46,12436.3,0.3886,3,1.46,25.8,1.0887,240.18,69.579,1.064,633.0,0,102.12,32.541,97403.6,284.915
TRIP-3522,VESSEL-005,Neo-Panamax Green,110000,102000,16500,158.0,LNG,1.15,780.0,0.78,3505.4,16.0,91396.5,0.896,3,2.51,17.1,1.0756,219.09,533.467,1.016,1410.8,0,642.79,109.323,530376.2,1793.384
TRIP-3523,VESSEL-005,Neo-Panamax Green,110000,102000,16500,158.0,Hydrogen,2.98,2800.0,0.08,3039.8,16.25,54588.4,0.5352,1,0.55,7.9,1.0118,187.06,168.726,1.016,1446.6,1,189.68,20.954,555604.0,55.007
TRIP-3524,VESSEL-005,Neo-Panamax Green,110000,102000,16500,158.0,LNG,1.15,780.0,0.78,2226.0,10.64,90689.2,0.8891,2,0.69,15.0,1.0475,209.21,149.566,1.016,1374.2,1,211.815,62.249,189715.7,590.964
TRIP-3525,VESSEL-002,Panamax Bulk,75000,70000,12500,168.0,Ammonia,0.46,1100.0,0.15,594.7,13.06,69526.9,0.9932,4,3.1,18.3,1.1024,45.54,124.362,1.04,1083.5,0,163.704,39.342,203824.4,88.4
TRIP-3526,VESSEL-004,Feeder Container,22000,18500,9800,180.0,Hydrogen,2.98,2800.0,0.08,2751.6,14.31,14319.8,0.774,2,1.28,15.8,1.0487,192.29,83.528,1.032,892.5,1,104.221,20.693,303118.8,30.224
TRIP-3527,VESSEL-003,Capesize Bulk,180000,170000,21000,162.0,Ammonia,0.46,1100.0,0.15,1917.6,15.24,165524.2,0.9737,4,1.33,24.2,1.1113,125.83,882.934,1.048,1766.8,0,1114.391,231.457,1265330.1,601.771
TRIP-3528,VESSEL-002,Panamax Bulk,75000,70000,12500,168.0,LNG,1.15,780.0,0.78,2108.0,14.75,40937.9,0.5848,2,1.11,10.5,1.0407,142.92,203.96,1.04,1116.6,1,239.196,35.236,205822.88,667.357
TRIP-3529,VESSEL-003,Capesize Bulk,180000,170000,21000,162.0,LNG,1.15,780.0,0.78,3360.1,11.32,88565.6,0.521,4,2.38,18.5,1.1027,296.83,305.702,1.048,1735.6,1,450.93,145.228,386725.4,1258.095
TRIP-3530,VESSEL-003,Capesize Bulk,180000,170000,21000,162.0,LNG,1.15,780.0,0.78,810.9,14.53,112629.0,0.6625,1,0.8,9.0,1.0135,55.81,125.993,1.048,1757.9,1,146.989,20.996,149651.42,410.099
TRIP-3531,VESSEL-001,Handysize Bulk,35000,32000,7200,175.0,LNG,1.15,780.0,0.78,2966.4,9.56,12549.2,0.3922,4,3.0,17.8,1.1017,310.29,68.689,1.064,720.5,0,124.439,55.75,114812.42,347.185
TRIP-3532,VESSEL-004,Feeder Container,22000,18500,9800,180.0,Hydrogen,2.98,2800.0,0.08,3411.0,16.11,7258.4,0.3923,3,1.76,17.9,1.0769,211.73,120.195,1.032,919.7,1,148.857,28.662,428099.6,43.169
TRIP-3533,VESSEL-005,Neo-Panamax Green,110000,102000,16500,158.0,Ammonia,0.46,1100.0,0.15,518.7,15.84,89095.6,0.8735,3,0.98,16.3,1.0745,32.75,192.426,1.016,1450.4,0,229.844,37.418,281828.4,124.116
TRIP-3534,VESSEL-003,Capesize Bulk,180000,170000,21000,162.0,LNG,1.15,780.0,0.78,3363.4,10.15,117199.5,0.6894,4,2.96,25.0,1.1125,331.37,256.712,1.048,1795.1,1,397.167,140.455,344790.26,1108.096
TRIP-3535,VESSEL-001,Handysize Bulk,35000,32000,7200,175.0,LNG,1.15,780.0,0.78,1821.1,14.31,15086.6,0.4715,3,2.5,22.1,1.0832,127.26,96.427,1.064,640.5,1,129.882,33.455,114557.96,362.371
TRIP-3536,VESSEL-001,Handysize Bulk,35000,32000,7200,175.0,HFO,1.0,620.0,1.0,1898.8,11.52,27123.4,0.8476,6,5.21,40.3,1.1854,164.83,82.097,1.064,714.3,0,119.365,37.268,91756.3,427.327
TRIP-3537,VESSEL-005,Neo-Panamax Green,110000,102000,16500,158.0,Methanol,0.5,950.0,0.35,2242.8,11.91,94417.9,0.9257,3,2.46,23.2,1.0848,188.31,437.961,1.016,1402.2,0,567.025,129.064,567673.75,708.781
TRIP-3538,VESSEL-004,Feeder Container,22000,18500,9800,180.0,Hydrogen,2.98,2800.0,0.08,3413.7,11.74,9131.2,0.4936,3,1.57,14.6,1.0719,290.78,65.438,1.032,920.6,1,87.539,22.101,256409.2,25.386
TRIP-3539,VESSEL-002,Panamax Bulk,75000,70000,12500,168.0,Methanol,0.5,950.0,0.35,1061.5,11.98,49526.0,0.7075,2,1.16,11.8,1.0427,88.61,160.639,1.04,1094.1,0,206.02,45.381,219469.0,257.525
TRIP-3540,VESSEL-002,Panamax Bulk,75000,70000,12500,168.0,HFO,1.0,620.0,1.0,4082.5,13.5,43543.0,0.622,1,0.8,7.9,1.0118,302.41,384.076,1.04,1050.5,0,464.689,80.613,311857.18,1663.587
TRIP-3541,VESSEL-004,Feeder Container,22000,18500,9800,180.0,Methanol,0.5,950.0,0.35,1835.5,13.54,17498.0,0.9458,3,2.27,23.1,1.0847,135.56,308.548,1.032,842.4,0,388.345,79.797,384727.75,485.431
TRIP-3542,VESSEL-004,Feeder Container,22000,18500,9800,180.0,Methanol,0.5,950.0,0.35,1445.0,11.32,10806.9,0.5842,3,1.94,22.3,1.0835,127.65,156.75,1.032,894.5,1,230.143,73.393,229935.85,287.679
TRIP-3543,VESSEL-005,Neo-Panamax Green,110000,102000,16500,158.0,LNG,1.15,780.0,0.78,1066.7,16.12,92765.7,0.9095,2,1.2,11.9,1.0428,66.17,165.284,1.016,1383.2,0,186.05,20.766,174119.0,519.08
TRIP-3544,VESSEL-002,Panamax Bulk,75000,70000,12500,168.0,Ammonia,0.46,1100.0,0.15,2220.2,14.95,63372.6,0.9053,2,1.2,9.6,1.0394,148.51,596.143,1.04,1077.0,1,679.819,83.676,767050.9,367.102
TRIP-3545,VESSEL-001,Handysize Bulk,35000,32000,7200,175.0,Methanol,0.5,950.0,0.35,3706.5,13.21,15295.8,0.478,1,0.62,10.2,1.0153,280.58,385.302,1.064,649.8,1,499.902,114.6,488156.9,624.877
TRIP-3546,VESSEL-004,Feeder Container,22000,18500,9800,180.0,HFO,1.0,620.0,1.0,755.7,14.78,15914.4,0.8602,3,1.49,24.8,1.0872,51.13,74.309,1.032,852.6,0,94.1,19.791,74142.0,336.878
TRIP-3547,VESSEL-001,Handysize Bulk,35000,32000,7200,175.0,Methanol,0.5,950.0,0.35,3855.3,11.72,16483.5,0.5151,2,1.62,12.9,1.0443,328.95,318.434,1.064,697.8,1,444.612,126.178,435631.4,555.765
TRIP-3548,VESSEL-002,Panamax Bulk,75000,70000,12500,168.0,Ammonia,0.46,1100.0,0.15,3460.6,14.42,36378.7,0.5197,3,1.77,14.6,1.0719,239.99,786.929,1.04,1098.6,1,964.733,177.804,1080456.3,520.956
TRIP-3549,VESSEL-002,Panamax Bulk,75000,70000,12500,168.0,HFO,1.0,620.0,1.0,3636.5,11.33,69278.2,0.9897,3,1.31,13.0,1.0695,320.96,263.034,1.04,1073.4,0,356.615,93.581,244851.3,1276.682
TRIP-3550,VESSEL-004,Feeder Container,22000,18500,9800,180.0,HFO,1.0,620.0,1.0,878.1,13.08,9074.2,0.4905,6,2.76,24.1,1.1611,67.13,62.216,1.032,928.4,1,88.105,25.889,65925.1,315.416
TRIP-3551,VESSEL-003,Capesize Bulk,180000,170000,21000,162.0,LNG,1.15,780.0,0.78,2209.8,12.49,90568.2,0.5328,2,0.71,9.2,1.0388,176.93,245.504,1.048,1761.9,0,314.755,69.251,285008.9,878.166
TRIP-3552,VESSEL-002,Panamax Bulk,75000,70000,12500,168.0,Ammonia,0.46,1100.0,0.15,730.3,13.23,27231.2,0.389,3,1.87,13.0,1.0695,55.2,135.118,1.04,1072.4,1,178.574,43.456,215681.4,96.43
TRIP-3553,VESSEL-004,Feeder Container,22000,18500,9800,180.0,Methanol,0.5,950.0,0.35,994.7,14.08,9483.1,0.5126,3,2.56,12.7,1.0691,70.65,164.197,1.032,933.1,0,204.702,40.505,210266.9,255.877
TRIP-3554,VESSEL-002,Panamax Bulk,75000,70000,12500,168.0,Methanol,0.5,950.0,0.35,1537.3,10.01,44689.2,0.6384,3,2.33,24.9,1.0874,153.58,159.681,1.04,1146.4,0,240.906,81.225,252610.7,301.132
TRIP-3555,VESSEL-004,Feeder Container,22000,18500,9800,180.0,Methanol,0.5,950.0,0.35,4005.4,16.96,8039.6,0.4346,3,1.5,16.7,1.0751,236.17,941.787,1.032,909.1,0,1161.378,219.591,1119109.1,1451.722
TRIP-3556,VESSEL-003,Capesize Bulk,180000,170000,21000,162.0,LNG,1.15,780.0,0.78,1323.0,14.33,92482.1,0.544,2,0.78,12.7,1.044,92.32,194.026,1.048,1756.1,1,245.209,51.183,226263.02,684.133
TRIP-3557,VESSEL-005,Neo-Panamax Green,110000,102000,16500,158.0,Ammonia,0.46,1100.0,0.15,2720.8,15.21,62459.4,0.6123,3,1.2,12.7,1.0691,178.88,873.879,1.016,1438.4,1,1101.648,227.769,1236312.8,594.89
TRIP-3558,VESSEL-001,Handysize Bulk,35000,32000,7200,175.0,HFO,1.0,620.0,1.0,1081.7,14.42,27074.7,0.8461,4,2.4,17.1,1.1006,75.01,73.248,1.064,639.2,0,94.177,20.929,76139.74,337.154
TRIP-3559,VESSEL-003,Capesize Bulk,180000,170000,21000,162.0,HFO,1.0,620.0,1.0,3391.0,11.2,97681.8,0.5746,4,2.96,30.6,1.1209,302.77,352.117,1.048,1800.3,1,511.496,159.379,352127.52,1831.156
TRIP-3560,VESSEL-005,Neo-Panamax Green,110000,102000,16500,158.0,Ammonia,0.46,1100.0,0.15,1045.7,14.34,62661.8,0.6143,2,1.71,8.3,1.0374,72.92,298.682,1.016,1380.5,0,376.693,78.011,443362.3,203.414
TRIP-3561,VESSEL-005,Neo-Panamax Green,110000,102000,16500,158.0,Methanol,0.5,950.0,0.35,984.4,12.84,43486.8,0.4263,4,3.02,17.8,1.1017,76.67,197.731,1.016,1436.8,1,274.37,76.639,285151.5,342.962
TRIP-3562,VESSEL-001,Handysize Bulk,35000,32000,7200,175.0,HFO,1.0,620.0,1.0,3877.6,10.28,12527.5,0.3915,4,1.64,30.2,1.1203,377.2,119.377,1.064,640.6,1,193.121,73.744,132985.02,691.373
TRIP-3563,VESSEL-004,Feeder Container,22000,18500,9800,180.0,Hydrogen,2.98,2800.0,0.08,2782.4,14.74,16705.6,0.903,3,2.57,12.5,1.0688,188.77,92.161,1.032,882.8,1,115.308,23.147,334162.4,33.439
TRIP-3564,VESSEL-003,Capesize Bulk,180000,170000,21000,162.0,HFO,1.0,620.0,1.0,2968.6,11.9,167106.2,0.983,3,2.48,21.6,1.0824,249.46,384.169,1.048,1793.8,1,529.165,144.996,363082.3,1894.411
TRIP-3565,VESSEL-004,Feeder Container,22000,18500,9800,180.0,HFO,1.0,620.0,1.0,3864.3,14.45,11517.2,0.6226,3,1.29,19.3,1.079,267.43,344.546,1.032,837.4,0,420.461,75.915,276485.82,1505.25
TRIP-3566,VESSEL-005,Neo-Panamax Green,110000,102000,16500,158.0,Hydrogen,2.98,2800.0,0.08,1386.4,15.41,63163.4,0.6192,4,3.52,24.6,1.1119,89.97,70.679,1.016,1428.0,0,89.1,18.421,278480.0,25.839
TRIP-3567,VESSEL-002,Panamax Bulk,75000,70000,12500,168.0,Methanol,0.5,950.0,0.35,1895.3,11.9,62973.8,0.8996,3,1.27,13.3,1.0699,159.27,296.25,1.04,1054.0,1,383.536,87.286,383609.2,479.42
TRIP-3568,VESSEL-001,Handysize Bulk,35000,32000,7200,175.0,Methanol,0.5,950.0,0.35,826.3,9.43,22680.3,0.7088,1,0.81,6.3,1.0094,87.62,46.332,1.064,693.9,1,72.934,26.602,82537.3,91.167
TRIP-3569,VESSEL-002,Panamax Bulk,75000,70000,12500,168.0,Methanol,0.5,950.0,0.35,3073.2,15.49,53399.4,0.7628,2,0.78,17.7,1.0515,198.4,787.98,1.04,1091.3,1,956.337,168.357,927770.15,1195.421
TRIP-3570,VESSEL-004,Feeder Container,22000,18500,9800,180.0,Hydrogen,2.98,2800.0,0.08,1660.1,12.3,7172.0,0.3877,4,2.21,20.3,1.1055,134.97,34.063,1.032,836.1,1,44.789,10.726,136709.2,12.989
TRIP-3571,VESSEL-003,Capesize Bulk,180000,170000,21000,162.0,Ammonia,0.46,1100.0,0.15,4116.6,10.87,120662.1,0.7098,4,2.99,26.9,1.1153,378.71,905.427,1.048,1764.8,0,1324.997,419.57,1496996.7,715.498
TRIP-3572,VESSEL-004,Feeder Container,22000,18500,9800,180.0,HFO,1.0,620.0,1.0,4037.7,13.27,13584.3,0.7343,2,1.17,16.3,1.0494,304.27,311.333,1.032,903.1,1,384.946,73.613,249966.52,1378.107
TRIP-3573,VESSEL-001,Handysize Bulk,35000,32000,7200,175.0,HFO,1.0,620.0,1.0,1794.9,10.75,22329.8,0.6978,2,1.27,8.5,1.0377,166.97,65.229,1.064,629.7,0,92.96,27.731,75385.2,332.797
TRIP-3574,VESSEL-003,Capesize Bulk,180000,170000,21000,162.0,LNG,1.15,780.0,0.78,1215.5,11.52,99092.7,0.5829,4,1.44,24.8,1.1122,105.51,116.356,1.048,1777.7,0,165.439,49.083,168542.42,461.575
TRIP-3575,VESSEL-002,Panamax Bulk,75000,70000,12500,168.0,HFO,1.0,620.0,1.0,1371.4,12.92,61331.2,0.8762,4,1.9,17.9,1.1018,106.15,125.655,1.04,1063.5,0,168.898,43.243,128466.76,604.655
TRIP-3576,VESSEL-004,Feeder Container,22000,18500,9800,180.0,HFO,1.0,620.0,1.0,2351.3,13.56,17173.9,0.9283,3,1.24,13.8,1.0707,173.4,197.476,1.032,875.3,1,241.197,43.721,160842.14,863.485
TRIP-3577,VESSEL-002,Panamax Bulk,75000,70000,12500,168.0,Ammonia,0.46,1100.0,0.15,4177.0,14.73,67015.7,0.9574,4,1.38,30.8,1.1212,283.57,1101.962,1.04,1138.6,1,1395.8,293.838,1554630.0,753.732
TRIP-3578,VESSEL-004,Feeder Container,22000,18500,9800,180.0,Hydrogen,2.98,2800.0,0.08,2969.9,14.09,15182.6,0.8207,4,2.34,24.7,1.112,210.78,88.3,1.032,927.6,1,114.406,26.106,331636.8,33.178
TRIP-3579,VESSEL-004,Feeder Container,22000,18500,9800,180.0,Hydrogen,2.98,2800.0,0.08,3198.7,15.93,6793.4,0.3672,3,2.0,16.3,1.0745,200.8,109.545,1.032,849.9,0,134.261,24.716,391730.8,38.936
TRIP-3580,VESSEL-004,Feeder Container,22000,18500,9800,180.0,Methanol,0.5,950.0,0.35,1045.3,16.15,18012.3,0.9736,3,1.51,17.4,1.0761,64.72,251.447,1.032,909.3,1,304.239,52.792,300327.05,380.299
TRIP-3581,VESSEL-002,Panamax Bulk,75000,70000,12500,168.0,Methanol,0.5,950.0,0.35,2161.8,10.61,49218.4,0.7031,5,1.53,39.8,1.1597,203.75,256.316,1.04,1098.0,1,381.796,125.48,381956.2,477.245
TRIP-3582,VESSEL-001,Handysize Bulk,35000,32000,7200,175.0,Methanol,0.5,950.0,0.35,1846.7,12.65,24697.2,0.7718,1,0.78,6.3,1.0094,145.98,189.157,1.064,710.9,1,251.683,62.526,252348.85,314.604
TRIP-3583,VESSEL-003,Capesize Bulk,180000,170000,21000,162.0,LNG,1.15,780.0,0.78,3114.7,13.57,130826.9,0.7696,4,1.58,32.1,1.1231,229.53,433.353,1.048,1771.1,0,573.638,140.285,486937.64,1600.45
TRIP-3584,VESSEL-004,Feeder Container,22000,18500,9800,180.0,HFO,1.0,620.0,1.0,1882.5,13.35,13767.4,0.7442,2,0.99,15.0,1.0475,141.01,147.232,1.032,905.6,0,186.266,39.034,131284.92,666.832
TRIP-3585,VESSEL-005,Neo-Panamax Green,110000,102000,16500,158.0,LNG,1.15,780.0,0.78,3259.0,11.64,47909.0,0.4697,4,3.06,32.5,1.1238,279.98,236.53,1.016,1458.4,1,316.724,80.194,271544.72,883.66
TRIP-3586,VESSEL-004,Feeder Container,22000,18500,9800,180.0,Methanol,0.5,950.0,0.35,4171.0,13.06,13262.7,0.7169,4,1.88,32.2,1.1233,319.37,620.621,1.032,932.1,0,834.12,213.499,808214.0,1042.65
TRIP-3587,VESSEL-001,Handysize Bulk,35000,32000,7200,175.0,LNG,1.15,780.0,0.78,1629.5,9.22,25129.5,0.7853,4,3.39,24.5,1.1118,176.74,38.676,1.064,667.4,1,65.356,26.68,64227.68,182.343
TRIP-3588,VESSEL-001,Handysize Bulk,35000,32000,7200,175.0,Methanol,0.5,950.0,0.35,3707.7,9.55,17106.9,0.5346,2,1.16,13.7,1.0455,388.24,204.333,1.064,643.8,0,319.776,115.443,321537.2,399.72
TRIP-3589,VESSEL-005,Neo-Panamax Green,110000,102000,16500,158.0,LNG,1.15,780.0,0.78,3723.1,10.56,96882.9,0.9498,5,2.1,29.7,1.1446,352.57,249.889,1.016,1431.6,1,377.395,127.506,318868.1,1052.932
TRIP-3590,VESSEL-003,Capesize Bulk,180000,170000,21000,162.0,HFO,1.0,620.0,1.0,1844.7,12.82,152938.7,0.8996,2,1.15,13.5,1.0453,143.89,271.735,1.048,1777.8,1,339.608,67.873,245556.96,1215.797
TRIP-3591,VESSEL-005,Neo-Panamax Green,110000,102000,16500,158.0,Ammonia,0.46,1100.0,0.15,1331.4,16.22,69790.5,0.6842,2,1.64,8.6,1.0379,82.08,494.964,1.016,1381.8,1,568.313,73.349,649644.3,306.889
TRIP-3592,VESSEL-004,Feeder Container,22000,18500,9800,180.0,Methanol,0.5,950.0,0.35,3034.4,16.42,16455.2,0.8895,3,1.29,23.9,1.0858,184.8,741.189,1.032,868.2,0,877.834,136.645,849742.3,1097.293
TRIP-3593,VESSEL-005,Neo-Panamax Green,110000,102000,16500,158.0,LNG,1.15,780.0,0.78,4193.5,16.83,95246.1,0.9338,5,3.61,25.9,1.1389,249.17,712.293,1.016,1465.3,1,878.571,166.278,709785.38,2451.213
TRIP-3594,VESSEL-005,Neo-Panamax Green,110000,102000,16500,158.0,Ammonia,0.46,1100.0,0.15,1407.2,16.67,73674.5,0.7223,2,1.78,14.8,1.0472,84.42,557.765,1.016,1412.1,1,651.902,94.137,741592.2,352.027
TRIP-3595,VESSEL-004,Feeder Container,22000,18500,9800,180.0,Hydrogen,2.98,2800.0,0.08,2394.4,11.53,13602.3,0.7353,3,1.92,13.0,1.0695,207.67,46.784,1.032,928.4,0,63.601,16.817,193882.8,18.444
TRIP-3596,VESSEL-001,Handysize Bulk,35000,32000,7200,175.0,LNG,1.15,780.0,0.78,1507.7,11.29,26551.5,0.8297,3,2.57,16.1,1.0741,133.54,54.216,1.064,705.5,0,77.557,23.341,78244.46,216.384
TRIP-3597,VESSEL-004,Feeder Container,22000,18500,9800,180.0,Hydrogen,2.98,2800.0,0.08,3841.2,14.19,9290.1,0.5022,1,0.66,8.8,1.0132,270.7,107.789,1.032,840.6,1,126.861,19.072,366510.8,36.79
TRIP-3598,VESSEL-002,Panamax Bulk,75000,70000,12500,168.0,Ammonia,0.46,1100.0,0.15,1464.8,11.44,46544.1,0.6649,2,0.6,18.6,1.0529,128.04,217.419,1.04,1094.1,0,310.285,92.866,365063.5,167.554
TRIP-3599,VESSEL-005,Neo-Panamax Green,110000,102000,16500,158.0,Hydrogen,2.98,2800.0,0.08,1885.7,12.02,36624.1,0.3591,1,0.32,9.4,1.0141,156.88,54.716,1.016,1460.7,0,73.438,18.722,234626.4,21.297
TRIP-3600,VESSEL-005,Neo-Panamax Green,110000,102000,16500,158.0,Ammonia,0.46,1100.0,0.15,3764.8,10.44,91288.5,0.895,4,3.17,25.5,1.1132,360.61,609.674,1.016,1396.5,1,896.014,286.34,1010115.4,483.848
TRIP-3601,VESSEL-002,Panamax Bulk,75000,70000,12500,168.0,LNG,1.15,780.0,0.78,2909.4,9.53,46195.6,0.6599,1,0.67,9.2,1.0138,305.29,119.727,1.04,1065.8,1,183.662,63.935,162506.36,512.417
TRIP-3602,VESSEL-003,Capesize Bulk,180000,170000,21000,162.0,HFO,1.0,620.0,1.0,630.2,12.1,73210.9,0.4307,2,1.73,18.5,1.0527,52.08,73.575,1.048,1811.3,0,99.385,25.81,101118.7,355.798
TRIP-3603,VESSEL-002,Panamax Bulk,75000,70000,12500,168.0,LNG,1.15,780.0,0.78,2070.9,13.07,53916.0,0.7702,4,2.99,29.3,1.1189,158.45,164.657,1.04,1100.2,0,215.072,50.415,191506.16,600.051
TRIP-3604,VESSEL-005,Neo-Panamax Green,110000,102000,16500,158.0,LNG,1.15,780.0,0.78,2036.9,11.35,101470.1,0.9948,5,1.99,24.1,1.1361,179.46,159.557,1.016,1425.8,0,231.852,72.295,209844.56,646.867
TRIP-3605,VESSEL-002,Panamax Bulk,75000,70000,12500,168.0,Ammonia,0.46,1100.0,0.15,2096.8,12.03,61427.7,0.8775,3,1.48,21.9,1.0829,174.3,362.2,1.04,1115.5,1,471.587,109.387,537995.7,254.657
TRIP-3606,VESSEL-001,Handysize Bulk,35000,32000,7200,175.0,HFO,1.0,620.0,1.0,2509.1,9.73,27821.6,0.8694,3,2.63,20.5,1.0808,257.87,77.78,1.064,709.1,1,122.897,45.117,89446.14,439.971
TRIP-3607,VESSEL-005,Neo-Panamax Green,110000,102000,16500,158.0,Ammonia,0.46,1100.0,0.15,3612.6,14.86,96906.6,0.9501,2,0.98,13.7,1.0455,243.11,1200.417,1.016,1427.2,1,1401.077,200.66,1565684.7,756.582
TRIP-3608,VESSEL-005,Neo-Panamax Green,110000,102000,16500,158.0,Methanol,0.5,950.0,0.35,1640.6,15.87,97553.2,0.9564,5,3.5,39.2,1.1588,103.38,572.873,1.016,1397.2,0,718.457,145.584,711534.15,898.071
TRIP-3609,VESSEL-001,Handysize Bulk,35000,32000,7200,175.0,LNG,1.15,780.0,0.78,2768.7,13.08,19769.6,0.6178,3,2.51,14.5,1.0717,211.67,127.037,1.064,673.6,1,170.481,43.444,146225.18,475.642
TRIP-3610,VESSEL-005,Neo-Panamax Green,110000,102000,16500,158.0,LNG,1.15,780.0,0.78,2126.4,16.59,76239.5,0.7474,4,2.43,32.9,1.1243,128.17,335.905,1.016,1438.6,0,438.578,102.673,371090.84,1223.633
TRIP-3611,VESSEL-004,Feeder Container,22000,18500,9800,180.0,HFO,1.0,620.0,1.0,4115.8,16.9,16255.8,0.8787,3,1.15,21.1,1.0817,243.54,531.253,1.032,841.1,0,632.411,101.158,407894.82,2264.031
TRIP-3612,VESSEL-002,Panamax Bulk,75000,70000,12500,168.0,Ammonia,0.46,1100.0,0.15,2340.9,10.23,55423.1,0.7918,4,1.9,30.1,1.1201,228.83,286.538,1.04,1115.1,1,443.479,156.941,507076.9,239.479
TRIP-3613,VESSEL-002,Panamax Bulk,75000,70000,12500,168.0,Ammonia,0.46,1100.0,0.15,1752.3,9.81,63222.8,0.9032,3,2.57,18.2,1.0773,178.62,202.485,1.04,1079.8,1,307.942,105.457,357986.2,166.289
TRIP-3614,VESSEL-005,Neo-Panamax Green,110000,102000,16500,158.0,Ammonia,0.46,1100.0,0.15,3675.0,15.02,67408.9,0.6609,2,1.51,18.3,1.0524,244.67,1164.913,1.016,1444.1,0,1371.608,206.695,1537768.8,740.668
TRIP-3615,VESSEL-004,Feeder Container,22000,18500,9800,180.0,HFO,1.0,620.0,1.0,2997.6,12.25,10903.4,0.5894,3,1.51,25.9,1.0889,244.7,190.625,1.032,905.9,1,274.561,83.936,181527.82,982.928
TRIP-3616,VESSEL-003,Capesize Bulk,180000,170000,21000,162.0,Ammonia,0.46,1100.0,0.15,1097.1,15.87,145787.6,0.8576,2,1.72,15.5,1.0482,69.13,533.057,1.048,1733.9,0,643.805,110.748,747685.5,347.655
TRIP-3617,VESSEL-001,Handysize Bulk,35000,32000,7200,175.0,HFO,1.0,620.0,1.0,4036.4,11.74,20812.7,0.6504,3,1.83,25.8,1.0887,343.82,172.955,1.064,637.1,1,230.43,57.475,156116.6,824.939
TRIP-3618,VESSEL-002,Panamax Bulk,75000,70000,12500,168.0,Ammonia,0.46,1100.0,0.15,2094.0,9.64,34586.9,0.4941,4,2.55,30.4,1.1206,217.22,211.411,1.04,1132.8,1,347.657,136.246,401672.7,187.735
TRIP-3619,VESSEL-004,Feeder Container,22000,18500,9800,180.0,Hydrogen,2.98,2800.0,0.08,784.3,12.95,17993.8,0.9726,3,2.09,25.2,1.0878,60.56,20.349,1.032,884.2,1,25.059,4.71,81465.2,7.267
TRIP-3620,VESSEL-001,Handysize Bulk,35000,32000,7200,175.0,HFO,1.0,620.0,1.0,2120.6,11.61,12547.5,0.3921,1,0.48,5.0,1.0075,182.65,83.283,1.064,659.4,0,113.712,30.429,88251.44,407.089
TRIP-3621,VESSEL-001,Handysize Bulk,35000,32000,7200,175.0,Methanol,0.5,950.0,0.35,3370.0,10.79,11830.9,0.3697,3,1.5,23.3,1.085,312.33,227.309,1.064,670.7,1,350.222,122.913,345960.9,437.777
TRIP-3622,VESSEL-001,Handysize Bulk,35000,32000,7200,175.0,Methanol,0.5,950.0,0.35,4176.6,14.16,22889.4,0.7153,3,2.08,22.5,1.0837,294.96,528.907,1.064,708.2,1,682.26,153.353,661397.0,852.825
TRIP-3623,VESSEL-004,Feeder Container,22000,18500,9800,180.0,Methanol,0.5,950.0,0.35,3537.0,15.3,11370.2,0.6146,2,0.8,16.1,1.0491,231.18,705.832,1.032,897.7,1,867.523,161.691,835446.85,1084.404
TRIP-3624,VESSEL-003,Capesize Bulk,180000,170000,21000,162.0,Ammonia,0.46,1100.0,0.15,1586.4,12.66,117683.6,0.6923,5,3.88,36.0,1.154,125.31,471.268,1.048,1773.3,0,640.436,169.168,743979.6,345.835
TRIP-3625,VESSEL-004,Feeder Container,22000,18500,9800,180.0,Hydrogen,2.98,2800.0,0.08,3387.3,13.62,16941.9,0.9158,2,1.32,15.6,1.0484,248.7,96.054,1.032,890.8,0,113.816,17.762,334484.8,33.007
TRIP-3626,VESSEL-005,Neo-Panamax Green,110000,102000,16500,158.0,Methanol,0.5,950.0,0.35,2449.2,10.13,87341.7,0.8563,5,4.49,33.3,1.15,241.78,340.469,1.016,1411.2,1,531.923,191.454,529826.85,664.904
TRIP-3627,VESSEL-004,Feeder Container,22000,18500,9800,180.0,HFO,1.0,620.0,1.0,1468.5,15.05,16161.1,0.8736,3,1.9,24.7,1.0871,97.57,150.147,1.032,847.9,0,185.404,35.257,130750.48,663.746
TRIP-3628,VESSEL-001,Handysize Bulk,35000,32000,7200,175.0,LNG,1.15,780.0,0.78,1110.4,11.57,28982.3,0.9057,2,1.21,12.5,1.0437,95.97,42.676,1.064,683.4,1,58.35,15.674,58763.0,162.797
TRIP-3629,VESSEL-005,Neo-Panamax Green,110000,102000,16500,158.0,Hydrogen,2.98,2800.0,0.08,1099.7,11.61,55732.2,0.5464,5,2.69,29.0,1.1435,94.72,31.247,1.016,1450.3,0,44.109,12.862,152505.2,12.792
TRIP-3630,VESSEL-002,Panamax Bulk,75000,70000,12500,168.0,HFO,1.0,620.0,1.0,941.0,13.82,53863.5,0.7695,2,1.48,17.7,1.0515,68.09,96.181,1.04,1054.7,0,119.295,23.114,97712.9,427.076
TRIP-3631,VESSEL-001,Handysize Bulk,35000,32000,7200,175.0,LNG,1.15,780.0,0.78,1274.9,11.37,19039.4,0.595,2,1.22,12.2,1.0433,112.13,43.956,1.064,675.2,1,60.782,16.826,60659.96,169.582
TRIP-3632,VESSEL-003,Capesize Bulk,180000,170000,21000,162.0,HFO,1.0,620.0,1.0,1303.2,10.34,160759.7,0.9456,3,1.86,25.7,1.0886,126.03,126.229,1.048,1783.5,0,182.581,56.352,152700.22,653.64
TRIP-3633,VESSEL-004,Feeder Container,22000,18500,9800,180.0,Methanol,0.5,950.0,0.35,1125.2,17.8,16310.8,0.8817,4,3.22,27.7,1.1165,63.21,322.422,1.032,899.7,1,413.44,91.018,404068.0,516.8
TRIP-3634,VESSEL-001,Handysize Bulk,35000,32000,7200,175.0,Methanol,0.5,950.0,0.35,3612.5,10.42,15236.9,0.4762,4,2.28,30.0,1.12,346.69,233.549,1.064,697.7,1,364.852,131.303,359859.4,456.065
TRIP-3635,VESSEL-004,Feeder Container,22000,18500,9800,180.0,Hydrogen,2.98,2800.0,0.08,901.2,17.61,17138.4,0.9264,3,1.87,22.9,1.0844,51.18,42.822,1.032,864.1,0,49.949,7.127,155657.2,14.485
TRIP-3636,VESSEL-005,Neo-Panamax Green,110000,102000,16500,158.0,Ammonia,0.46,1100.0,0.15,2345.0,10.52,67958.1,0.6663,3,1.46,15.6,1.0734,222.91,365.135,1.016,1418.4,1,519.683,154.548,596151.3,280.629
TRIP-3637,VESSEL-002,Panamax Bulk,75000,70000,12500,168.0,HFO,1.0,620.0,1.0,1429.8,14.11,56409.3,0.8058,4,3.23,26.2,1.1143,101.33,153.666,1.04,1142.8,1,202.961,49.295,145085.82,726.6
TRIP-3638,VESSEL-005,Neo-Panamax Green,110000,102000,16500,158.0,Hydrogen,2.98,2800.0,0.08,3766.6,13.65,59319.9,0.5816,2,1.17,13.9,1.0458,275.94,149.253,1.016,1425.5,1,190.604,41.351,558191.2,55.275
TRIP-3639,VESSEL-001,Handysize Bulk,35000,32000,7200,175.0,LNG,1.15,780.0,0.78,2932.8,10.41,29024.4,0.907,5,2.33,32.7,1.1491,281.73,91.278,1.064,697.4,0,149.235,57.957,134153.3,416.366
TRIP-3640,VESSEL-004,Feeder Container,22000,18500,9800,180.0,Methanol,0.5,950.0,0.35,1118.7,14.74,14051.3,0.7595,4,2.01,23.7,1.1105,75.9,214.066,1.032,867.3,1,267.993,53.927,265893.35,334.991
TRIP-3641,VESSEL-003,Capesize Bulk,180000,170000,21000,162.0,LNG,1.15,780.0,0.78,2305.4,12.9,95216.2,0.5601,4,2.03,23.0,1.1095,178.71,275.127,1.048,1786.3,0,365.157,90.03,324322.46,1018.788
TRIP-3642,VESSEL-003,Capesize Bulk,180000,170000,21000,162.0,LNG,1.15,780.0,0.78,1896.4,13.5,78938.0,0.4643,2,1.36,17.4,1.0511,140.47,241.791,1.048,1793.3,1,303.866,62.075,272015.48,847.786
TRIP-3643,VESSEL-003,Capesize Bulk,180000,170000,21000,162.0,HFO,1.0,620.0,1.0,851.2,10.18,73074.3,0.4298,1,0.46,8.3,1.0125,83.61,70.326,1.048,1741.5,1,103.926,33.6,99434.12,372.055
TRIP-3644,VESSEL-001,Handysize Bulk,35000,32000,7200,175.0,LNG,1.15,780.0,0.78,780.7,13.33,12266.8,0.3833,2,1.7,8.7,1.038,58.57,35.069,1.064,636.0,1,45.512,10.443,48749.36,126.978
TRIP-3645,VESSEL-004,Feeder Container,22000,18500,9800,180.0,Methanol,0.5,950.0,0.35,649.0,17.09,15966.0,0.863,1,0.62,12.0,1.018,37.98,170.771,1.032,921.9,0,188.589,17.818,194959.55,235.736
TRIP-3646,VESSEL-002,Panamax Bulk,75000,70000,12500,168.0,Ammonia,0.46,1100.0,0.15,4022.6,9.55,60120.3,0.8589,4,3.24,24.1,1.1111,421.21,435.973,1.04,1052.0,1,664.87,228.897,750607.0,359.03
TRIP-3647,VESSEL-005,Neo-Panamax Green,110000,102000,16500,158.0,Hydrogen,2.98,2800.0,0.08,2812.3,11.35,39176.8,0.3841,3,1.28,25.4,1.0881,247.78,73.242,1.016,1461.3,1,107.056,33.814,324256.8,31.046
TRIP-3648,VESSEL-003,Capesize Bulk,180000,170000,21000,162.0,Ammonia,0.46,1100.0,0.15,2310.1,10.03,134528.9,0.7913,3,1.51,14.4,1.0716,230.32,441.292,1.048,1763.4,0,646.602,205.31,750762.2,349.165
TRIP-3649,VESSEL-005,Neo-Panamax Green,110000,102000,16500,158.0,Hydrogen,2.98,2800.0,0.08,3446.3,14.71,65771.8,0.6448,3,1.24,15.9,1.0738,234.28,161.103,1.016,1377.9,1,197.606,36.503,577796.8,57.306
TRIP-3650,VESSEL-005,Neo-Panamax Green,110000,102000,16500,158.0,LNG,1.15,780.0,0.78,1407.2,11.94,61229.3,0.6003,3,2.17,23.2,1.0848,117.86,111.081,1.016,1462.2,0,148.571,37.49,144885.38,414.513
TRIP-3651,VESSEL-005,Neo-Panamax Green,110000,102000,16500,158.0,Hydrogen,2.98,2800.0,0.08,3783.0,14.32,61530.1,0.6032,3,1.72,12.2,1.0683,264.18,165.878,1.016,1441.8,1,203.873,37.995,595344.4,59.123
TRIP-3652,VESSEL-004,Feeder Container,22000,18500,9800,180.0,HFO,1.0,620.0,1.0,3640.1,17.1,13666.2,0.7387,3,1.8,16.1,1.0741,212.87,466.534,1.032,872.8,1,547.471,80.937,350732.02,1959.946
TRIP-3653,VESSEL-002,Panamax Bulk,75000,70000,12500,168.0,Methanol,0.5,950.0,0.35,2431.3,9.85,29929.1,0.4276,3,2.37,12.8,1.0692,246.83,231.735,1.04,1085.6,0,357.221,125.486,363109.95,446.526
TRIP-3654,VESSEL-005,Neo-Panamax Green,110000,102000,16500,158.0,Hydrogen,2.98,2800.0,0.08,672.5,13.58,90233.4,0.8846,2,1.05,18.7,1.053,49.52,28.375,1.016,1370.3,0,33.792,5.417,123617.6,9.8
TRIP-3655,VESSEL-004,Feeder Container,22000,18500,9800,180.0,Hydrogen,2.98,2800.0,0.08,1402.2,17.54,17970.2,0.9714,4,2.69,23.0,1.1095,79.94,66.725,1.032,900.6,1,81.156,14.431,238536.8,23.535
TRIP-3656,VESSEL-004,Feeder Container,22000,18500,9800,180.0,Methanol,0.5,950.0,0.35,2729.4,14.38,14221.1,0.7687,3,1.91,21.8,1.0827,189.81,498.068,1.032,917.9,0,633.9,135.832,618005.0,792.375
TRIP-3657,VESSEL-004,Feeder Container,22000,18500,9800,180.0,HFO,1.0,620.0,1.0,1336.9,13.98,12956.9,0.7004,2,0.72,12.9,1.0443,95.63,113.549,1.032,895.2,1,139.497,25.948,97788.14,499.399
TRIP-3658,VESSEL-004,Feeder Container,22000,18500,9800,180.0,HFO,1.0,620.0,1.0,3949.4,17.22,17862.1,0.9655,1,0.66,9.1,1.0136,229.35,539.155,1.032,863.5,1,605.927,66.772,386974.74,2169.219
TRIP-3659,VESSEL-005,Neo-Panamax Green,110000,102000,16500,158.0,Hydrogen,2.98,2800.0,0.08,1695.6,11.52,67798.9,0.6647,5,2.82,28.2,1.1423,147.19,48.853,1.016,1432.6,1,70.739,21.886,222569.2,20.514
TRIP-3660,VESSEL-001,Handysize Bulk,35000,32000,7200,175.0,HFO,1.0,620.0,1.0,1652.7,10.62,15204.9,0.4752,4,1.34,27.0,1.1155,155.62,55.479,1.064,717.3,0,87.122,31.643,71765.64,311.897
TRIP-3661,VESSEL-002,Panamax Bulk,75000,70000,12500,168.0,Ammonia,0.46,1100.0,0.15,2186.6,14.94,52236.6,0.7462,4,3.4,27.6,1.1164,146.36,564.633,1.04,1071.0,1,752.048,187.415,846502.8,406.106
TRIP-3662,VESSEL-003,Capesize Bulk,180000,170000,21000,162.0,LNG,1.15,780.0,0.78,2653.8,10.98,133929.9,0.7878,1,0.34,6.1,1.0091,241.69,242.799,1.048,1804.5,0,324.487,81.688,292599.86,905.319
TRIP-3663,VESSEL-004,Feeder Container,22000,18500,9800,180.0,HFO,1.0,620.0,1.0,2797.1,17.35,13042.3,0.705,3,1.44,15.5,1.0733,161.22,366.298,1.032,892.9,1,407.52,41.222,263962.4,1458.922
TRIP-3664,VESSEL-005,Neo-Panamax Green,110000,102000,16500,158.0,Methanol,0.5,950.0,0.35,1678.1,10.26,91370.1,0.8958,5,4.14,24.7,1.1371,163.56,241.516,1.016,1466.5,1,365.807,124.291,372016.65,457.259
TRIP-3665,VESSEL-001,Handysize Bulk,35000,32000,7200,175.0,Methanol,0.5,950.0,0.35,3663.8,14.12,25553.9,0.7986,3,2.57,19.3,1.079,259.48,470.547,1.064,699.7,0,608.724,138.177,596037.8,760.905
TRIP-3666,VESSEL-003,Capesize Bulk,180000,170000,21000,162.0,HFO,1.0,620.0,1.0,2288.6,15.83,155988.9,0.9176,6,2.47,26.6,1.1649,144.57,516.18,1.048,1790.1,0,694.2,178.02,469904.0,2485.236
TRIP-3667,VESSEL-004,Feeder Container,22000,18500,9800,180.0,Hydrogen,2.98,2800.0,0.08,1250.0,13.63,8148.4,0.4405,4,1.59,21.3,1.1069,91.71,31.895,1.032,862.5,1,41.557,9.662,127659.6,12.052
TRIP-3668,VESSEL-002,Panamax Bulk,75000,70000,12500,168.0,Methanol,0.5,950.0,0.35,3145.6,14.73,67820.9,0.9689,1,0.86,7.4,1.0111,213.55,765.492,1.04,1086.8,0,881.439,115.947,861117.05,1101.799
TRIP-3669,VESSEL-001,Handysize Bulk,35000,32000,7200,175.0,LNG,1.15,780.0,0.78,1322.0,13.4,16532.7,0.5166,4,1.89,16.2,1.0993,98.66,62.087,1.064,719.2,1,86.934,24.847,81058.52,242.546
TRIP-3670,VESSEL-005,Neo-Panamax Green,110000,102000,16500,158.0,Hydrogen,2.98,2800.0,0.08,590.2,11.87,93453.5,0.9162,3,1.59,20.5,1.0808,49.72,19.165,1.016,1406.0,1,25.132,5.967,94869.6,7.288
TRIP-3671,VESSEL-002,Panamax Bulk,75000,70000,12500,168.0,Ammonia,0.46,1100.0,0.15,1425.7,11.94,62322.5,0.8903,1,0.6,11.8,1.0177,119.41,243.336,1.04,1056.4,0,312.221,68.885,367193.1,168.599
TRIP-3672,VESSEL-005,Neo-Panamax Green,110000,102000,16500,158.0,LNG,1.15,780.0,0.78,3161.4,15.81,48883.7,0.4793,3,2.53,25.6,1.0884,199.96,424.332,1.016,1418.5,1,508.325,83.993,420993.5,1418.227
TRIP-3673,VESSEL-005,Neo-Panamax Green,110000,102000,16500,158.0,Methanol,0.5,950.0,0.35,3857.1,14.85,41043.0,0.4024,2,1.48,11.2,1.0418,259.74,1029.804,1.016,1402.3,1,1243.785,213.981,1206095.75,1554.731
TRIP-3674,VESSEL-004,Feeder Container,22000,18500,9800,180.0,Methanol,0.5,950.0,0.35,2921.1,16.85,11788.2,0.6372,2,1.22,11.2,1.0418,173.36,710.657,1.032,840.1,0,801.696,91.039,777411.2,1002.12
TRIP-3675,VESSEL-001,Handysize Bulk,35000,32000,7200,175.0,HFO,1.0,620.0,1.0,3562.4,14.37,31286.0,0.9777,2,1.13,12.8,1.0442,247.91,246.893,1.064,664.7,0,306.788,59.895,207958.56,1098.301
TRIP-3676,VESSEL-003,Capesize Bulk,180000,170000,21000,162.0,HFO,1.0,620.0,1.0,3928.8,10.38,127260.4,0.7486,3,1.03,25.0,1.0875,378.5,365.934,1.048,1743.3,1,537.508,171.574,368254.96,1924.279
TRIP-3677,VESSEL-005,Neo-Panamax Green,110000,102000,16500,158.0,Ammonia,0.46,1100.0,0.15,2886.5,12.0,51312.4,0.5031,3,2.2,15.1,1.0727,240.54,561.416,1.016,1370.9,0,737.944,176.528,840738.4,398.49
TRIP-3678,VESSEL-003,Capesize Bulk,180000,170000,21000,162.0,LNG,1.15,780.0,0.78,3120.1,11.11,125566.6,0.7386,3,1.34,21.5,1.0823,280.84,288.797,1.048,1791.1,0,416.368,127.571,364267.04,1161.667
TRIP-3679,VESSEL-004,Feeder Container,22000,18500,9800,180.0,HFO,1.0,620.0,1.0,1095.2,11.23,15509.1,0.8383,5,2.81,32.3,1.1485,97.52,61.875,1.032,862.1,1,93.383,31.508,69197.46,334.311
TRIP-3680,VESSEL-005,Neo-Panamax Green,110000,102000,16500,158.0,Methanol,0.5,950.0,0.35,2745.3,14.99,40828.9,0.4003,3,1.59,16.5,1.0748,183.14,746.424,1.016,1376.3,0,909.714,163.29,893228.3,1137.143
TRIP-3681,VESSEL-004,Feeder Container,22000,18500,9800,180.0,Hydrogen,2.98,2800.0,0.08,3381.4,14.22,15549.2,0.8405,3,1.04,22.9,1.0844,237.79,102.84,1.032,843.0,1,126.789,23.949,366309.2,36.769
TRIP-3682,VESSEL-001,Handysize Bulk,35000,32000,7200,175.0,HFO,1.0,620.0,1.0,2735.3,9.19,19200.0,0.6,4,2.92,31.2,1.1218,297.64,70.939,1.064,634.3,0,124.287,53.348,94807.94,444.947
TRIP-3683,VESSEL-003,Capesize Bulk,180000,170000,21000,162.0,Ammonia,0.46,1100.0,0.15,748.5,13.63,168446.5,0.9909,2,1.6,8.2,1.0373,54.92,276.777,1.048,1775.0,0,336.536,59.759,409689.6,181.729
TRIP-3684,VESSEL-005,Neo-Panamax Green,110000,102000,16500,158.0,LNG,1.15,780.0,0.78,1339.4,14.75,48969.1,0.4801,3,2.64,24.8,1.0872,90.81,156.52,1.016,1456.4,1,198.23,41.71,179119.4,553.062
TRIP-3685,VESSEL-002,Panamax Bulk,75000,70000,12500,168.0,Methanol,0.5,950.0,0.35,3378.3,13.73,42225.8,0.6032,1,0.62,6.7,1.01,246.05,654.401,1.04,1074.9,0,815.17,160.769,798161.5,1018.962
TRIP-3686,VESSEL-003,Capesize Bulk,180000,170000,21000,162.0,HFO,1.0,620.0,1.0,2659.8,12.17,160873.6,0.9463,4,3.51,30.0,1.12,218.55,356.956,1.048,1744.0,0,508.996,152.04,355077.52,1822.206
TRIP-3687,VESSEL-003,Capesize Bulk,180000,170000,21000,162.0,LNG,1.15,780.0,0.78,2945.9,12.93,140402.6,0.8259,2,1.25,15.2,1.0478,227.83,377.193,1.048,1781.4,1,481.157,103.964,410302.46,1342.428
TRIP-3688,VESSEL-002,Panamax Bulk,75000,70000,12500,168.0,HFO,1.0,620.0,1.0,2872.7,13.84,25268.9,0.361,4,2.0,17.3,1.1009,207.57,265.579,1.04,1131.9,0,367.077,101.498,251337.74,1314.136
TRIP-3689,VESSEL-004,Feeder Container,22000,18500,9800,180.0,Methanol,0.5,950.0,0.35,3340.9,11.71,7321.7,0.3958,3,2.55,19.6,1.0794,285.3,371.015,1.032,872.6,0,509.551,138.536,499873.45,636.939
TRIP-3690,VESSEL-004,Feeder Container,22000,18500,9800,180.0,HFO,1.0,620.0,1.0,1599.9,17.84,11031.4,0.5963,1,0.43,6.3,1.0094,89.68,216.126,1.032,868.4,1,235.615,19.489,157381.3,843.502
TRIP-3691,VESSEL-003,Capesize Bulk,180000,170000,21000,162.0,LNG,1.15,780.0,0.78,2196.0,15.52,85475.4,0.5028,3,1.59,21.1,1.0817,141.49,373.774,1.048,1770.2,0,448.736,74.962,389514.08,1251.973
TRIP-3692,VESSEL-001,Handysize Bulk,35000,32000,7200,175.0,HFO,1.0,620.0,1.0,4103.8,13.42,23701.9,0.7407,4,2.37,20.1,1.1051,305.8,234.813,1.064,693.4,1,329.191,94.378,217348.42,1178.504
TRIP-3693,VESSEL-002,Panamax Bulk,75000,70000,12500,168.0,HFO,1.0,620.0,1.0,1439.2,10.88,49854.3,0.7122,5,3.39,25.8,1.1387,132.28,89.918,1.04,1071.6,1,137.44,47.522,104462.8,492.035
TRIP-3694,VESSEL-003,Capesize Bulk,180000,170000,21000,162.0,Ammonia,0.46,1100.0,0.15,1631.0,13.41,112084.4,0.6593,3,1.93,24.6,1.0869,121.63,539.209,1.048,1800.4,1,725.251,186.042,832776.1,391.636
TRIP-3695,VESSEL-005,Neo-Panamax Green,110000,102000,16500,158.0,Hydrogen,2.98,2800.0,0.08,1456.4,11.94,49344.4,0.4838,2,1.06,15.2,1.0478,121.98,43.078,1.016,1423.7,0,55.644,12.566,184803.2,16.137
TRIP-3696,VESSEL-003,Capesize Bulk,180000,170000,21000,162.0,Ammonia,0.46,1100.0,0.15,1163.8,11.64,115095.0,0.677,1,0.75,5.0,1.0075,99.98,291.149,1.048,1732.6,1,393.934,102.785,468327.4,212.724
TRIP-3697,VESSEL-005,Neo-Panamax Green,110000,102000,16500,158.0,Ammonia,0.46,1100.0,0.15,1681.8,13.05,54849.8,0.5377,1,0.88,8.1,1.0122,128.87,390.27,1.016,1427.3,1,492.259,101.989,565984.9,265.82
TRIP-3698,VESSEL-004,Feeder Container,22000,18500,9800,180.0,Methanol,0.5,950.0,0.35,3837.5,15.78,16190.9,0.8752,3,1.12,17.2,1.0758,243.19,863.057,1.032,912.4,1,1060.495,197.438,1018770.25,1325.619
TRIP-3699,VESSEL-003,Capesize Bulk,180000,170000,21000,162.0,Ammonia,0.46,1100.0,0.15,3020.3,10.03,67566.8,0.3975,2,1.07,15.1,1.0476,301.13,522.125,1.048,1741.2,1,790.807,268.682,904887.7,427.036
TRIP-3700,VESSEL-002,Panamax Bulk,75000,70000,12500,168.0,LNG,1.15,780.0,0.78,1260.3,14.43,49625.2,0.7089,1,0.88,7.5,1.0112,87.34,120.346,1.04,1089.7,0,143.5,23.154,135680.0,400.365
TRIP-3701,VESSEL-001,Handysize Bulk,35000,32000,7200,175.0,Methanol,0.5,950.0,0.35,636.7,9.73,20703.3,0.647,1,0.69,11.6,1.0174,65.44,37.45,1.064,703.7,0,57.506,20.056,72380.7,71.882
TRIP-3702,VESSEL-004,Feeder Container,22000,18500,9800,180.0,HFO,1.0,620.0,1.0,3620.6,17.83,11268.9,0.6091,4,2.65,32.1,1.1231,203.06,489.984,1.032,857.0,1,601.162,111.178,384020.44,2152.16
TRIP-3703,VESSEL-001,Handysize Bulk,35000,32000,7200,175.0,HFO,1.0,620.0,1.0,1273.0,12.03,16326.1,0.5102,4,1.23,31.5,1.1222,105.82,55.323,1.064,627.8,1,81.594,26.271,63838.28,292.107
TRIP-3704,VESSEL-002,Panamax Bulk,75000,70000,12500,168.0,Ammonia,0.46,1100.0,0.15,3392.9,14.61,54499.6,0.7786,2,0.66,8.3,1.0374,232.23,844.384,1.04,1064.7,1,1057.322,212.938,1182304.2,570.954
TRIP-3705,VESSEL-004,Feeder Container,22000,18500,9800,180.0,Methanol,0.5,950.0,0.35,1857.8,16.27,8780.6,0.4746,5,4.31,38.4,1.1576,114.19,405.847,1.032,915.8,1,533.018,127.171,517667.1,666.273
TRIP-3706,VESSEL-003,Capesize Bulk,180000,170000,21000,162.0,HFO,1.0,620.0,1.0,2556.2,10.15,161341.5,0.9491,2,0.86,17.4,1.0511,251.84,238.777,1.048,1780.6,1,352.712,113.935,253681.44,1262.709
TRIP-3707,VESSEL-003,Capesize Bulk,180000,170000,21000,162.0,HFO,1.0,620.0,1.0,2409.7,12.48,96172.1,0.5657,3,2.09,12.0,1.068,193.08,309.969,1.048,1738.9,1,401.844,91.875,284143.28,1438.602
TRIP-3708,VESSEL-004,Feeder Container,22000,18500,9800,180.0,Methanol,0.5,950.0,0.35,3035.1,11.1,7901.4,0.4271,6,4.11,30.0,1.17,273.43,305.135,1.032,886.0,1,446.26,141.125,435247.0,557.825
TRIP-3709,VESSEL-005,Neo-Panamax Green,110000,102000,16500,158.0,Methanol,0.5,950.0,0.35,4078.0,12.61,61121.1,0.5992,4,2.85,19.9,1.1048,323.39,825.551,1.016,1425.9,1,1071.544,245.993,1042466.8,1339.43
TRIP-3710,VESSEL-004,Feeder Container,22000,18500,9800,180.0,Hydrogen,2.98,2800.0,0.08,1230.2,12.98,17678.9,0.9556,4,2.77,31.6,1.1224,94.78,31.954,1.032,917.2,1,41.957,10.003,128779.6,12.168
TRIP-3711,VESSEL-003,Capesize Bulk,180000,170000,21000,162.0,HFO,1.0,620.0,1.0,3439.0,15.67,62063.9,0.3651,2,0.82,10.6,1.0409,219.46,661.719,1.048,1736.0,1,832.418,170.699,551099.16,2980.056
TRIP-3712,VESSEL-002,Panamax Bulk,75000,70000,12500,168.0,Methanol,0.5,950.0,0.35,2201.1,14.57,35092.0,0.5013,3,2.66,21.6,1.0824,151.07,467.893,1.04,1139.8,1,596.506,128.613,585930.7,745.632
TRIP-3713,VESSEL-004,Feeder Container,22000,18500,9800,180.0,HFO,1.0,620.0,1.0,1903.3,17.26,11013.5,0.5953,4,1.52,21.2,1.1068,110.27,240.608,1.032,894.9,1,298.867,58.259,196597.54,1069.944
TRIP-3714,VESSEL-003,Capesize Bulk,180000,170000,21000,162.0,HFO,1.0,620.0,1.0,2191.9,13.23,139571.3,0.821,2,1.5,16.1,1.0491,165.68,337.517,1.048,1754.5,1,426.521,89.004,299443.02,1526.945
TRIP-3715,VESSEL-004,Feeder Container,22000,18500,9800,180.0,HFO,1.0,620.0,1.0,3674.1,12.81,12456.1,0.6733,3,1.77,20.7,1.0811,286.81,260.417,1.032,910.7,0,351.166,90.749,233522.92,1257.174
TRIP-3716,VESSEL-004,Feeder Container,22000,18500,9800,180.0,HFO,1.0,620.0,1.0,1396.0,13.7,17628.8,0.9529,3,2.22,16.2,1.0743,101.9,120.307,1.032,902.4,0,156.937,36.63,113100.94,561.834
TRIP-3717,VESSEL-001,Handysize Bulk,35000,32000,7200,175.0,LNG,1.15,780.0,0.78,1581.6,13.04,11762.4,0.3676,3,1.72,21.5,1.0823,121.29,67.706,1.064,671.9,0,95.531,27.825,92264.18,266.531
TRIP-3718,VESSEL-004,Feeder Container,22000,18500,9800,180.0,Hydrogen,2.98,2800.0,0.08,765.3,17.69,13471.8,0.7282,3,1.23,18.8,1.0782,43.26,35.141,1.032,852.8,1,43.186,8.045,132220.8,12.524
TRIP-3719,VESSEL-004,Feeder Container,22000,18500,9800,180.0,HFO,1.0,620.0,1.0,2029.3,12.59,18328.3,0.9907,3,2.46,12.9,1.0694,161.18,148.871,1.032,889.6,1,187.003,38.132,127241.86,669.471
TRIP-3720,VESSEL-003,Capesize Bulk,180000,170000,21000,162.0,LNG,1.15,780.0,0.78,2411.5,11.41,93428.3,0.5496,4,2.37,19.2,1.1038,211.35,224.546,1.048,1800.8,0,325.271,100.725,293211.38,907.506
TRIP-3721,VESSEL-005,Neo-Panamax Green,110000,102000,16500,158.0,LNG,1.15,780.0,0.78,1775.4,12.77,78974.7,0.7743,4,3.33,27.9,1.1168,139.03,167.248,1.016,1437.1,0,223.667,56.419,203460.26,624.031
TRIP-3722,VESSEL-005,Neo-Panamax Green,110000,102000,16500,158.0,LNG,1.15,780.0,0.78,1520.7,14.54,56506.3,0.554,3,1.27,24.3,1.0865,104.59,175.956,1.016,1448.9,0,228.882,52.926,207527.96,638.581
TRIP-3723,VESSEL-004,Feeder Container,22000,18500,9800,180.0,HFO,1.0,620.0,1.0,1045.8,11.36,10047.9,0.5431,5,2.76,27.0,1.1405,92.06,56.586,1.032,855.8,0,82.835,26.249,67157.7,296.549
TRIP-3724,VESSEL-002,Panamax Bulk,75000,70000,12500,168.0,HFO,1.0,620.0,1.0,3353.0,15.21,38871.6,0.5553,3,2.31,18.7,1.078,220.45,393.765,1.04,1142.6,1,496.678,102.913,327190.36,1778.107
TRIP-3725,VESSEL-002,Panamax Bulk,75000,70000,12500,168.0,Ammonia,0.46,1100.0,0.15,756.4,10.1,65607.9,0.9373,1,0.6,8.8,1.0132,74.89,93.384,1.04,1072.3,1,135.493,42.109,168292.3,73.166
TRIP-3726,VESSEL-001,Handysize Bulk,35000,32000,7200,175.0,HFO,1.0,620.0,1.0,2292.1,9.79,14714.0,0.4598,3,1.84,19.1,1.0787,234.13,65.133,1.064,660.1,1,105.321,40.188,78549.02,377.049
TRIP-3727,VESSEL-004,Feeder Container,22000,18500,9800,180.0,HFO,1.0,620.0,1.0,2038.8,16.97,8812.6,0.4764,2,1.34,13.3,1.0449,120.14,242.355,1.032,871.4,1,263.74,21.385,174818.8,944.189
TRIP-3728,VESSEL-003,Capesize Bulk,180000,170000,21000,162.0,LNG,1.15,780.0,0.78,2954.1,11.54,152433.8,0.8967,3,1.23,12.1,1.0682,255.99,306.401,1.048,1761.2,0,410.967,104.566,360054.26,1146.598
TRIP-3729,VESSEL-002,Panamax Bulk,75000,70000,12500,168.0,LNG,1.15,780.0,0.78,1425.0,12.3,45995.8,0.6571,3,1.12,20.9,1.0814,115.85,97.613,1.04,1139.3,1,134.498,36.885,124158.44,375.249
TRIP-3730,VESSEL-001,Handysize Bulk,35000,32000,7200,175.0,HFO,1.0,620.0,1.0,1192.9,11.54,29056.5,0.908,2,1.17,11.3,1.0419,103.37,52.479,1.064,688.6,0,74.292,21.813,63811.04,265.965
TRIP-3731,VESSEL-002,Panamax Bulk,75000,70000,12500,168.0,LNG,1.15,780.0,0.78,2819.9,12.53,28426.9,0.4061,3,1.51,12.2,1.0683,225.05,188.037,1.04,1070.1,1,241.639,53.602,207728.42,674.173
TRIP-3732,VESSEL-003,Capesize Bulk,180000,170000,21000,162.0,LNG,1.15,780.0,0.78,2751.2,13.88,135635.5,0.7979,6,2.74,30.1,1.1702,198.21,403.206,1.048,1742.6,1,547.384,144.178,461959.52,1527.201
TRIP-3733,VESSEL-002,Panamax Bulk,75000,70000,12500,168.0,HFO,1.0,620.0,1.0,3877.7,12.28,52192.5,0.7456,2,1.14,11.4,1.0421,315.77,311.136,1.04,1096.6,1,402.954,91.818,269081.48,1442.575
TRIP-3734,VESSEL-002,Panamax Bulk,75000,70000,12500,168.0,Methanol,0.5,950.0,0.35,2095.9,11.81,60095.6,0.8585,3,2.69,23.0,1.0845,177.47,319.579,1.04,1135.5,1,460.121,140.542,456364.95,575.151
TRIP-3735,VESSEL-001,Handysize Bulk,35000,32000,7200,175.0,Methanol,0.5,950.0,0.35,2177.9,10.71,29436.7,0.9199,4,1.78,24.5,1.1118,203.35,165.5,1.064,651.8,1,250.828,85.328,251536.6,313.535
TRIP-3736,VESSEL-005,Neo-Panamax Green,110000,102000,16500,158.0,Methanol,0.5,950.0,0.35,565.6,14.56,40402.5,0.3961,5,2.31,27.6,1.1414,38.85,144.943,1.016,1438.2,0,188.394,43.451,207974.3,235.493
TRIP-3737,VESSEL-003,Capesize Bulk,180000,170000,21000,162.0,Ammonia,0.46,1100.0,0.15,1254.1,15.14,90278.7,0.5311,4,1.98,23.0,1.1095,82.83,511.546,1.048,1809.4,0,643.976,132.43,747873.6,347.747
TRIP-3738,VESSEL-004,Feeder Container,22000,18500,9800,180.0,Methanol,0.5,950.0,0.35,1056.2,12.26,17637.6,0.9534,4,2.22,19.2,1.1038,86.15,145.8,1.032,874.2,0,205.375,59.575,210906.25,256.719
TRIP-3739,VESSEL-001,Handysize Bulk,35000,32000,7200,175.0,LNG,1.15,780.0,0.78,2521.8,10.56,16498.9,0.5156,5,1.79,31.3,1.147,238.81,73.532,1.064,687.0,0,113.414,39.882,106212.92,316.425
TRIP-3740,VESSEL-005,Neo-Panamax Green,110000,102000,16500,158.0,LNG,1.15,780.0,0.78,1848.4,14.02,86612.1,0.8491,1,0.46,4.6,1.0069,131.84,213.631,1.016,1377.8,0,251.838,38.207,225433.64,702.628
TRIP-3741,VESSEL-002,Panamax Bulk,75000,70000,12500,168.0,Methanol,0.5,950.0,0.35,3969.7,14.41,61871.7,0.8839,4,1.25,22.4,1.1086,275.48,906.503,1.04,1061.1,0,1147.662,241.159,1114028.9,1434.578
TRIP-3742,VESSEL-003,Capesize Bulk,180000,170000,21000,162.0,LNG,1.15,780.0,0.78,1733.3,15.73,146321.0,0.8607,3,1.01,14.2,1.0713,110.19,331.199,1.048,1761.1,0,407.677,76.478,357488.06,1137.419
TRIP-3743,VESSEL-004,Feeder Container,22000,18500,9800,180.0,HFO,1.0,620.0,1.0,1768.3,13.45,17954.1,0.9705,5,3.69,38.0,1.157,131.47,147.423,1.032,904.3,0,201.049,53.626,140450.38,719.755
TRIP-3744,VESSEL-003,Capesize Bulk,180000,170000,21000,162.0,LNG,1.15,780.0,0.78,3584.9,10.76,102330.4,0.6019,5,3.43,25.1,1.1377,333.17,300.842,1.048,1754.0,0,489.684,188.842,421453.52,1366.218
TRIP-3745,VESSEL-003,Capesize Bulk,180000,170000,21000,162.0,Ammonia,0.46,1100.0,0.15,2351.9,15.86,71564.9,0.421,4,1.79,32.5,1.1238,148.29,1022.95,1.048,1764.9,0,1320.682,297.732,1492250.2,713.168
TRIP-3746,VESSEL-003,Capesize Bulk,180000,170000,21000,162.0,Ammonia,0.46,1100.0,0.15,4145.4,10.82,145021.3,0.8531,3,2.08,22.4,1.0836,383.12,935.251,1.048,1752.4,0,1369.508,434.257,1545958.8,739.534
TRIP-3747,VESSEL-005,Neo-Panamax Green,110000,102000,16500,158.0,Hydrogen,2.98,2800.0,0.08,2242.3,15.95,52553.7,0.5152,4,1.41,24.7,1.112,140.58,119.302,1.016,1384.4,0,153.246,33.944,458088.8,44.441
TRIP-3748,VESSEL-004,Feeder Container,22000,18500,9800,180.0,Hydrogen,2.98,2800.0,0.08,2221.7,13.34,8769.2,0.474,5,1.71,26.6,1.1399,166.54,54.733,1.032,899.3,0,74.607,19.874,224699.6,21.636
TRIP-3749,VESSEL-005,Neo-Panamax Green,110000,102000,16500,158.0,Hydrogen,2.98,2800.0,0.08,4081.7,12.32,90129.6,0.8836,1,0.64,4.8,1.0072,331.31,141.716,1.016,1438.0,1,176.741,35.025,519374.8,51.255
TRIP-3750,VESSEL-002,Panamax Bulk,75000,70000,12500,168.0,HFO,1.0,620.0,1.0,2255.1,12.66,41509.3,0.593,2,0.74,11.3,1.0419,178.13,185.227,1.04,1117.0,0,239.202,53.975,172055.24,856.343
TRIP-3751,VESSEL-003,Capesize Bulk,180000,170000,21000,162.0,HFO,1.0,620.0,1.0,1168.5,10.57,73462.7,0.4321,2,0.89,10.8,1.0412,110.55,104.15,1.048,1775.6,1,144.487,40.337,124581.94,517.263
TRIP-3752,VESSEL-003,Capesize Bulk,180000,170000,21000,162.0,Ammonia,0.46,1100.0,0.15,2110.9,10.8,169908.3,0.9995,1,0.82,4.7,1.0071,195.45,490.995,1.048,1747.4,0,664.598,173.603,770557.8,358.883
TRIP-3753,VESSEL-004,Feeder Container,22000,18500,9800,180.0,Methanol,0.5,950.0,0.35,1072.0,16.41,13449.6,0.727,3,1.37,15.5,1.0733,65.33,252.417,1.032,917.0,1,296.213,43.796,292702.35,370.266
TRIP-3754,VESSEL-003,Capesize Bulk,180000,170000,21000,162.0,LNG,1.15,780.0,0.78,2073.3,13.57,123392.8,0.7258,4,3.46,23.9,1.1108,152.79,285.408,1.048,1775.6,1,357.925,72.517,314181.5,998.611
TRIP-3755,VESSEL-005,Neo-Panamax Green,110000,102000,16500,158.0,LNG,1.15,780.0,0.78,2419.5,12.69,75582.4,0.741,3,0.9,13.8,1.0707,190.66,223.287,1.016,1421.7,1,293.731,70.444,253610.18,819.509
TRIP-3756,VESSEL-003,Capesize Bulk,180000,170000,21000,162.0,LNG,1.15,780.0,0.78,3220.0,12.15,99000.4,0.5824,5,2.62,33.8,1.1507,265.02,342.836,1.048,1793.5,0,485.632,142.796,418292.96,1354.913
TRIP-3757,VESSEL-001,Handysize Bulk,35000,32000,7200,175.0,HFO,1.0,620.0,1.0,2535.7,11.6,18566.1,0.5802,2,1.47,16.7,1.05,218.59,104.262,1.064,664.8,1,146.38,42.118,104005.6,524.04
TRIP-3758,VESSEL-002,Panamax Bulk,75000,70000,12500,168.0,HFO,1.0,620.0,1.0,4071.3,14.85,28686.8,0.4098,2,1.13,16.7,1.05,274.16,438.951,1.04,1116.5,1,523.849,84.898,344036.38,1875.379
TRIP-3759,VESSEL-004,Feeder Container,22000,18500,9800,180.0,HFO,1.0,620.0,1.0,2212.1,13.61,6856.1,0.3706,4,1.92,23.9,1.1108,162.53,164.916,1.032,855.9,0,211.463,46.547,146907.06,757.038
TRIP-3760,VESSEL-003,Capesize Bulk,180000,170000,21000,162.0,Ammonia,0.46,1100.0,0.15,3208.5,12.93,125724.7,0.7396,4,2.95,29.0,1.1185,248.14,1005.824,1.048,1788.9,0,1417.872,412.048,1599159.2,765.651
TRIP-3761,VESSEL-002,Panamax Bulk,75000,70000,12500,168.0,LNG,1.15,780.0,0.78,1904.2,9.66,69003.3,0.9858,5,2.82,28.4,1.1426,197.12,86.985,1.04,1051.1,1,139.008,52.023,127676.24,387.832
TRIP-3762,VESSEL-002,Panamax Bulk,75000,70000,12500,168.0,Ammonia,0.46,1100.0,0.15,1285.6,10.06,34230.5,0.489,2,0.71,10.6,1.0409,127.79,141.162,1.04,1142.1,1,212.618,71.456,253129.8,114.814
TRIP-3763,VESSEL-002,Panamax Bulk,75000,70000,12500,168.0,HFO,1.0,620.0,1.0,1681.6,15.33,34870.1,0.4981,5,3.7,39.4,1.1591,109.69,197.697,1.04,1139.3,0,267.198,69.501,189412.76,956.569
TRIP-3764,VESSEL-003,Capesize Bulk,180000,170000,21000,162.0,HFO,1.0,620.0,1.0,688.0,15.74,165583.6,0.974,2,1.18,17.7,1.0515,43.71,155.445,1.048,1811.4,1,183.226,27.781,148600.12,655.949
TRIP-3765,VESSEL-005,Neo-Panamax Green,110000,102000,16500,158.0,Ammonia,0.46,1100.0,0.15,1324.8,11.8,37364.6,0.3663,4,3.42,21.5,1.1073,112.27,240.456,1.016,1457.6,1,326.322,85.866,383454.2,176.214
TRIP-3766,VESSEL-001,Handysize Bulk,35000,32000,7200,175.0,HFO,1.0,620.0,1.0,2598.2,10.09,23707.8,0.7409,3,1.43,15.3,1.073,257.5,84.042,1.064,715.0,0,128.966,44.924,97708.92,461.698
TRIP-3767,VESSEL-003,Capesize Bulk,180000,170000,21000,162.0,Ammonia,0.46,1100.0,0.15,2292.1,15.49,70161.8,0.4127,4,3.24,18.9,1.1034,147.97,948.877,1.048,1773.8,0,1183.007,234.13,1340807.7,638.824
TRIP-3768,VESSEL-005,Neo-Panamax Green,110000,102000,16500,158.0,Methanol,0.5,950.0,0.35,1191.3,10.12,62801.2,0.6157,6,3.9,44.0,1.191,117.72,155.971,1.016,1389.6,1,247.116,91.145,259260.2,308.895
TRIP-3769,VESSEL-005,Neo-Panamax Green,110000,102000,16500,158.0,Methanol,0.5,950.0,0.35,3319.4,11.24,86170.6,0.8448,7,5.38,31.8,1.1977,295.32,566.568,1.016,1402.3,1,828.461,261.893,811537.95,1035.576
TRIP-3770,VESSEL-003,Capesize Bulk,180000,170000,21000,162.0,Ammonia,0.46,1100.0,0.15,4172.7,12.25,87141.7,0.5126,4,1.31,31.3,1.122,340.63,1109.028,1.048,1822.8,0,1561.853,452.825,1757538.3,843.401
TRIP-3771,VESSEL-003,Capesize Bulk,180000,170000,21000,162.0,HFO,1.0,620.0,1.0,3066.0,14.09,140115.0,0.8242,3,2.62,19.2,1.0788,217.6,535.884,1.048,1741.1,1,651.827,115.943,439132.74,2333.541
TRIP-3772,VESSEL-002,Panamax Bulk,75000,70000,12500,168.0,LNG,1.15,780.0,0.78,1601.1,14.53,63961.2,0.9137,3,1.46,13.2,1.0698,110.19,162.749,1.04,1142.4,1,199.777,37.028,175076.06,557.378
TRIP-3773,VESSEL-003,Capesize Bulk,180000,170000,21000,162.0,Ammonia,0.46,1100.0,0.15,692.0,11.24,109308.2,0.643,2,1.44,18.1,1.0521,61.57,160.076,1.048,1822.9,1,213.095,53.019,269404.5,115.071
TRIP-3774,VESSEL-005,Neo-Panamax Green,110000,102000,16500,158.0,Hydrogen,2.98,2800.0,0.08,2883.3,13.04,57456.7,0.5633,4,2.96,26.5,1.1147,221.11,103.792,1.016,1393.2,0,138.43,34.638,416604.0,40.145
TRIP-3775,VESSEL-005,Neo-Panamax Green,110000,102000,16500,158.0,Methanol,0.5,950.0,0.35,1193.0,15.62,43399.8,0.4255,4,2.13,25.6,1.1134,76.38,354.552,1.016,1431.5,0,450.958,96.406,457410.1,563.697
TRIP-3776,VESSEL-004,Feeder Container,22000,18500,9800,180.0,Hydrogen,2.98,2800.0,0.08,2073.9,13.77,17106.6,0.9247,2,0.97,10.4,1.0406,150.61,60.227,1.032,902.7,1,74.659,14.432,220345.2,21.651
TRIP-3777,VESSEL-002,Panamax Bulk,75000,70000,12500,168.0,HFO,1.0,620.0,1.0,554.0,14.56,61164.7,0.8738,2,1.11,9.2,1.0388,38.05,64.427,1.04,1123.5,0,77.669,13.242,71904.78,278.055
TRIP-3778,VESSEL-003,Capesize Bulk,180000,170000,21000,162.0,LNG,1.15,780.0,0.78,2675.2,15.32,118427.9,0.6966,5,3.79,28.8,1.1432,174.62,465.995,1.048,1777.7,1,600.014,134.019,503010.92,1674.039
TRIP-3779,VESSEL-001,Handysize Bulk,35000,32000,7200,175.0,Methanol,0.5,950.0,0.35,1452.1,10.71,27390.4,0.856,2,0.86,15.5,1.0482,135.58,108.735,1.064,687.4,1,153.233,44.498,158821.35,191.541
TRIP-3780,VESSEL-004,Feeder Container,22000,18500,9800,180.0,Hydrogen,2.98,2800.0,0.08,4123.3,14.6,17884.4,0.9667,4,3.47,25.2,1.1128,282.42,135.82,1.032,864.7,0,177.022,41.202,511461.6,51.336
TRIP-3781,VESSEL-005,Neo-Panamax Green,110000,102000,16500,158.0,Ammonia,0.46,1100.0,0.15,3770.0,14.24,64846.6,0.6358,3,1.39,12.1,1.0682,264.75,1067.54,1.016,1467.1,1,1336.751,269.211,1494926.1,721.846
TRIP-3782,VESSEL-004,Feeder Container,22000,18500,9800,180.0,HFO,1.0,620.0,1.0,2553.0,17.52,11117.5,0.6009,1,0.88,11.9,1.0178,145.72,332.975,1.032,912.9,1,386.514,53.539,250938.68,1383.72
TRIP-3783,VESSEL-002,Panamax Bulk,75000,70000,12500,168.0,LNG,1.15,780.0,0.78,2452.8,12.11,37845.6,0.5407,1,0.9,7.4,1.0111,202.54,158.187,1.04,1142.7,0,200.683,42.496,180282.74,559.906
TRIP-3784,VESSEL-001,Handysize Bulk,35000,32000,7200,175.0,LNG,1.15,780.0,0.78,749.5,13.25,16393.0,0.5123,4,1.93,19.8,1.1047,56.57,34.38,1.064,699.5,1,48.32,13.94,50939.6,134.813
TRIP-3785,VESSEL-003,Capesize Bulk,180000,170000,21000,162.0,LNG,1.15,780.0,0.78,2635.5,13.49,98602.5,0.58,6,2.06,44.1,1.1911,195.37,345.712,1.048,1760.9,1,510.462,164.75,433160.36,1424.189
TRIP-3786,VESSEL-001,Handysize Bulk,35000,32000,7200,175.0,LNG,1.15,780.0,0.78,2445.0,12.64,12646.7,0.3952,4,1.61,29.0,1.1185,193.43,99.05,1.064,657.0,1,138.593,39.543,121352.54,386.674
TRIP-3787,VESSEL-004,Feeder Container,22000,18500,9800,180.0,Hydrogen,2.98,2800.0,0.08,1063.4,15.54,6698.0,0.3621,5,4.32,31.3,1.147,68.43,34.613,1.032,893.7,0,44.365,9.752,140022.0,12.866
TRIP-3788,VESSEL-002,Panamax Bulk,75000,70000,12500,168.0,Ammonia,0.46,1100.0,0.15,2365.6,14.81,44561.1,0.6366,3,1.39,20.4,1.0806,159.73,584.364,1.04,1119.3,0,759.349,174.985,859033.9,410.048
TRIP-3789,VESSEL-004,Feeder Container,22000,18500,9800,180.0,Hydrogen,2.98,2800.0,0.08,578.8,13.31,13177.2,0.7123,4,1.6,27.7,1.1165,43.49,14.994,1.032,910.9,0,20.225,5.231,72430.0,5.865
TRIP-3790,VESSEL-002,Panamax Bulk,75000,70000,12500,168.0,HFO,1.0,620.0,1.0,1746.6,11.61,52433.4,0.749,6,5.04,37.1,1.1806,150.44,125.373,1.04,1128.1,1,189.699,64.326,136863.38,679.122
TRIP-3791,VESSEL-005,Neo-Panamax Green,110000,102000,16500,158.0,Methanol,0.5,950.0,0.35,2688.4,11.78,96072.8,0.9419,4,2.26,29.7,1.1196,228.22,515.509,1.016,1467.0,1,709.887,194.378,698892.65,887.359
TRIP-3792,VESSEL-003,Capesize Bulk,180000,170000,21000,162.0,HFO,1.0,620.0,1.0,2899.0,12.48,77855.7,0.458,2,1.06,13.4,1.0451,232.29,362.663,1.048,1759.7,1,463.4,100.737,322308.0,1658.972
TRIP-3793,VESSEL-001,Handysize Bulk,35000,32000,7200,175.0,LNG,1.15,780.0,0.78,2830.3,13.03,20853.9,0.6517,4,3.22,21.5,1.1073,217.21,129.942,1.064,675.1,1,175.198,45.256,149904.44,488.802
TRIP-3794,VESSEL-001,Handysize Bulk,35000,32000,7200,175.0,LNG,1.15,780.0,0.78,1419.0,14.31,23300.9,0.7282,1,0.57,9.2,1.0138,99.16,80.037,1.064,643.2,0,97.634,17.597,93904.52,272.399
TRIP-3795,VESSEL-003,Capesize Bulk,180000,170000,21000,162.0,Ammonia,0.46,1100.0,0.15,837.0,11.81,110998.5,0.6529,3,1.66,24.6,1.0869,70.87,214.265,1.048,1816.5,1,300.431,86.166,365474.1,162.233
TRIP-3796,VESSEL-005,Neo-Panamax Green,110000,102000,16500,158.0,Methanol,0.5,950.0,0.35,3311.0,12.76,100997.6,0.9902,3,1.86,20.8,1.0812,259.48,753.163,1.016,1419.9,0,938.671,185.508,920737.45,1173.339
TRIP-3797,VESSEL-001,Handysize Bulk,35000,32000,7200,175.0,Methanol,0.5,950.0,0.35,2250.8,9.05,23113.9,0.7223,6,5.05,42.3,1.1885,248.71,116.626,1.064,631.7,0,217.226,100.6,224114.7,271.533
TRIP-3798,VESSEL-003,Capesize Bulk,180000,170000,21000,162.0,HFO,1.0,620.0,1.0,690.1,15.33,73840.8,0.4344,3,2.6,23.7,1.0856,45.02,129.467,1.048,1827.5,1,160.017,30.55,134210.54,572.861
TRIP-3799,VESSEL-001,Handysize Bulk,35000,32000,7200,175.0,Methanol,0.5,950.0,0.35,1795.4,14.21,20074.0,0.6273,3,2.37,24.8,1.0872,126.35,224.152,1.064,661.8,0,298.764,74.612,301575.8,373.455
TRIP-3800,VESSEL-004,Feeder Container,22000,18500,9800,180.0,Methanol,0.5,950.0,0.35,2153.6,14.18,11002.6,0.5947,3,2.26,25.0,1.0875,151.88,367.478,1.032,883.1,1,463.697,96.219,451812.15,579.621
TRIP-3801,VESSEL-003,Capesize Bulk,180000,170000,21000,162.0,LNG,1.15,780.0,0.78,2967.2,11.98,124398.2,0.7318,1,0.54,11.9,1.0178,247.68,318.803,1.048,1793.7,0,403.027,84.224,353861.06,1124.445
TRIP-3802,VESSEL-003,Capesize Bulk,180000,170000,21000,162.0,HFO,1.0,620.0,1.0,2745.9,10.81,99729.0,0.5866,2,0.65,8.4,1.0376,254.01,266.426,1.048,1756.7,0,369.287,102.861,268457.94,1322.047
TRIP-3803,VESSEL-005,Neo-Panamax Green,110000,102000,16500,158.0,Ammonia,0.46,1100.0,0.15,3584.1,13.19,57232.0,0.5611,3,1.06,16.1,1.0741,271.73,854.696,1.016,1467.3,1,1101.328,246.632,1235960.8,594.717
TRIP-3804,VESSEL-003,Capesize Bulk,180000,170000,21000,162.0,LNG,1.15,780.0,0.78,3712.6,10.94,70829.5,0.4166,2,1.73,18.4,1.0526,339.36,306.978,1.048,1777.9,1,426.876,119.898,367963.28,1190.984
TRIP-3805,VESSEL-004,Feeder Container,22000,18500,9800,180.0,Hydrogen,2.98,2800.0,0.08,800.6,15.08,11802.8,0.638,3,1.65,13.2,1.0698,53.09,26.179,1.032,893.6,0,32.366,6.187,106424.8,9.386
TRIP-3806,VESSEL-002,Panamax Bulk,75000,70000,12500,168.0,Methanol,0.5,950.0,0.35,2795.4,12.95,44993.9,0.6428,3,1.17,13.2,1.0698,215.86,486.482,1.04,1124.4,0,638.24,151.758,630078.0,797.8
TRIP-3807,VESSEL-002,Panamax Bulk,75000,70000,12500,168.0,Methanol,0.5,950.0,0.35,4037.6,9.77,69119.0,0.9874,4,1.33,23.3,1.1099,413.27,434.103,1.04,1091.0,0,665.806,231.703,656265.7,832.258
TRIP-3808,VESSEL-005,Neo-Panamax Green,110000,102000,16500,158.0,Hydrogen,2.98,2800.0,0.08,3980.3,16.99,75177.9,0.737,7,3.93,45.4,1.2181,234.27,253.853,1.016,1391.3,1,336.216,82.363,965904.8,97.503
TRIP-3809,VESSEL-004,Feeder Container,22000,18500,9800,180.0,Methanol,0.5,950.0,0.35,1332.9,11.3,11665.0,0.6305,3,1.49,19.5,1.0793,117.96,145.621,1.032,906.4,0,200.2,54.579,205990.0,250.25
TRIP-3810,VESSEL-005,Neo-Panamax Green,110000,102000,16500,158.0,Ammonia,0.46,1100.0,0.15,1712.6,12.97,38677.2,0.3792,5,1.77,39.0,1.1585,132.04,376.814,1.016,1455.7,1,524.554,147.74,601509.4,283.259
TRIP-3811,VESSEL-004,Feeder Container,22000,18500,9800,180.0,Methanol,0.5,950.0,0.35,997.2,11.56,8292.8,0.4483,2,0.99,17.1,1.0506,86.26,109.281,1.032,859.2,0,150.278,40.997,158564.1,187.847
TRIP-3812,VESSEL-005,Neo-Panamax Green,110000,102000,16500,158.0,LNG,1.15,780.0,0.78,2483.1,14.87,96423.3,0.9453,6,4.35,33.9,1.1759,166.99,330.13,1.016,1421.5,1,422.282,92.152,353879.96,1178.167
TRIP-3813,VESSEL-005,Neo-Panamax Green,110000,102000,16500,158.0,Hydrogen,2.98,2800.0,0.08,1385.5,13.89,56064.1,0.5496,3,1.43,17.9,1.0769,99.75,56.396,1.016,1453.4,0,75.088,18.692,239246.4,21.776
TRIP-3814,VESSEL-004,Feeder Container,22000,18500,9800,180.0,HFO,1.0,620.0,1.0,2760.7,14.38,10815.3,0.5846,2,1.1,16.9,1.0503,191.98,241.655,1.032,860.2,1,290.944,49.289,191685.28,1041.58
TRIP-3815,VESSEL-004,Feeder Container,22000,18500,9800,180.0,HFO,1.0,620.0,1.0,3245.4,14.79,11279.8,0.6097,3,2.33,16.6,1.0749,219.43,302.248,1.032,904.2,1,373.143,70.895,242648.66,1335.852
TRIP-3816,VESSEL-005,Neo-Panamax Green,110000,102000,16500,158.0,Methanol,0.5,950.0,0.35,1570.3,11.14,58074.9,0.5694,3,2.69,12.7,1.0691,140.96,246.253,1.016,1447.8,0,348.613,102.36,360182.35,435.766
TRIP-3817,VESSEL-003,Capesize Bulk,180000,170000,21000,162.0,Ammonia,0.46,1100.0,0.15,544.9,15.7,153054.4,0.9003,1,0.31,6.9,1.0104,34.71,261.768,1.048,1828.0,0,302.014,40.246,371715.4,163.088
TRIP-3818,VESSEL-002,Panamax Bulk,75000,70000,12500,168.0,Ammonia,0.46,1100.0,0.15,898.8,14.05,30534.1,0.4362,3,1.08,23.6,1.0854,63.97,189.882,1.04,1075.3,0,246.122,56.24,294484.2,132.906
TRIP-3819,VESSEL-002,Panamax Bulk,75000,70000,12500,168.0,HFO,1.0,620.0,1.0,1108.6,9.77,53703.5,0.7672,2,1.5,8.6,1.0379,113.47,56.599,1.04,1070.3,1,81.892,25.293,70023.04,293.173
TRIP-3820,VESSEL-005,Neo-Panamax Green,110000,102000,16500,158.0,Methanol,0.5,950.0,0.35,2429.9,15.75,69227.4,0.6787,3,1.49,16.5,1.0748,154.28,782.596,1.016,1433.2,0,944.847,162.251,926604.65,1181.059
TRIP-3821,VESSEL-004,Feeder Container,22000,18500,9800,180.0,Hydrogen,2.98,2800.0,0.08,1304.2,16.07,10759.8,0.5816,2,0.7,9.0,1.0385,81.16,47.812,1.032,850.7,0,55.701,7.889,171762.8,16.153
TRIP-3822,VESSEL-004,Feeder Container,22000,18500,9800,180.0,Hydrogen,2.98,2800.0,0.08,3543.6,13.8,10378.6,0.561,4,3.57,19.8,1.1047,256.78,95.342,1.032,922.8,1,119.576,24.234,346112.8,34.677
TRIP-3823,VESSEL-005,Neo-Panamax Green,110000,102000,16500,158.0,LNG,1.15,780.0,0.78,3189.2,16.27,98196.4,0.9627,2,1.19,14.8,1.0472,196.02,509.627,1.016,1452.9,0,572.554,62.927,475592.12,1597.426
TRIP-3824,VESSEL-003,Capesize Bulk,180000,170000,21000,162.0,Ammonia,0.46,1100.0,0.15,955.3,11.75,143776.8,0.8457,2,1.3,8.5,1.0377,81.3,253.722,1.048,1823.9,0,350.89,97.168,425479.0,189.481
TRIP-3825,VESSEL-003,Capesize Bulk,180000,170000,21000,162.0,HFO,1.0,620.0,1.0,2093.4,14.88,103705.8,0.61,2,1.02,13.1,1.0446,140.69,387.162,1.048,1824.6,1,474.805,87.643,329379.1,1699.802
TRIP-3826,VESSEL-001,Handysize Bulk,35000,32000,7200,175.0,LNG,1.15,780.0,0.78,1934.4,11.05,30349.5,0.9484,2,1.51,14.2,1.0463,175.06,68.478,1.064,664.7,0,97.695,29.217,93952.1,272.569
TRIP-3827,VESSEL-005,Neo-Panamax Green,110000,102000,16500,158.0,Ammonia,0.46,1100.0,0.15,2358.9,12.39,37645.5,0.3691,5,3.89,20.6,1.1309,190.39,472.39,1.016,1458.1,1,638.102,165.712,726412.2,344.575
TRIP-3828,VESSEL-002,Panamax Bulk,75000,70000,12500,168.0,Methanol,0.5,950.0,0.35,2300.5,11.02,31840.0,0.4549,1,0.77,7.8,1.0117,208.76,276.42,1.04,1094.7,0,377.983,101.563,382833.85,472.479
TRIP-3829,VESSEL-003,Capesize Bulk,180000,170000,21000,162.0,Ammonia,0.46,1100.0,0.15,2114.7,12.03,60316.4,0.3548,3,2.19,22.0,1.083,175.79,519.927,1.048,1733.9,0,710.568,190.641,821124.8,383.707
TRIP-3830,VESSEL-003,Capesize Bulk,180000,170000,21000,162.0,HFO,1.0,620.0,1.0,2778.2,13.95,163977.0,0.9646,1,0.69,11.6,1.0174,199.15,491.967,1.048,1765.9,1,612.172,120.205,414546.64,2191.576
TRIP-3831,VESSEL-002,Panamax Bulk,75000,70000,12500,168.0,Methanol,0.5,950.0,0.35,2659.5,10.54,59402.0,0.8486,4,2.77,17.8,1.1017,252.32,322.228,1.04,1080.1,0,452.448,130.22,453575.6,565.56
TRIP-3832,VESSEL-005,Neo-Panamax Green,110000,102000,16500,158.0,Hydrogen,2.98,2800.0,0.08,3330.5,15.23,58588.1,0.5744,3,0.91,17.3,1.0759,218.68,163.998,1.016,1399.0,0,199.657,35.659,588039.6,57.901
TRIP-3833,VESSEL-003,Capesize Bulk,180000,170000,21000,162.0,HFO,1.0,620.0,1.0,3636.5,15.65,113238.0,0.6661,2,0.81,17.8,1.0517,232.36,754.443,1.048,1779.6,0,908.506,154.063,602773.72,3252.451
TRIP-3834,VESSEL-005,Neo-Panamax Green,110000,102000,16500,158.0,Methanol,0.5,950.0,0.35,4152.6,15.58,38840.9,0.3808,4,1.97,18.6,1.1029,266.53,1213.449,1.016,1409.3,0,1535.981,322.532,1488181.95,1919.976
TRIP-3835,VESSEL-003,Capesize Bulk,180000,170000,21000,162.0,HFO,1.0,620.0,1.0,2260.1,15.24,168751.3,0.9927,2,1.15,15.1,1.0476,148.3,480.778,1.048,1780.7,0,591.603,110.825,406293.86,2117.939
TRIP-3836,VESSEL-005,Neo-Panamax Green,110000,102000,16500,158.0,Methanol,0.5,950.0,0.35,718.5,13.49,100791.2,0.9881,6,5.28,30.7,1.171,53.26,182.587,1.016,1459.1,0,249.362,66.775,265893.9,311.702
TRIP-3837,VESSEL-004,Feeder Container,22000,18500,9800,180.0,HFO,1.0,620.0,1.0,2247.5,13.81,17329.5,0.9367,3,2.05,17.3,1.0759,162.74,196.128,1.032,887.7,1,243.908,47.78,162522.96,873.191
TRIP-3838,VESSEL-002,Panamax Bulk,75000,70000,12500,168.0,Ammonia,0.46,1100.0,0.15,604.3,13.36,48162.4,0.688,3,2.31,19.8,1.0797,45.23,123.023,1.04,1078.2,1,158.703,35.68,193823.3,85.7
TRIP-3839,VESSEL-004,Feeder Container,22000,18500,9800,180.0,Hydrogen,2.98,2800.0,0.08,1786.8,15.44,10288.6,0.5561,2,1.1,9.8,1.0397,115.73,60.115,1.032,866.0,1,69.843,9.728,206860.4,20.254
TRIP-3840,VESSEL-002,Panamax Bulk,75000,70000,12500,168.0,Ammonia,0.46,1100.0,0.15,2189.7,10.14,67409.3,0.963,3,1.23,16.7,1.0751,215.95,274.111,1.04,1120.4,0,415.875,141.764,481212.5,224.573
TRIP-3841,VESSEL-002,Panamax Bulk,75000,70000,12500,168.0,Ammonia,0.46,1100.0,0.15,3599.0,13.66,24583.6,0.3512,1,0.45,11.7,1.0175,263.47,702.768,1.04,1058.1,1,872.338,169.57,978821.8,471.063
TRIP-3842,VESSEL-004,Feeder Container,22000,18500,9800,180.0,Hydrogen,2.98,2800.0,0.08,4021.0,12.17,14517.6,0.7847,1,0.5,7.8,1.0117,330.4,88.489,1.032,857.2,1,113.808,25.319,329962.4,33.004
TRIP-3843,VESSEL-003,Capesize Bulk,180000,170000,21000,162.0,Ammonia,0.46,1100.0,0.15,1864.8,10.71,122425.6,0.7202,2,1.62,8.6,1.0379,174.12,399.193,1.048,1776.7,0,602.164,202.971,701880.4,325.169
TRIP-3844,VESSEL-005,Neo-Panamax Green,110000,102000,16500,158.0,LNG,1.15,780.0,0.78,1447.7,16.76,72095.7,0.7068,5,4.46,34.8,1.1522,86.38,231.136,1.016,1403.4,0,284.457,53.321,250876.46,793.635
TRIP-3845,VESSEL-003,Capesize Bulk,180000,170000,21000,162.0,LNG,1.15,780.0,0.78,4079.4,11.41,84622.1,0.4978,3,1.2,18.8,1.0782,357.53,374.811,1.048,1748.5,0,507.913,133.102,435672.14,1417.077
TRIP-3846,VESSEL-002,Panamax Bulk,75000,70000,12500,168.0,HFO,1.0,620.0,1.0,3622.8,10.12,59849.4,0.855,5,3.13,34.1,1.1512,357.98,202.635,1.04,1126.2,1,329.972,127.337,223832.64,1181.3
TRIP-3847,VESSEL-001,Handysize Bulk,35000,32000,7200,175.0,LNG,1.15,780.0,0.78,4185.7,12.01,21167.3,0.6615,2,0.71,16.4,1.0496,348.52,163.654,1.064,647.4,1,215.981,52.327,181715.18,602.587
TRIP-3848,VESSEL-002,Panamax Bulk,75000,70000,12500,168.0,Ammonia,0.46,1100.0,0.15,548.2,12.75,47730.5,0.6819,2,1.2,16.3,1.0494,43.0,101.504,1.04,1132.3,0,131.666,30.162,168582.6,71.1
TRIP-3849,VESSEL-004,Feeder Container,22000,18500,9800,180.0,Methanol,0.5,950.0,0.35,3073.6,16.8,10982.0,0.5936,3,2.67,12.1,1.0682,182.95,735.956,1.032,875.4,0,888.63,152.674,859998.5,1110.787
TRIP-3850,VESSEL-002,Panamax Bulk,75000,70000,12500,168.0,Methanol,0.5,950.0,0.35,2018.5,13.94,47124.0,0.6732,1,0.31,11.7,1.0175,144.8,410.114,1.04,1114.3,1,491.207,81.093,485896.65,614.009
TRIP-3851,VESSEL-002,Panamax Bulk,75000,70000,12500,168.0,HFO,1.0,620.0,1.0,660.9,11.07,37901.5,0.5414,4,2.6,24.2,1.1113,59.7,40.967,1.04,1135.2,0,61.525,20.558,61895.5,220.26
TRIP-3852,VESSEL-002,Panamax Bulk,75000,70000,12500,168.0,LNG,1.15,780.0,0.78,2702.8,14.4,40649.7,0.5807,5,2.94,21.0,1.1315,187.69,248.975,1.04,1140.4,1,328.633,79.658,275583.74,916.886
TRIP-3853,VESSEL-001,Handysize Bulk,35000,32000,7200,175.0,HFO,1.0,620.0,1.0,2109.3,9.55,27369.9,0.8553,7,5.02,52.7,1.229,220.87,62.785,1.064,653.9,0,109.081,46.296,85380.22,390.51
TRIP-3854,VESSEL-004,Feeder Container,22000,18500,9800,180.0,Hydrogen,2.98,2800.0,0.08,832.4,16.21,11310.2,0.6114,1,0.43,9.9,1.0149,51.35,31.261,1.032,856.2,1,34.609,3.348,108205.2,10.037
TRIP-3855,VESSEL-004,Feeder Container,22000,18500,9800,180.0,Methanol,0.5,950.0,0.35,3014.1,13.7,18302.2,0.9893,3,1.28,24.1,1.0861,220.01,523.513,1.032,865.8,1,652.119,128.606,630813.05,815.149
TRIP-3856,VESSEL-004,Feeder Container,22000,18500,9800,180.0,Hydrogen,2.98,2800.0,0.08,3828.1,12.86,8654.0,0.4678,1,0.46,7.5,1.0112,297.67,87.515,1.032,893.5,0,106.109,18.594,312905.2,30.772
TRIP-3857,VESSEL-005,Neo-Panamax Green,110000,102000,16500,158.0,LNG,1.15,780.0,0.78,2008.9,11.39,73774.4,0.7233,4,2.2,23.5,1.1102,176.37,148.716,1.016,1429.2,1,206.914,58.198,185892.92,577.29
TRIP-3858,VESSEL-003,Capesize Bulk,180000,170000,21000,162.0,HFO,1.0,620.0,1.0,3144.1,14.76,130215.7,0.766,1,0.32,11.8,1.0177,213.01,594.622,1.048,1772.7,0,723.258,128.636,487919.96,2589.264
TRIP-3859,VESSEL-003,Capesize Bulk,180000,170000,21000,162.0,Ammonia,0.46,1100.0,0.15,2014.1,15.64,136280.4,0.8016,5,3.27,34.9,1.1523,128.78,937.839,1.048,1773.2,1,1207.122,269.283,1362834.2,651.846
TRIP-3860,VESSEL-005,Neo-Panamax Green,110000,102000,16500,158.0,Hydrogen,2.98,2800.0,0.08,1415.3,15.35,48353.9,0.4741,5,2.91,22.5,1.1338,92.2,69.012,1.016,1460.5,1,88.052,19.04,271045.6,25.535
TRIP-3861,VESSEL-004,Feeder Container,22000,18500,9800,180.0,Hydrogen,2.98,2800.0,0.08,1840.7,13.74,13561.7,0.7331,5,2.31,23.5,1.1353,133.97,51.049,1.032,856.1,1,67.152,16.103,199325.6,19.474
TRIP-3862,VESSEL-002,Panamax Bulk,75000,70000,12500,168.0,LNG,1.15,780.0,0.78,1632.2,11.05,62601.0,0.8943,3,0.96,16.0,1.074,147.71,95.524,1.04,1063.1,0,130.538,35.014,125569.64,364.201
TRIP-3863,VESSEL-004,Feeder Container,22000,18500,9800,180.0,Hydrogen,2.98,2800.0,0.08,2392.5,12.94,8476.5,0.4582,4,2.96,20.3,1.1055,184.89,55.253,1.032,860.3,1,74.198,18.945,219054.4,21.517
TRIP-3864,VESSEL-005,Neo-Panamax Green,110000,102000,16500,158.0,Hydrogen,2.98,2800.0,0.08,3649.1,10.61,88870.6,0.8713,2,1.75,11.3,1.0419,343.93,93.696,1.016,1459.0,0,137.534,43.838,414095.2,39.885
TRIP-3865,VESSEL-005,Neo-Panamax Green,110000,102000,16500,158.0,Methanol,0.5,950.0,0.35,3792.9,14.28,39278.3,0.3851,2,1.4,16.8,1.0502,265.61,932.165,1.016,1424.0,0,1132.144,199.979,1104536.8,1415.18
TRIP-3866,VESSEL-002,Panamax Bulk,75000,70000,12500,168.0,HFO,1.0,620.0,1.0,4149.5,11.06,28468.1,0.4067,4,1.21,19.8,1.1047,375.18,247.96,1.04,1117.0,0,356.649,108.689,244872.38,1276.803
TRIP-3867,VESSEL-001,Handysize Bulk,35000,32000,7200,175.0,Methanol,0.5,950.0,0.35,2709.0,11.78,24795.9,0.7749,3,1.31,17.2,1.0758,229.97,240.814,1.064,631.1,1,323.269,82.455,320355.55,404.086
TRIP-3868,VESSEL-002,Panamax Bulk,75000,70000,12500,168.0,LNG,1.15,780.0,0.78,2771.7,12.12,32723.9,0.4675,4,3.04,32.1,1.1231,228.69,175.723,1.04,1147.2,1,264.259,88.536,225372.02,737.283
TRIP-3869,VESSEL-005,Neo-Panamax Green,110000,102000,16500,158.0,Hydrogen,2.98,2800.0,0.08,4177.4,11.53,65372.5,0.6409,3,1.26,25.2,1.0878,362.31,119.862,1.016,1408.6,1,170.068,50.206,500690.4,49.32
TRIP-3870,VESSEL-002,Panamax Bulk,75000,70000,12500,168.0,Methanol,0.5,950.0,0.35,1994.2,14.52,54878.2,0.784,4,3.21,22.0,1.108,137.34,451.563,1.04,1079.7,0,587.875,136.312,582231.25,734.844
TRIP-3871,VESSEL-003,Capesize Bulk,180000,170000,21000,162.0,Ammonia,0.46,1100.0,0.15,991.5,14.67,74843.1,0.4403,2,1.29,11.1,1.0416,67.59,370.868,1.048,1766.8,1,458.283,87.415,539111.3,247.473
TRIP-3872,VESSEL-002,Panamax Bulk,75000,70000,12500,168.0,LNG,1.15,780.0,0.78,606.3,15.22,27428.8,0.3918,2,1.71,14.7,1.047,39.84,59.435,1.04,1092.6,1,74.114,14.679,77058.92,206.778
TRIP-3873,VESSEL-002,Panamax Bulk,75000,70000,12500,168.0,Methanol,0.5,950.0,0.35,3311.4,15.07,57701.3,0.8243,2,1.16,17.7,1.0515,219.73,815.5,1.04,1128.6,0,977.669,162.169,952535.55,1222.086
TRIP-3874,VESSEL-002,Panamax Bulk,75000,70000,12500,168.0,Ammonia,0.46,1100.0,0.15,3998.7,11.98,69054.1,0.9865,3,2.33,20.9,1.0814,333.78,702.468,1.04,1074.3,1,946.404,243.936,1060294.4,511.058
TRIP-3875,VESSEL-002,Panamax Bulk,75000,70000,12500,168.0,LNG,1.15,780.0,0.78,1895.0,10.14,27096.2,0.3871,3,2.11,20.9,1.0814,186.88,82.34,1.04,1146.9,1,128.907,46.567,119797.46,359.651
TRIP-3876,VESSEL-002,Panamax Bulk,75000,70000,12500,168.0,LNG,1.15,780.0,0.78,2782.6,14.34,62422.6,0.8918,5,2.71,21.1,1.1317,194.04,274.092,1.04,1116.3,1,369.69,95.598,307608.2,1031.435
TRIP-3877,VESSEL-003,Capesize Bulk,180000,170000,21000,162.0,HFO,1.0,620.0,1.0,3914.2,10.29,111027.8,0.6531,7,2.9,50.6,1.2259,380.39,349.937,1.048,1744.6,1,571.829,221.892,389533.98,2047.148
TRIP-3878,VESSEL-005,Neo-Panamax Green,110000,102000,16500,158.0,LNG,1.15,780.0,0.78,1370.4,12.79,54328.5,0.5326,4,3.35,28.8,1.1182,107.15,122.035,1.016,1453.5,1,168.177,46.142,155678.06,469.214
TRIP-3879,VESSEL-005,Neo-Panamax Green,110000,102000,16500,158.0,Ammonia,0.46,1100.0,0.15,3428.9,15.3,49638.2,0.4866,2,1.79,12.1,1.0431,224.11,1079.609,1.016,1399.3,0,1300.455,220.846,1459500.5,702.246
TRIP-3880,VESSEL-005,Neo-Panamax Green,110000,102000,16500,158.0,Hydrogen,2.98,2800.0,0.08,1410.3,12.07,38754.2,0.3799,3,1.57,15.8,1.0737,116.84,41.49,1.016,1374.1,0,54.092,12.602,180457.6,15.687
TRIP-3881,VESSEL-002,Panamax Bulk,75000,70000,12500,168.0,Methanol,0.5,950.0,0.35,1627.7,12.13,37730.3,0.539,3,1.44,20.8,1.0812,134.19,242.145,1.04,1148.9,0,330.634,88.489,337852.3,413.293
TRIP-3882,VESSEL-005,Neo-Panamax Green,110000,102000,16500,158.0,Hydrogen,2.98,2800.0,0.08,2766.2,13.58,82821.1,0.812,2,1.59,9.2,1.0388,203.7,114.748,1.016,1384.3,0,135.043,20.295,407120.4,39.162
TRIP-3883,VESSEL-001,Handysize Bulk,35000,32000,7200,175.0,Methanol,0.5,950.0,0.35,724.2,11.02,25689.4,0.8028,2,1.43,10.0,1.04,65.72,56.711,1.064,647.3,1,78.882,22.171,88187.9,98.603
TRIP-3884,VESSEL-001,Handysize Bulk,35000,32000,7200,175.0,Methanol,0.5,950.0,0.35,3821.7,13.76,20486.0,0.6402,1,0.41,10.8,1.0162,277.74,448.79,1.064,707.9,0,551.95,103.16,542102.5,689.938
TRIP-3885,VESSEL-005,Neo-Panamax Green,110000,102000,16500,158.0,LNG,1.15,780.0,0.78,596.6,12.68,36384.0,0.3567,1,0.66,6.2,1.0093,47.05,49.888,1.016,1384.4,0,63.3,13.412,78374.0,176.607
TRIP-3886,VESSEL-005,Neo-Panamax Green,110000,102000,16500,158.0,Methanol,0.5,950.0,0.35,2427.8,14.02,69410.1,0.6805,3,2.61,12.8,1.0692,173.17,619.859,1.016,1446.0,0,777.024,157.165,767172.8,971.28
TRIP-3887,VESSEL-002,Panamax Bulk,75000,70000,12500,168.0,LNG,1.15,780.0,0.78,3475.6,10.04,44776.0,0.6397,1,0.47,7.0,1.0105,346.18,157.952,1.04,1060.4,1,232.465,74.513,200572.7,648.577
TRIP-3888,VESSEL-001,Handysize Bulk,35000,32000,7200,175.0,Methanol,0.5,950.0,0.35,2924.1,11.79,16661.1,0.5207,3,2.65,25.6,1.0884,248.02,244.76,1.064,716.5,0,358.723,113.963,358536.85,448.404
TRIP-3889,VESSEL-001,Handysize Bulk,35000,32000,7200,175.0,HFO,1.0,620.0,1.0,3106.1,13.69,26366.0,0.8239,2,1.6,14.4,1.0466,226.89,188.612,1.064,670.7,1,237.966,49.354,160788.92,851.918
TRIP-3890,VESSEL-004,Feeder Container,22000,18500,9800,180.0,Hydrogen,2.98,2800.0,0.08,2206.1,15.15,6962.6,0.3764,3,1.79,23.9,1.0858,145.62,68.486,1.032,865.1,1,87.123,18.637,255244.4,25.266
TRIP-3891,VESSEL-003,Capesize Bulk,180000,170000,21000,162.0,LNG,1.15,780.0,0.78,1240.6,14.17,69082.9,0.4064,4,1.23,32.5,1.1238,87.55,171.623,1.048,1749.1,1,228.296,56.673,213070.88,636.946
TRIP-3892,VESSEL-005,Neo-Panamax Green,110000,102000,16500,158.0,Hydrogen,2.98,2800.0,0.08,2756.6,11.8,57489.8,0.5636,5,2.21,33.5,1.1502,233.61,81.263,1.016,1422.4,0,119.442,38.179,363437.6,34.638
TRIP-3893,VESSEL-003,Capesize Bulk,180000,170000,21000,162.0,HFO,1.0,620.0,1.0,886.3,14.25,125607.1,0.7389,5,1.62,24.7,1.1371,62.2,155.221,1.048,1791.6,1,205.377,50.156,162333.74,735.25
TRIP-3894,VESSEL-001,Handysize Bulk,35000,32000,7200,175.0,LNG,1.15,780.0,0.78,3684.4,11.26,25728.0,0.804,6,2.64,37.9,1.1819,327.21,130.997,1.064,652.7,1,200.034,69.037,169276.52,558.095
TRIP-3895,VESSEL-002,Panamax Bulk,75000,70000,12500,168.0,Methanol,0.5,950.0,0.35,3784.4,11.43,53863.1,0.7695,3,2.2,23.2,1.0848,331.09,529.171,1.04,1137.2,1,756.887,227.716,738292.65,946.109
TRIP-3896,VESSEL-003,Capesize Bulk,180000,170000,21000,162.0,LNG,1.15,780.0,0.78,3492.8,11.79,100615.4,0.5919,6,4.93,31.5,1.1723,296.25,351.015,1.048,1775.4,1,520.725,169.71,441165.5,1452.823
TRIP-3897,VESSEL-005,Neo-Panamax Green,110000,102000,16500,158.0,LNG,1.15,780.0,0.78,3462.1,16.84,64402.4,0.6314,5,1.63,25.3,1.138,205.59,547.822,1.016,1458.3,0,658.594,110.772,542703.32,1837.477
TRIP-3898,VESSEL-003,Capesize Bulk,180000,170000,21000,162.0,Ammonia,0.46,1100.0,0.15,1138.6,11.46,59871.6,0.3522,5,1.73,28.3,1.1425,99.35,253.844,1.048,1775.6,1,371.582,117.738,443740.2,200.654
TRIP-3899,VESSEL-004,Feeder Container,22000,18500,9800,180.0,HFO,1.0,620.0,1.0,3840.5,13.17,6646.7,0.3593,4,1.83,31.1,1.1217,291.61,267.377,1.032,842.7,1,366.041,98.664,238245.42,1310.427
TRIP-3900,VESSEL-001,Handysize Bulk,35000,32000,7200,175.0,LNG,1.15,780.0,0.78,2098.3,11.59,17460.8,0.5456,4,1.56,16.3,1.0995,181.04,74.255,1.064,665.7,0,101.943,27.688,97265.54,284.421
TRIP-3901,VESSEL-004,Feeder Container,22000,18500,9800,180.0,Methanol,0.5,950.0,0.35,1236.8,14.99,15377.9,0.8312,3,1.74,23.8,1.0857,82.51,248.629,1.032,911.7,1,302.177,53.548,298368.15,377.721
TRIP-3902,VESSEL-003,Capesize Bulk,180000,170000,21000,162.0,Ammonia,0.46,1100.0,0.15,4175.4,12.48,147471.7,0.8675,4,2.95,31.5,1.1222,334.57,1257.558,1.048,1763.8,0,1696.859,439.301,1906044.9,916.304
TRIP-3903,VESSEL-004,Feeder Container,22000,18500,9800,180.0,HFO,1.0,620.0,1.0,2387.2,11.29,12424.4,0.6716,2,1.27,10.4,1.0406,211.44,131.38,1.032,878.3,1,183.821,52.441,125269.02,658.079
TRIP-3904,VESSEL-001,Handysize Bulk,35000,32000,7200,175.0,HFO,1.0,620.0,1.0,3875.8,14.17,13543.2,0.4232,3,2.48,25.2,1.0878,273.52,228.575,1.064,711.9,0,299.743,71.168,203590.66,1073.08
TRIP-3905,VESSEL-004,Feeder Container,22000,18500,9800,180.0,HFO,1.0,620.0,1.0,2133.6,13.57,9489.8,0.513,4,3.23,32.3,1.1235,157.23,163.578,1.032,863.1,0,223.318,59.74,154257.16,799.478
TRIP-3906,VESSEL-002,Panamax Bulk,75000,70000,12500,168.0,Methanol,0.5,950.0,0.35,4046.0,11.55,69358.9,0.9908,4,2.33,20.5,1.1058,350.3,608.417,1.04,1141.6,0,877.764,269.347,857625.8,1097.205
TRIP-3907,VESSEL-002,Panamax Bulk,75000,70000,12500,168.0,Ammonia,0.46,1100.0,0.15,654.5,10.97,68692.2,0.9813,2,1.52,9.7,1.0395,59.66,96.291,1.04,1147.9,1,135.012,38.721,167763.2,72.906
TRIP-3908,VESSEL-005,Neo-Panamax Green,110000,102000,16500,158.0,Methanol,0.5,950.0,0.35,1305.2,13.59,62271.6,0.6105,2,1.55,9.4,1.0391,96.04,307.752,1.016,1409.4,0,375.42,67.668,385649.0,469.275
TRIP-3909,VESSEL-002,Panamax Bulk,75000,70000,12500,168.0,LNG,1.15,780.0,0.78,1267.7,11.17,62639.4,0.8948,4,3.24,19.3,1.1039,113.49,75.821,1.04,1130.9,1,110.634,34.813,105544.52,308.669
TRIP-3910,VESSEL-001,Handysize Bulk,35000,32000,7200,175.0,LNG,1.15,780.0,0.78,577.6,14.02,27632.9,0.8635,5,4.35,27.1,1.1407,41.2,32.283,1.064,627.0,1,43.977,11.694,47552.06,122.696
TRIP-3911,VESSEL-005,Neo-Panamax Green,110000,102000,16500,158.0,Methanol,0.5,950.0,0.35,737.4,14.1,49618.7,0.4865,5,4.11,39.5,1.1593,52.3,181.408,1.016,1417.4,0,248.572,67.164,265143.4,310.715
TRIP-3912,VESSEL-001,Handysize Bulk,35000,32000,7200,175.0,LNG,1.15,780.0,0.78,529.0,9.98,13677.6,0.4274,2,1.58,16.5,1.0497,53.01,13.473,1.064,713.2,1,21.053,7.58,29671.34,58.738
TRIP-3913,VESSEL-005,Neo-Panamax Green,110000,102000,16500,158.0,Ammonia,0.46,1100.0,0.15,633.4,12.7,36093.0,0.3539,3,1.55,19.8,1.0797,49.87,132.722,1.016,1376.6,0,171.741,39.019,217915.1,92.74
TRIP-3914,VESSEL-004,Feeder Container,22000,18500,9800,180.0,HFO,1.0,620.0,1.0,501.9,12.57,10226.5,0.5528,2,0.69,18.1,1.0521,39.93,33.326,1.032,841.4,1,42.884,9.558,37888.08,153.525
TRIP-3915,VESSEL-001,Handysize Bulk,35000,32000,7200,175.0,HFO,1.0,620.0,1.0,937.5,14.36,11701.3,0.3657,2,1.21,10.4,1.0406,65.29,55.945,1.064,699.6,1,70.219,14.274,56785.78,251.384
TRIP-3916,VESSEL-001,Handysize Bulk,35000,32000,7200,175.0,Methanol,0.5,950.0,0.35,2564.6,9.15,24163.5,0.7551,3,1.25,15.3,1.073,280.28,136.899,1.064,721.9,0,234.545,97.646,240567.75,293.181
TRIP-3917,VESSEL-001,Handysize Bulk,35000,32000,7200,175.0,Methanol,0.5,950.0,0.35,3952.6,9.21,15184.6,0.4745,2,1.32,11.8,1.0427,429.16,199.55,1.064,689.3,0,332.912,133.362,334016.4,416.14
TRIP-3918,VESSEL-002,Panamax Bulk,75000,70000,12500,168.0,Ammonia,0.46,1100.0,0.15,559.6,12.59,67356.2,0.9622,4,1.37,17.3,1.1009,44.45,107.977,1.04,1115.4,1,147.375,39.398,181362.5,79.583
TRIP-3919,VESSEL-005,Neo-Panamax Green,110000,102000,16500,158.0,LNG,1.15,780.0,0.78,3372.2,11.89,76654.3,0.7515,5,2.25,34.8,1.1522,283.62,273.904,1.016,1400.7,0,374.837,100.933,321372.86,1045.795
TRIP-3920,VESSEL-004,Feeder Container,22000,18500,9800,180.0,Methanol,0.5,950.0,0.35,1705.8,16.55,14782.7,0.7991,3,1.71,15.8,1.0737,103.07,415.066,1.032,932.1,1,499.83,84.764,486138.5,624.788
TRIP-3921,VESSEL-005,Neo-Panamax Green,110000,102000,16500,158.0,Methanol,0.5,950.0,0.35,609.3,14.1,81459.1,0.7986,3,2.2,13.7,1.0706,43.21,161.87,1.016,1437.8,0,200.568,38.698,219539.6,250.71
TRIP-3922,VESSEL-002,Panamax Bulk,75000,70000,12500,168.0,HFO,1.0,620.0,1.0,1728.2,11.48,52673.0,0.7525,4,2.34,21.8,1.1077,150.54,121.389,1.04,1092.0,0,172.787,51.398,130877.94,618.577
TRIP-3923,VESSEL-002,Panamax Bulk,75000,70000,12500,168.0,HFO,1.0,620.0,1.0,1318.9,15.25,46222.3,0.6603,4,2.29,20.3,1.1055,86.49,159.851,1.04,1053.8,1,202.425,42.574,144753.5,724.682
TRIP-3924,VESSEL-003,Capesize Bulk,180000,170000,21000,162.0,Ammonia,0.46,1100.0,0.15,1886.7,14.52,123725.4,0.7278,4,3.6,31.3,1.122,129.94,743.743,1.048,1807.6,1,979.623,235.88,1112585.3,528.996
TRIP-3925,VESSEL-002,Panamax Bulk,75000,70000,12500,168.0,Ammonia,0.46,1100.0,0.15,1172.4,14.62,46935.2,0.6705,4,3.41,21.8,1.1077,80.19,284.6,1.04,1128.3,1,367.462,82.862,423458.2,198.429
TRIP-3926,VESSEL-004,Feeder Container,22000,18500,9800,180.0,HFO,1.0,620.0,1.0,3801.8,16.46,16254.1,0.8786,5,1.66,22.5,1.1338,230.97,465.487,1.032,916.6,1,584.898,119.411,373936.76,2093.935
TRIP-3927,VESSEL-005,Neo-Panamax Green,110000,102000,16500,158.0,Hydrogen,2.98,2800.0,0.08,2212.8,13.69,54669.4,0.536,2,1.45,12.1,1.0431,161.64,87.194,1.016,1424.2,0,110.511,23.317,338430.8,32.048
TRIP-3928,VESSEL-002,Panamax Bulk,75000,70000,12500,168.0,HFO,1.0,620.0,1.0,2144.7,14.86,39505.8,0.5644,1,0.75,4.7,1.0071,144.33,240.962,1.04,1113.1,0,286.185,45.223,201184.7,1024.542
TRIP-3929,VESSEL-003,Capesize Bulk,180000,170000,21000,162.0,LNG,1.15,780.0,0.78,2578.3,12.93,67487.0,0.397,3,1.64,12.5,1.0688,199.4,296.24,1.048,1817.9,1,398.359,102.119,345720.02,1111.422
TRIP-3930,VESSEL-001,Handysize Bulk,35000,32000,7200,175.0,Methanol,0.5,950.0,0.35,2745.0,10.57,24855.0,0.7767,3,2.48,16.1,1.0741,259.7,196.544,1.064,700.9,1,304.322,107.778,302355.9,380.403
TRIP-3931,VESSEL-002,Panamax Bulk,75000,70000,12500,168.0,HFO,1.0,620.0,1.0,1666.8,11.98,62626.8,0.8947,3,1.78,20.7,1.0811,139.13,131.869,1.04,1138.4,0,179.227,47.358,134870.74,641.633
TRIP-3932,VESSEL-004,Feeder Container,22000,18500,9800,180.0,Hydrogen,2.98,2800.0,0.08,3625.6,12.13,11985.4,0.6479,5,3.43,27.2,1.1408,298.9,76.882,1.032,909.0,0,104.758,27.876,309122.4,30.38
TRIP-3933,VESSEL-001,Handysize Bulk,35000,32000,7200,175.0,LNG,1.15,780.0,0.78,2633.0,13.13,29547.8,0.9234,5,1.58,25.1,1.1377,200.53,130.85,1.064,706.4,1,175.572,44.722,150196.16,489.846
TRIP-3934,VESSEL-002,Panamax Bulk,75000,70000,12500,168.0,HFO,1.0,620.0,1.0,3389.5,12.24,45730.0,0.6533,4,3.28,27.0,1.1155,276.92,264.17,1.04,1068.6,1,360.173,96.003,242557.26,1289.419
TRIP-3935,VESSEL-003,Capesize Bulk,180000,170000,21000,162.0,HFO,1.0,620.0,1.0,4077.2,13.47,136069.9,0.8004,3,1.9,21.8,1.0827,302.69,647.588,1.048,1789.2,1,872.821,225.233,576149.02,3124.699
TRIP-3936,VESSEL-003,Capesize Bulk,180000,170000,21000,162.0,Ammonia,0.46,1100.0,0.15,3772.1,11.23,115410.9,0.6789,5,3.75,33.9,1.1509,335.89,878.779,1.048,1745.3,1,1262.343,383.564,1423577.3,681.665
TRIP-3937,VESSEL-004,Feeder Container,22000,18500,9800,180.0,Hydrogen,2.98,2800.0,0.08,4127.0,17.72,17516.1,0.9468,1,0.57,7.5,1.0112,232.9,199.407,1.032,872.4,1,223.625,24.218,637450.0,64.851
TRIP-3938,VESSEL-003,Capesize Bulk,180000,170000,21000,162.0,Ammonia,0.46,1100.0,0.15,3409.9,12.68,102431.7,0.6025,3,1.99,13.4,1.0701,268.92,993.622,1.048,1777.1,0,1304.085,310.463,1473993.5,704.206
TRIP-3939,VESSEL-003,Capesize Bulk,180000,170000,21000,162.0,Ammonia,0.46,1100.0,0.15,4070.7,14.14,89866.9,0.5286,3,2.06,14.8,1.0722,287.89,1447.516,1.048,1742.9,0,1875.88,428.364,2102968.0,1012.975
TRIP-3940,VESSEL-003,Capesize Bulk,180000,170000,21000,162.0,LNG,1.15,780.0,0.78,3023.2,11.19,145909.2,0.8583,1,0.67,11.9,1.0178,270.17,292.171,1.048,1782.8,0,393.802,101.631,346665.56,1098.708
TRIP-3941,VESSEL-002,Panamax Bulk,75000,70000,12500,168.0,Ammonia,0.46,1100.0,0.15,4131.3,10.91,36455.6,0.5208,2,1.74,15.1,1.0476,378.67,537.903,1.04,1055.0,1,749.731,211.828,843954.1,404.855
TRIP-3942,VESSEL-005,Neo-Panamax Green,110000,102000,16500,158.0,Hydrogen,2.98,2800.0,0.08,792.4,12.17,96713.5,0.9482,3,1.81,12.8,1.0692,65.11,27.249,1.016,1378.8,0,33.632,6.383,123169.6,9.753
TRIP-3943,VESSEL-005,Neo-Panamax Green,110000,102000,16500,158.0,Ammonia,0.46,1100.0,0.15,1020.7,15.85,88992.2,0.8725,4,2.99,16.9,1.1003,64.4,379.016,1.016,1378.9,1,438.142,59.126,506456.2,236.597
TRIP-3944,VESSEL-004,Feeder Container,22000,18500,9800,180.0,HFO,1.0,620.0,1.0,1254.5,11.22,14696.2,0.7944,2,1.48,16.5,1.0497,111.81,70.077,1.032,868.6,0,97.246,27.169,76092.52,348.141
TRIP-3945,VESSEL-003,Capesize Bulk,180000,170000,21000,162.0,Ammonia,0.46,1100.0,0.15,1676.0,15.22,166056.5,0.9768,2,1.73,12.4,1.0436,110.12,770.218,1.048,1739.4,0,891.593,121.375,1020252.3,481.46
TRIP-3946,VESSEL-003,Capesize Bulk,180000,170000,21000,162.0,LNG,1.15,780.0,0.78,2319.7,15.92,130166.2,0.7657,3,1.99,24.2,1.0863,145.71,443.784,1.048,1744.6,1,548.253,104.469,462637.34,1529.626
TRIP-3947,VESSEL-003,Capesize Bulk,180000,170000,21000,162.0,HFO,1.0,620.0,1.0,2936.1,11.46,81147.1,0.4773,4,2.16,25.4,1.1131,256.2,311.288,1.048,1800.7,1,451.169,139.881,314724.78,1615.185
TRIP-3948,VESSEL-002,Panamax Bulk,75000,70000,12500,168.0,Methanol,0.5,950.0,0.35,2202.1,11.69,48526.3,0.6932,3,1.46,14.3,1.0715,188.37,316.182,1.04,1130.3,0,429.906,113.724,432160.7,537.383
TRIP-3949,VESSEL-002,Panamax Bulk,75000,70000,12500,168.0,Methanol,0.5,950.0,0.35,1852.4,10.02,58002.9,0.8286,1,0.35,5.6,1.0084,184.87,201.887,1.04,1128.7,1,286.973,85.086,291874.35,358.716
TRIP-3950,VESSEL-005,Neo-Panamax Green,110000,102000,16500,158.0,Methanol,0.5,950.0,0.35,3670.7,12.3,58979.0,0.5782,3,2.65,20.8,1.0812,298.43,703.319,1.016,1440.6,0,926.982,223.663,909632.9,1158.727
TRIP-3951,VESSEL-003,Capesize Bulk,180000,170000,21000,162.0,HFO,1.0,620.0,1.0,1933.4,13.77,116980.0,0.6881,1,0.38,4.1,1.0062,140.41,312.244,1.048,1829.9,1,385.327,73.083,273902.74,1379.471
TRIP-3952,VESSEL-003,Capesize Bulk,180000,170000,21000,162.0,Ammonia,0.46,1100.0,0.15,3890.6,10.53,67485.7,0.397,1,0.72,9.0,1.0135,369.48,741.206,1.048,1780.1,1,1082.264,341.058,1225490.4,584.423
TRIP-3953,VESSEL-001,Handysize Bulk,35000,32000,7200,175.0,HFO,1.0,620.0,1.0,4105.4,13.32,25236.7,0.7886,5,1.89,26.2,1.1393,308.21,234.052,1.064,711.1,1,321.65,87.598,212673.0,1151.507
TRIP-3954,VESSEL-003,Capesize Bulk,180000,170000,21000,162.0,HFO,1.0,620.0,1.0,1787.1,15.99,102117.1,0.6007,5,2.49,28.6,1.1429,111.76,380.739,1.048,1737.8,1,477.653,96.914,331144.86,1709.998
TRIP-3955,VESSEL-004,Feeder Container,22000,18500,9800,180.0,HFO,1.0,620.0,1.0,3909.8,15.53,11563.5,0.6251,5,3.86,22.0,1.133,251.76,402.887,1.032,836.5,0,506.96,104.073,330115.2,1814.917
TRIP-3956,VESSEL-002,Panamax Bulk,75000,70000,12500,168.0,HFO,1.0,620.0,1.0,2305.4,14.02,62961.0,0.8994,6,2.23,26.4,1.1646,164.44,250.084,1.04,1070.0,1,330.25,80.166,224005.0,1182.295
TRIP-3957,VESSEL-004,Feeder Container,22000,18500,9800,180.0,Methanol,0.5,950.0,0.35,926.7,15.56,9398.4,0.508,2,1.17,8.5,1.0377,59.56,186.622,1.032,922.3,1,211.538,24.916,212261.1,264.423
TRIP-3958,VESSEL-001,Handysize Bulk,35000,32000,7200,175.0,LNG,1.15,780.0,0.78,908.1,12.38,15411.9,0.4816,5,2.2,20.4,1.1306,73.35,36.08,1.064,690.3,0,52.652,16.572,58818.56,146.899
TRIP-3959,VESSEL-002,Panamax Bulk,75000,70000,12500,168.0,Methanol,0.5,950.0,0.35,530.3,10.75,67961.3,0.9709,4,1.9,24.1,1.1111,49.33,68.765,1.04,1107.0,1,104.471,35.706,118497.45,130.589
TRIP-3960,VESSEL-004,Feeder Container,22000,18500,9800,180.0,Hydrogen,2.98,2800.0,0.08,3528.8,15.92,11273.7,0.6094,3,0.92,21.3,1.0819,221.66,127.77,1.032,926.6,0,157.384,29.614,456475.2,45.641
TRIP-3961,VESSEL-003,Capesize Bulk,180000,170000,21000,162.0,LNG,1.15,780.0,0.78,2907.6,13.76,81142.9,0.4773,1,0.84,10.1,1.0151,211.31,386.46,1.048,1824.1,0,470.963,84.503,406851.14,1313.987
TRIP-3962,VESSEL-003,Capesize Bulk,180000,170000,21000,162.0,Ammonia,0.46,1100.0,0.15,1556.7,13.14,74787.0,0.4399,3,2.69,17.1,1.0756,118.47,467.093,1.048,1745.7,1,612.964,145.871,709260.4,331.001
TRIP-3963,VESSEL-005,Neo-Panamax Green,110000,102000,16500,158.0,Hydrogen,2.98,2800.0,0.08,3353.3,11.52,67127.9,0.6581,4,2.62,21.5,1.1073,291.09,96.457,1.016,1430.9,1,131.712,35.255,393293.6,38.196
TRIP-3964,VESSEL-004,Feeder Container,22000,18500,9800,180.0,Hydrogen,2.98,2800.0,0.08,1128.5,14.12,13425.4,0.7257,4,2.86,31.1,1.1217,79.92,32.996,1.032,890.7,1,44.977,11.981,137235.6,13.043
TRIP-3965,VESSEL-004,Feeder Container,22000,18500,9800,180.0,Methanol,0.5,950.0,0.35,2898.9,13.15,16167.6,0.8739,2,1.03,18.4,1.0526,220.45,452.629,1.032,928.8,1,596.643,144.014,578110.85,745.804
TRIP-3966,VESSEL-003,Capesize Bulk,180000,170000,21000,162.0,Ammonia,0.46,1100.0,0.15,3409.3,15.31,147354.0,0.8668,1,0.83,8.8,1.0132,222.68,1545.015,1.048,1777.0,1,1772.108,227.093,1984318.8,956.938
TRIP-3967,VESSEL-001,Handysize Bulk,35000,32000,7200,175.0,Methanol,0.5,950.0,0.35,2855.5,9.73,22006.4,0.6877,5,2.34,35.9,1.1539,293.47,169.61,1.064,706.0,1,298.951,129.341,297253.45,373.689
TRIP-3968,VESSEL-005,Neo-Panamax Green,110000,102000,16500,158.0,Hydrogen,2.98,2800.0,0.08,718.3,14.49,69076.1,0.6772,3,0.94,14.5,1.0717,49.57,32.84,1.016,1408.7,1,40.718,7.878,138510.4,11.808
TRIP-3969,VESSEL-004,Feeder Container,22000,18500,9800,180.0,HFO,1.0,620.0,1.0,1229.7,12.93,10974.9,0.5932,7,5.48,49.1,1.2236,95.1,87.197,1.032,890.9,1,129.931,42.734,91857.22,465.153
TRIP-3970,VESSEL-001,Handysize Bulk,35000,32000,7200,175.0,HFO,1.0,620.0,1.0,3196.0,13.5,21798.9,0.6812,2,1.72,9.0,1.0385,236.74,182.437,1.064,725.4,1,225.706,43.269,153187.72,808.027
TRIP-3971,VESSEL-003,Capesize Bulk,180000,170000,21000,162.0,Ammonia,0.46,1100.0,0.15,3395.0,11.86,104268.2,0.6133,2,0.9,9.4,1.0391,286.26,867.84,1.048,1772.7,1,1206.053,338.213,1361658.3,651.269
TRIP-3972,VESSEL-002,Panamax Bulk,75000,70000,12500,168.0,Ammonia,0.46,1100.0,0.15,1921.1,13.37,36812.7,0.5259,2,0.76,12.8,1.0442,143.69,376.145,1.04,1139.8,1,463.58,87.435,529188.0,250.333
TRIP-3973,VESSEL-005,Neo-Panamax Green,110000,102000,16500,158.0,LNG,1.15,780.0,0.78,3434.3,11.36,68886.1,0.6754,3,1.54,23.4,1.0851,302.32,249.98,1.016,1413.0,1,346.042,96.062,294412.76,965.457
TRIP-3974,VESSEL-002,Panamax Bulk,75000,70000,12500,168.0,LNG,1.15,780.0,0.78,2408.5,11.24,43636.6,0.6234,3,2.45,23.1,1.0847,214.28,136.63,1.04,1081.0,1,195.37,58.74,171638.6,545.082
TRIP-3975,VESSEL-001,Handysize Bulk,35000,32000,7200,175.0,Methanol,0.5,950.0,0.35,3941.1,11.18,28325.0,0.8852,1,0.35,9.4,1.0141,352.51,323.763,1.064,649.6,0,441.483,117.72,437158.85,551.854
TRIP-3976,VESSEL-005,Neo-Panamax Green,110000,102000,16500,158.0,Methanol,0.5,950.0,0.35,2183.2,11.18,74208.3,0.7275,3,2.53,18.8,1.0782,195.28,358.525,1.016,1417.6,1,508.67,150.145,507736.5,635.837
TRIP-3977,VESSEL-002,Panamax Bulk,75000,70000,12500,168.0,Methanol,0.5,950.0,0.35,2343.5,12.16,38292.7,0.547,3,2.31,13.7,1.0706,192.72,351.064,1.04,1058.3,1,481.192,130.128,476382.4,601.49
TRIP-3978,VESSEL-002,Panamax Bulk,75000,70000,12500,168.0,HFO,1.0,620.0,1.0,1528.4,14.83,61143.1,0.8735,2,0.96,10.5,1.0407,103.06,184.379,1.04,1112.3,1,220.633,36.254,156042.46,789.866
TRIP-3979,VESSEL-001,Handysize Bulk,35000,32000,7200,175.0,HFO,1.0,620.0,1.0,2104.4,10.04,27670.7,0.8647,3,2.69,16.0,1.074,209.6,69.382,1.064,665.4,0,108.508,39.126,85024.96,388.459
TRIP-3980,VESSEL-002,Panamax Bulk,75000,70000,12500,168.0,HFO,1.0,620.0,1.0,1064.5,14.69,57689.2,0.8241,1,0.53,9.4,1.0141,72.46,124.541,1.04,1078.3,1,147.878,23.337,110934.36,529.403
TRIP-3981,VESSEL-003,Capesize Bulk,180000,170000,21000,162.0,LNG,1.15,780.0,0.78,818.8,15.38,148283.5,0.8723,3,2.67,18.4,1.0776,53.24,149.988,1.048,1823.3,1,185.548,35.56,179727.44,517.679
TRIP-3982,VESSEL-004,Feeder Container,22000,18500,9800,180.0,HFO,1.0,620.0,1.0,2230.0,12.12,9800.4,0.5298,2,1.01,9.1,1.0386,183.99,136.916,1.032,877.0,1,179.431,42.515,122547.22,642.363
TRIP-3983,VESSEL-004,Feeder Container,22000,18500,9800,180.0,Hydrogen,2.98,2800.0,0.08,1977.9,16.67,8106.9,0.4382,1,0.52,8.9,1.0133,118.65,75.449,1.032,890.9,0,88.032,12.583,262289.6,25.529
TRIP-3984,VESSEL-003,Capesize Bulk,180000,170000,21000,162.0,Ammonia,0.46,1100.0,0.15,2091.8,11.1,163846.9,0.9638,1,0.73,7.9,1.0118,188.45,509.757,1.048,1818.1,1,673.1,163.343,775410.0,363.474
TRIP-3985,VESSEL-001,Handysize Bulk,35000,32000,7200,175.0,Methanol,0.5,950.0,0.35,3432.4,13.22,19943.4,0.6232,1,0.76,9.1,1.0136,259.64,370.525,1.064,682.7,1,460.298,89.773,450533.1,575.372
TRIP-3986,VESSEL-002,Panamax Bulk,75000,70000,12500,168.0,Methanol,0.5,950.0,0.35,3083.6,11.87,68490.5,0.9784,4,2.29,29.8,1.1197,259.78,488.362,1.04,1140.8,1,678.463,190.101,663789.85,848.079
TRIP-3987,VESSEL-002,Panamax Bulk,75000,70000,12500,168.0,LNG,1.15,780.0,0.78,4180.8,11.24,35658.4,0.5094,2,0.7,11.4,1.0421,371.96,230.44,1.04,1090.5,1,324.785,94.345,272582.3,906.15
TRIP-3988,VESSEL-003,Capesize Bulk,180000,170000,21000,162.0,Ammonia,0.46,1100.0,0.15,2363.0,10.84,110499.0,0.65,2,0.8,15.8,1.0487,217.99,509.266,1.048,1757.7,1,738.637,229.371,847500.7,398.864
TRIP-3989,VESSEL-004,Feeder Container,22000,18500,9800,180.0,Hydrogen,2.98,2800.0,0.08,2023.5,14.54,10528.1,0.5691,4,3.32,24.6,1.1119,139.17,60.553,1.032,895.0,0,76.8,16.247,230840.0,22.272
TRIP-3990,VESSEL-004,Feeder Container,22000,18500,9800,180.0,Hydrogen,2.98,2800.0,0.08,4130.3,12.86,9947.9,0.5377,5,2.08,25.5,1.1382,321.17,95.984,1.032,844.9,1,127.141,31.157,367294.8,36.871
TRIP-3991,VESSEL-001,Handysize Bulk,35000,32000,7200,175.0,Methanol,0.5,950.0,0.35,3267.4,12.04,25612.2,0.8004,2,1.72,13.8,1.0457,271.38,305.237,1.064,635.2,0,422.767,117.53,419378.65,528.459
TRIP-3992,VESSEL-001,Handysize Bulk,35000,32000,7200,175.0,LNG,1.15,780.0,0.78,2877.8,13.85,27255.4,0.8517,3,1.36,18.4,1.0776,207.78,156.532,1.064,655.3,1,194.537,38.005,164988.86,542.758
TRIP-3993,VESSEL-004,Feeder Container,22000,18500,9800,180.0,HFO,1.0,620.0,1.0,2632.5,11.91,7623.9,0.4121,3,0.91,16.9,1.0754,221.03,151.802,1.032,846.7,0,204.839,53.037,142800.18,733.324
TRIP-3994,VESSEL-005,Neo-Panamax Green,110000,102000,16500,158.0,LNG,1.15,780.0,0.78,3847.7,12.5,83138.6,0.8151,3,1.59,19.3,1.079,307.82,350.686,1.016,1430.4,1,462.379,111.693,385155.62,1290.037
TRIP-3995,VESSEL-003,Capesize Bulk,180000,170000,21000,162.0,LNG,1.15,780.0,0.78,3183.1,11.03,142564.6,0.8386,7,5.93,45.8,1.2187,288.59,297.498,1.048,1801.2,0,474.193,176.695,409370.54,1322.998
TRIP-3996,VESSEL-003,Capesize Bulk,180000,170000,21000,162.0,Ammonia,0.46,1100.0,0.15,4110.9,14.21,91962.5,0.541,4,1.94,20.0,1.105,289.3,1481.005,1.048,1793.9,0,1965.829,484.824,2201911.9,1061.548
TRIP-3997,VESSEL-001,Handysize Bulk,35000,32000,7200,175.0,Methanol,0.5,950.0,0.35,1380.7,12.56,26265.2,0.8208,3,2.09,25.2,1.0878,109.93,141.039,1.064,706.3,0,199.079,58.04,206875.05,248.849
TRIP-3998,VESSEL-005,Neo-Panamax Green,110000,102000,16500,158.0,Ammonia,0.46,1100.0,0.15,2579.5,13.62,60647.2,0.5946,4,3.21,28.3,1.1175,189.39,661.409,1.016,1465.2,1,862.821,201.412,973603.1,465.923
TRIP-3999,VESSEL-002,Panamax Bulk,75000,70000,12500,168.0,LNG,1.15,780.0,0.78,2525.1,11.25,39434.1,0.5633,5,4.01,24.6,1.1369,224.45,141.352,1.04,1101.9,1,208.87,67.518,182168.6,582.747
TRIP-4000,VESSEL-001,Handysize Bulk,35000,32000,7200,175.0,HFO,1.0,620.0,1.0,3945.9,13.3,17492.3,0.5466,5,3.38,20.4,1.1306,296.68,211.518,1.064,646.9,1,288.259,76.741,191970.58,1031.967
